{
    "FRB": "FRB20220310F",
    "cosmo": "Planck18",
    "dec": 73.49095694444445,
    "dec_FRB": 73.490833,
    "derived": {
        "AV_old": 0.0401,
        "AV_old_loerr": -0.027,
        "AV_old_ref": "Sharma2024",
        "AV_old_uperr": 0.0607,
        "Mtotal": 14702798319.828363,
        "Mtotal_loerr": -1854901314.8669643,
        "Mtotal_ref": "Sharma2024",
        "Mtotal_uperr": 2595365272.322706,
        "SFR_SED": 0.9706,
        "SFR_SED_loerr": -0.2879,
        "SFR_SED_ref": "Sharma2024",
        "SFR_SED_uperr": 0.3159
    },
    "offsets": {
        "ang_avg": 2.1771155286258366,
        "ang_avg_err": 1.1640176640813238,
        "ang_best": 0.7244659875930531,
        "ang_best_err": 1.861485377690649,
        "physical": 4.44862493156395,
        "physical_err": 11.430557683527837
    },
    "photom": {
        "DECaL_g": 22.054038684395294,
        "DECaL_g_err": 0.04097742630025898,
        "DECaL_g_flux": 0.005475005005146067,
        "DECaL_g_flux_err": 0.00020663547287888502,
        "DECaL_r": 20.844020696686268,
        "DECaL_r_err": 0.02294916393797133,
        "DECaL_r_flux": 0.016687516788050527,
        "DECaL_r_flux_err": 0.0003527233934065353,
        "DECaL_z": 20.280183334964025,
        "DECaL_z_err": 0.021959423412231047,
        "DECaL_z_flux": 0.028049599219039715,
        "DECaL_z_flux_err": 0.0005673137020713931,
        "EBV": 0.0254,
        "GALEX_NUV": 22.543869802588716,
        "GALEX_NUV_err": 0.226373971,
        "GALEX_NUV_flux": 0.0034870010107275074,
        "GALEX_NUV_flux_err": 0.0007270331985063052,
        "Pan-STARRS_g": 22.193716137054263,
        "Pan-STARRS_g_err": 0.1555899977684021,
        "Pan-STARRS_g_flux": 0.004814082620479617,
        "Pan-STARRS_g_flux_err": 0.0006898757735947357,
        "Pan-STARRS_i": 20.6696022280911,
        "Pan-STARRS_i_err": 0.12,
        "Pan-STARRS_i_flux": 0.01959562424444665,
        "Pan-STARRS_i_flux_err": 0.002165788429112427,
        "Pan-STARRS_i_ref": "Sharma2024",
        "Pan-STARRS_r": 21.132948626975644,
        "Pan-STARRS_r_err": 0.08,
        "Pan-STARRS_r_flux": 0.012788527552893666,
        "Pan-STARRS_r_flux_err": 0.0009422935329483705,
        "Pan-STARRS_r_ref": "Sharma2024",
        "Pan-STARRS_z": 20.66987334646533,
        "Pan-STARRS_z_err": 0.01,
        "Pan-STARRS_z_flux": 0.019590731646687037,
        "Pan-STARRS_z_flux_err": 0.00018043730660203308,
        "Pan-STARRS_z_ref": "Sharma2024",
        "WISE_W1": 19.996196746826172,
        "WISE_W1_err": 0.23000000417232513,
        "WISE_W1_flux": 0.03643519803881645,
        "WISE_W1_flux_err": 0.007718353997915983,
        "WISE_W1_ref": "Sharma2024",
        "WISE_W2": 20.477563858032227,
        "WISE_W2_err": 0.36000001430511475,
        "WISE_W2_flux": 0.023386986926198006,
        "WISE_W2_flux_err": 0.007754476275295019,
        "WISE_W2_ref": "Sharma2024"
    },
    "ra": 134.72105791666667,
    "ra_FRB": 134.7205,
    "redshift": {
        "z": 0.478,
        "z_FRB": 0.478,
        "z_spec": 0.478
    }
}