{
    "FRB": "FRB20211212A",
    "cosmo": "Planck18",
    "dec": 1.3609344444444444,
    "dec_FRB": 1.360464,
    "derived": {
        "AV_old": 0.19,
        "AV_old_loerr": 0.03,
        "AV_old_ref": "Gordon2023",
        "AV_old_uperr": 0.04,
        "AV_young": 1.19,
        "AV_young_loerr": 0.27,
        "AV_young_ref": "Gordon2023",
        "AV_young_uperr": 0.26,
        "Mstar": 19054607180.0,
        "Mstar_loerr": 2458738105.0,
        "Mstar_ref": "Gordon2023",
        "Mstar_uperr": 2325013715.0,
        "Mtotal": 30902954325.0,
        "Mtotal_loerr": 3987606286.0,
        "Mtotal_ref": "Gordon2023",
        "Mtotal_uperr": 4578384598.0,
        "SFR_SED": 0.73,
        "SFR_SED_loerr": 0.39,
        "SFR_SED_ref": "Gordon2023",
        "SFR_SED_uperr": 0.62,
        "Z_gas": 1.584893192,
        "Z_gas_loerr": 0.7139296025,
        "Z_gas_ref": "Gordon2023",
        "Z_gas_uperr": 0.7593356229,
        "Z_stellar": 0.1698243652,
        "Z_stellar_loerr": 0.04099941008,
        "Z_stellar_ref": "Gordon2023",
        "Z_stellar_uperr": 0.04895179715,
        "age_mass": 5.83,
        "age_mass_loerr": 1.16,
        "age_mass_ref": "Gordon2023",
        "age_mass_uperr": 1.05,
        "agn_tau": -999.0,
        "agn_tau_loerr": -999.0,
        "agn_tau_ref": "Gordon2023",
        "agn_tau_uperr": -999.0,
        "f_AGN": -999.0,
        "f_AGN_loerr": -999.0,
        "f_AGN_ref": "Gordon2023",
        "f_AGN_uperr": -999.0,
        "lg_sSFR": -10.04,
        "lg_sSFR_loerr": 0.27,
        "lg_sSFR_ref": "Gordon2023",
        "lg_sSFR_uperr": 0.18,
        "z_SED": 0.0707,
        "z_SED_loerr": 0.0,
        "z_SED_ref": "Gordon2023",
        "z_SED_uperr": 0.0
    },
    "offsets": {
        "ang_avg": 2.0405192732219164,
        "ang_avg_err": 0.7192579670166411,
        "ang_best": 1.9186103348249153,
        "ang_best_err": 0.7295161494977314,
        "physical": 2.675978478347744,
        "physical_err": 1.017491400014371
    },
    "photom": {
        "2MASS_H": 15.885469821461669,
        "2MASS_H_err": 0.0347,
        "2MASS_H_flux": 1.6062460242146437,
        "2MASS_H_flux_err": 0.052164578654615365,
        "2MASS_H_ref": "Gordon2023",
        "2MASS_J": 15.869342305975177,
        "2MASS_J_err": 0.0328,
        "2MASS_J_flux": 1.6302832702671661,
        "2MASS_J_flux_err": 0.05000219970055508,
        "2MASS_J_ref": "Gordon2023",
        "2MASS_K": 15.377290125175762,
        "2MASS_K_err": 0.0258,
        "2MASS_K_flux": 2.56497977025965,
        "2MASS_K_flux_err": 0.061680736122611914,
        "2MASS_K_ref": "Gordon2023",
        "DECaL_g": 17.094538742039568,
        "DECaL_g_err": 0.001495462279269377,
        "DECaL_g_flux": 0.5274538873975756,
        "DECaL_g_flux_err": 0.0007270005968232356,
        "DECaL_r": 16.518687602109193,
        "DECaL_r_err": 0.0012226135279650172,
        "DECaL_r_flux": 0.8964476920626989,
        "DECaL_r_flux_err": 0.00101003023852387,
        "DECaL_z": 16.0987699769053,
        "DECaL_z_err": 0.0012441398339835008,
        "DECaL_z_flux": 1.3197510115049667,
        "DECaL_z_flux_err": 0.001513163059868519,
        "DELVE_g": 17.121711136534913,
        "DELVE_g_err": 0.002768,
        "DELVE_g_flux": 0.514417269288171,
        "DELVE_g_flux_err": 0.0013131399769629657,
        "DELVE_i": 16.324381050769272,
        "DELVE_i_err": 0.00385,
        "DELVE_i_flux": 1.072130309853968,
        "DELVE_i_flux_err": 0.003808502202231201,
        "DELVE_r": 16.558966989961057,
        "DELVE_r_err": 0.001998,
        "DELVE_r_flux": 0.8637999972121724,
        "DELVE_r_flux_err": 0.0015910507165840689,
        "DELVE_z": 16.152034822309385,
        "DELVE_z_err": 0.003588,
        "DELVE_z_flux": 1.2565682015966784,
        "DELVE_z_flux_err": 0.004159412353941486,
        "EBV": 0.0375,
        "GMOS_S_z": 15.983348241668708,
        "GMOS_S_z_err": 0.0266,
        "GMOS_S_z_flux": 1.4677790940013276,
        "GMOS_S_z_flux_err": 0.03640398071921761,
        "GMOS_S_z_ref": "Gordon2023",
        "Pan-STARRS_g": 17.11201243348706,
        "Pan-STARRS_g_err": 0.005880999844521284,
        "Pan-STARRS_g_flux": 0.5190330595513307,
        "Pan-STARRS_g_flux_err": 0.0028190228734338925,
        "Pan-STARRS_i": 16.340704540630988,
        "Pan-STARRS_i_err": 0.003212000010535121,
        "Pan-STARRS_i_flux": 1.0561319426731117,
        "Pan-STARRS_i_flux_err": 0.0031290460485013426,
        "Pan-STARRS_r": 16.679068467070508,
        "Pan-STARRS_r_err": 0.0034489999525249004,
        "Pan-STARRS_r_flux": 0.7733437989020622,
        "Pan-STARRS_r_flux_err": 0.0024605458293511166,
        "Pan-STARRS_y": 16.073622110513814,
        "Pan-STARRS_y_err": 0.008747000247240067,
        "Pan-STARRS_y_flux": 1.350675897625893,
        "Pan-STARRS_y_flux_err": 0.010925379802855401,
        "Pan-STARRS_z": 16.24425348521122,
        "Pan-STARRS_z_err": 0.00392200006172061,
        "Pan-STARRS_z_flux": 1.1542465900648085,
        "Pan-STARRS_z_flux_err": 0.004177019594343031,
        "SDSS_u": 18.29798228029988,
        "SDSS_u_err": 0.026,
        "SDSS_u_flux": 0.17410333176893852,
        "SDSS_u_flux_err": 0.004219553397030933,
        "SDSS_u_ref": "Gordon2023",
        "SOAR_g": 16.875801057958764,
        "SOAR_g_err": 0.01081184998,
        "SOAR_g_flux": 0.645178031493685,
        "SOAR_g_flux_err": 0.006456831106421598,
        "SOAR_g_ref": "Gordon2023",
        "SOAR_i": 16.14055886790707,
        "SOAR_i_err": 0.009453528918,
        "SOAR_i_flux": 1.2699202461210506,
        "SOAR_i_flux_err": 0.011105501160676174,
        "SOAR_i_ref": "Gordon2023",
        "SOAR_r": 16.437991440406947,
        "SOAR_r_err": 0.01076046467,
        "SOAR_r_flux": 0.9656136984115244,
        "SOAR_r_flux_err": 0.009617539848580627,
        "SOAR_r_ref": "Gordon2023",
        "WISE_W1": 16.7185034691115,
        "WISE_W1_err": 0.016,
        "WISE_W1_flux": 0.7457591775782223,
        "WISE_W1_flux_err": 0.011071289293826343,
        "WISE_W1_ref": "Gordon2023",
        "WISE_W2": 17.222376793297588,
        "WISE_W2_err": 0.031,
        "WISE_W2_flux": 0.4688665788056888,
        "WISE_W2_flux_err": 0.013580051052770199,
        "WISE_W2_ref": "Gordon2023",
        "WISE_W3": 15.887219133062857,
        "WISE_W3_err": 0.054,
        "WISE_W3_flux": 1.6036601636281456,
        "WISE_W3_flux_err": 0.08177612778540855,
        "WISE_W3_ref": "Gordon2023",
        "WISE_W4": 14.2156982421875,
        "WISE_W4_err": -999.0,
        "WISE_W4_flux": 7.4768853187561035,
        "WISE_W4_flux_err": -99.0
    },
    "ra": 157.35091749999995,
    "ra_FRB": 157.350667,
    "redshift": {
        "z": 0.0707,
        "z_FRB": 0.0707,
        "z_spec": 0.0707
    }
}