{
    "FRB": "FRB20211212A",
    "cosmo": "Planck18",
    "dec": 1.3609344444444444,
    "dec_FRB": 1.360430598,
    "derived": {
        "AV_old": 0.19,
        "AV_old_loerr": 0.03,
        "AV_old_ref": "Gordon2023",
        "AV_old_uperr": 0.04,
        "AV_young": 1.19,
        "AV_young_loerr": 0.27,
        "AV_young_ref": "Gordon2023",
        "AV_young_uperr": 0.26,
        "Mstar": 19054607180.0,
        "Mstar_loerr": 2458738105.0,
        "Mstar_ref": "Gordon2023",
        "Mstar_uperr": 2325013715.0,
        "Mtotal": 30902954325.0,
        "Mtotal_loerr": 3987606286.0,
        "Mtotal_ref": "Gordon2023",
        "Mtotal_uperr": 4578384598.0,
        "SFR_SED": 0.73,
        "SFR_SED_loerr": 0.39,
        "SFR_SED_ref": "Gordon2023",
        "SFR_SED_uperr": 0.62,
        "Z_gas": 1.584893192,
        "Z_gas_loerr": 0.7139296025,
        "Z_gas_ref": "Gordon2023",
        "Z_gas_uperr": 0.7593356229,
        "Z_stellar": 0.1698243652,
        "Z_stellar_loerr": 0.04099941008,
        "Z_stellar_ref": "Gordon2023",
        "Z_stellar_uperr": 0.04895179715,
        "age_mass": 5.83,
        "age_mass_loerr": 1.16,
        "age_mass_ref": "Gordon2023",
        "age_mass_uperr": 1.05,
        "agn_tau": -999.0,
        "agn_tau_loerr": -999.0,
        "agn_tau_ref": "Gordon2023",
        "agn_tau_uperr": -999.0,
        "f_AGN": -999.0,
        "f_AGN_loerr": -999.0,
        "f_AGN_ref": "Gordon2023",
        "f_AGN_uperr": -999.0,
        "lg_sSFR": -10.04,
        "lg_sSFR_loerr": 0.27,
        "lg_sSFR_ref": "Gordon2023",
        "lg_sSFR_uperr": 0.18,
        "z_SED": 0.0707,
        "z_SED_loerr": 0.0,
        "z_SED_ref": "Gordon2023",
        "z_SED_uperr": 0.0
    },
    "morphology": {
        "PA": -42.138296003024706,
        "amp": 62837.47874185146,
        "b/a": 0.7627043804489103,
        "dec": 1.3608316662462991,
        "n": 1.9357248577462867,
        "phi_G": -0.7354520064327476,
        "q": 0.7627043804489103,
        "ra": 157.3509194654402,
        "reff_ang": 2.3621872563335504,
        "reff_ang_err": 0.009,
        "reff_kpc": 3.2946566298741065,
        "reff_kpc_err": 0.012552734585018007
    },
    "offsets": {
        "ang_avg": 1.9366311127199403,
        "ang_avg_err": 0.48051814578385743,
        "ang_best": 1.8761248721246764,
        "ang_best_err": 0.4843125990293132,
        "physical": 2.616721952014657,
        "physical_err": 0.6754941679772465
    },
    "photom": {
        "2MASS_H": 15.882989436068621,
        "2MASS_H_err": 0.0347,
        "2MASS_H_flux": 1.6099197190895393,
        "2MASS_H_flux_err": 0.05145284278776717,
        "2MASS_H_ref": "Gordon2023",
        "2MASS_J": 15.866509414921758,
        "2MASS_J_err": 0.0328,
        "2MASS_J_flux": 1.6345425417855621,
        "2MASS_J_flux_err": 0.04937939357241003,
        "2MASS_J_ref": "Gordon2023",
        "2MASS_K": 15.37528088762827,
        "2MASS_K_err": 0.0258,
        "2MASS_K_flux": 2.5697308554658096,
        "2MASS_K_flux_err": 0.06106368727548088,
        "2MASS_K_ref": "Gordon2023",
        "DECaL_g": 17.01488145362286,
        "DECaL_g_err": 0.0006637112148527864,
        "DECaL_g_flux": 0.5676065688331338,
        "DECaL_g_flux_err": 0.00034697824730141026,
        "DECaL_r": 16.45382683948815,
        "DECaL_r_err": 0.000838688617177974,
        "DECaL_r_flux": 0.9516324844976793,
        "DECaL_r_flux_err": 0.0007350987551002752,
        "DECaL_z": 16.0381224186044,
        "DECaL_z_err": 0.0012414559121356444,
        "DECaL_z_flux": 1.3955680778233246,
        "DECaL_z_flux_err": 0.0015957248486408373,
        "DELVE_g": 17.124014465068345,
        "DELVE_g_err": 0.002768,
        "DELVE_g_flux": 0.5133271186256215,
        "DELVE_g_flux_err": 0.0013086875597671107,
        "DELVE_i": 16.320661432267087,
        "DELVE_i_err": 0.00385,
        "DELVE_i_flux": 1.0758096148436285,
        "DELVE_i_flux_err": 0.003814800500339452,
        "DELVE_r": 16.557616268366097,
        "DELVE_r_err": 0.001998,
        "DELVE_r_flux": 0.8648752854468184,
        "DELVE_r_flux_err": 0.0015915659925033966,
        "DELVE_z": 16.147966137501744,
        "DELVE_z_err": 0.003588,
        "DELVE_z_flux": 1.2612858957660698,
        "DELVE_z_flux_err": 0.004168133819408562,
        "EBV": 0.0375,
        "GMOS_S_z": 15.979375071048956,
        "GMOS_S_z_err": 0.0266,
        "GMOS_S_z_flux": 1.4731601618679953,
        "GMOS_S_z_flux_err": 0.036091695325217776,
        "GMOS_S_z_ref": "Gordon2023",
        "Pan-STARRS_g": 17.114303890926333,
        "Pan-STARRS_g_err": 0.005880999844521284,
        "Pan-STARRS_g_flux": 0.517938790074675,
        "Pan-STARRS_g_flux_err": 0.002805467783566512,
        "Pan-STARRS_i": 16.337298184561753,
        "Pan-STARRS_i_err": 0.003212000010535121,
        "Pan-STARRS_i_flux": 1.0594506224629254,
        "Pan-STARRS_i_flux_err": 0.0031342377601476746,
        "Pan-STARRS_r": 16.67841640208592,
        "Pan-STARRS_r_err": 0.0034489999525249004,
        "Pan-STARRS_r_flux": 0.773808388612051,
        "Pan-STARRS_r_flux_err": 0.0024581155937236886,
        "Pan-STARRS_y": 16.069910883338814,
        "Pan-STARRS_y_err": 0.008747000247240067,
        "Pan-STARRS_y_flux": 1.3553006323501458,
        "Pan-STARRS_y_flux_err": 0.010918688088597223,
        "Pan-STARRS_z": 16.23995977207069,
        "Pan-STARRS_z_err": 0.00392200006172061,
        "Pan-STARRS_z_flux": 1.1588202759243438,
        "Pan-STARRS_z_flux_err": 0.004186001326823987,
        "SDSS_g": 17.1018851,
        "SDSS_g_err": 0.00615175,
        "SDSS_g_flux": 0.5238970515662389,
        "SDSS_g_flux_err": 0.002968385573630728,
        "SDSS_i": 16.2539278,
        "SDSS_i_err": 0.005601191,
        "SDSS_i_flux": 1.1440075069443736,
        "SDSS_i_flux_err": 0.005901806095944582,
        "SDSS_r": 16.58770146,
        "SDSS_r_err": 0.005349151,
        "SDSS_r_flux": 0.8412390229314507,
        "SDSS_r_flux_err": 0.004144574474934491,
        "SDSS_u": 18.294507,
        "SDSS_u_err": 0.026,
        "SDSS_u_flux": 0.17466150350585447,
        "SDSS_u_flux_err": 0.00418259893264208,
        "SDSS_u_ref": "Gordon2023",
        "SDSS_z": 16.08845281,
        "SDSS_z_err": 0.01548866,
        "SDSS_z_flux": 1.3323516690098447,
        "SDSS_z_flux_err": 0.019006773386840498,
        "SOAR_g": 16.87799961260462,
        "SOAR_g_err": 0.01081184998,
        "SOAR_g_flux": 0.6438729041788941,
        "SOAR_g_flux_err": 0.006411739072217757,
        "SOAR_g_ref": "Gordon2023",
        "SOAR_i": 16.136971152821296,
        "SOAR_i_err": 0.009453528918,
        "SOAR_i_flux": 1.2741235212157682,
        "SOAR_i_flux_err": 0.011093821409041546,
        "SOAR_i_ref": "Gordon2023",
        "SOAR_r": 16.437151606027236,
        "SOAR_r_err": 0.01076046467,
        "SOAR_r_flux": 0.9663609050556012,
        "SOAR_r_flux_err": 0.00957736541505172,
        "SOAR_r_ref": "Gordon2023",
        "VLT_FORS2_I": 16.14380171358671,
        "VLT_FORS2_I_err": 0.0052388075430592,
        "VLT_FORS2_I_flux": 1.2661329435609447,
        "VLT_FORS2_I_flux_err": 0.00610924346648316,
        "VLT_FORS2_I_ref": "Shannon2024",
        "VLT_FORS2_g": 17.043377482917712,
        "VLT_FORS2_g_err": 0.0064631685238442,
        "VLT_FORS2_g_flux": 0.5529030696908311,
        "VLT_FORS2_g_flux_err": 0.003291320397258641,
        "VLT_FORS2_g_ref": "Shannon2024",
        "WISE_W1": 16.71738468606824,
        "WISE_W1_err": 0.016,
        "WISE_W1_flux": 0.7465280316840147,
        "WISE_W1_flux_err": 0.011001243630449914,
        "WISE_W1_ref": "Gordon2023",
        "WISE_W2": 17.22140442935876,
        "WISE_W2_err": 0.031,
        "WISE_W2_flux": 0.4692866745562472,
        "WISE_W2_flux_err": 0.013399099014557141,
        "WISE_W2_ref": "Gordon2023",
        "WISE_W3": 15.883138843012823,
        "WISE_W3_err": 0.054,
        "WISE_W3_flux": 1.6096981950806764,
        "WISE_W3_flux_err": 0.08005968867338323,
        "WISE_W3_ref": "Gordon2023",
        "WISE_W4": 14.21166706085205,