{
    "FRB": "FRB20220105A",
    "cosmo": "Planck18",
    "dec": 22.466511666666666,
    "dec_FRB": 22.466228485,
    "derived": {
        "AV_old": 0.76,
        "AV_old_loerr": 0.17,
        "AV_old_ref": "Gordon2023",
        "AV_old_uperr": 0.15,
        "AV_young": 1.15,
        "AV_young_loerr": 0.28,
        "AV_young_ref": "Gordon2023",
        "AV_young_uperr": 0.26,
        "Mstar": 10232929923.0,
        "Mstar_loerr": 1523294023.0,
        "Mstar_ref": "Gordon2023",
        "Mstar_uperr": 1248606292.0,
        "Mtotal": 16595869074.0,
        "Mtotal_loerr": 2470493628.0,
        "Mtotal_ref": "Gordon2023",
        "Mtotal_uperr": 2458738105.0,
        "SFR_SED": 0.42,
        "SFR_SED_loerr": 0.19,
        "SFR_SED_ref": "Gordon2023",
        "SFR_SED_uperr": 0.31,
        "Z_gas": 0.7244359601,
        "Z_gas_loerr": 0.1874041637,
        "Z_gas_ref": "Gordon2023",
        "Z_gas_uperr": 0.2528012609,
        "Z_stellar": 0.1548816619,
        "Z_stellar_loerr": 0.04267981646,
        "Z_stellar_ref": "Gordon2023",
        "Z_stellar_uperr": 0.06899045197,
        "age_mass": 5.67,
        "age_mass_loerr": 1.24,
        "age_mass_ref": "Gordon2023",
        "age_mass_uperr": 0.73,
        "agn_tau": 23.28,
        "agn_tau_loerr": 14.36,
        "agn_tau_ref": "Gordon2023",
        "agn_tau_uperr": 46.47,
        "f_AGN": 0.04570881896,
        "f_AGN_loerr": 0.04542041581,
        "f_AGN_ref": "Gordon2023",
        "f_AGN_uperr": 0.9092837671,
        "lg_sSFR": -10.27,
        "lg_sSFR_loerr": 0.27,
        "lg_sSFR_ref": "Gordon2023",
        "lg_sSFR_uperr": 0.24,
        "z_SED": 0.2784,
        "z_SED_loerr": 0.0,
        "z_SED_ref": "Gordon2023",
        "z_SED_uperr": 0.0
    },
    "offsets": {
        "ang_avg": 2.539015838690807,
        "ang_avg_err": 0.8784398157268357,
        "ang_best": 2.0619901830568756,
        "ang_best_err": 0.9996049149474916,
        "physical": 8.998995190228712,
        "physical_err": 4.362503709113604
    },
    "photom": {
        "DECaL_g": 22.144852055071215,
        "DECaL_g_err": 0.02037671978520935,
        "DECaL_g_flux": 0.005035692150051821,
        "DECaL_g_flux_err": 9.450812031182388e-05,
        "DECaL_r": 21.152408879369336,
        "DECaL_r_err": 0.01758211182119412,
        "DECaL_r_flux": 0.012561353641841772,
        "DECaL_r_flux_err": 0.0002034150868217811,
        "DECaL_z": 20.479805017891245,
        "DECaL_z_err": 0.01875889375665793,
        "DECaL_z_flux": 0.023338771236855616,
        "DECaL_z_flux_err": 0.0004032374789792054,
        "DELVE_g": 22.29239084671026,
        "DELVE_g_err": 0.063697,
        "DELVE_g_flux": 0.004395858007145489,
        "DELVE_g_flux_err": 0.00025789226356647357,
        "DELVE_i": 98,
        "DELVE_i_err": 99,
        "DELVE_i_flux": 0,
        "DELVE_i_flux_err": 0,
        "DELVE_r": 21.262538355568882,
        "DELVE_r_err": 0.061252,
        "DELVE_r_flux": 0.011349707051869124,
        "DELVE_r_flux_err": 0.0006402957304863535,
        "DELVE_z": 20.60015798092462,
        "DELVE_z_err": 0.063599,
        "DELVE_z_flux": 0.020889921208017647,
        "DELVE_z_flux_err": 0.0012236656501702298,
        "EBV": 0.0195,
        "Pan-STARRS_g": 22.472489214957236,
        "Pan-STARRS_g_err": 0.2294,
        "Pan-STARRS_g_flux": 0.0037239540049303008,
        "Pan-STARRS_g_flux_err": 0.0007868163970099151,
        "Pan-STARRS_g_ref": "Gordon2023",
        "Pan-STARRS_i": 21.066607516874676,
        "Pan-STARRS_i_err": 0.1089,
        "Pan-STARRS_i_flux": 0.013594304313740611,
        "Pan-STARRS_i_flux_err": 0.0013635169696640513,
        "Pan-STARRS_i_ref": "Gordon2023",
        "Pan-STARRS_r": 21.25182088763585,
        "Pan-STARRS_r_err": 0.0819,
        "Pan-STARRS_r_flux": 0.011462296523662607,
        "Pan-STARRS_r_flux_err": 0.0008646318333808315,
        "Pan-STARRS_r_ref": "Gordon2023",
        "Pan-STARRS_y": 20.146223864029096,
        "Pan-STARRS_y_err": 0.1395989954471588,
        "Pan-STARRS_y_flux": 0.031732950091615884,
        "Pan-STARRS_y_flux_err": 0.00408007758786238,
        "Pan-STARRS_z": 20.856593316392033,
        "Pan-STARRS_z_err": 0.07839000225067139,
        "Pan-STARRS_z_flux": 0.01649539302806441,
        "Pan-STARRS_z_flux_err": 0.0011909650713763731,
        "SDSS_g": 22.79910814,
        "SDSS_g_err": 0.1797269,
        "SDSS_g_flux": 0.002756492012083209,
        "SDSS_g_flux_err": 0.00045629478139843553,
        "SDSS_i": 21.01900375,
        "SDSS_i_err": 0.07854554,
        "SDSS_i_flux": 0.014203601996285198,
        "SDSS_i_flux_err": 0.001027532824137359,
        "SDSS_r": 21.414491729999998,
        "SDSS_r_err": 0.07905343,
        "SDSS_r_flux": 0.00986741291686829,
        "SDSS_r_flux_err": 0.0007184552130492105,
        "SDSS_u": 23.442905550000003,
        "SDSS_u_err": 0.6992536,
        "SDSS_u_flux": 0.0015234835677433783,
        "SDSS_u_flux_err": 0.0009811788209850838,
        "SDSS_z": 20.454676109999998,
        "SDSS_z_err": 0.1746509,
        "SDSS_z_flux": 0.023885236746432566,
        "SDSS_z_flux_err": 0.003842165413841777,
        "SOAR_z": 20.47635203682161,
        "SOAR_z_err": 0.01154679246,
        "SOAR_z_flux": 0.02341311399059545,
        "SOAR_z_flux_err": 0.00024899820684523766,
        "SOAR_z_ref": "Gordon2023",
        "VLT_FORS2_R": 21.27004170890595,
        "VLT_FORS2_R_err": 0.0045625078693445,
        "VLT_FORS2_R_flux": 0.011271541405454541,
        "VLT_FORS2_R_flux_err": 4.736555356324794e-05,
        "VLT_FORS2_R_ref": "Shannon2024",
        "VLT_HAWKI_Ks": 19.05368551974895,
        "VLT_HAWKI_Ks_err": 0.0847088323140636,
        "VLT_HAWKI_Ks_flux": 0.08680121143010591,
        "VLT_HAWKI_Ks_flux_err": 0.006772206021561582,
        "VLT_HAWKI_Ks_ref": "Shannon2024",
        "WISE_W1": 19.036287307739258,
        "WISE_W1_err": 0.2329999953508377,
        "WISE_W1_flux": 0.08820337057113647,
        "WISE_W1_flux_err": 0.0189285259693861,
        "WISE_W2": 18.99965476989746,
        "WISE_W2_err": 999.0,
        "WISE_W2_flux": 0.09123004227876663,
        "WISE_W2_flux_err": -99.0,
        "WISE_W3": 16.478713989257812,
        "WISE_W3_err": 999.0,
        "WISE_W3_flux": 0.9300675392150879,
        "WISE_W3_flux_err": -99.0,
        "WISE_W4": 14.499792098999023,
        "WISE_W4_err": 999.0,
        "WISE_W4_flux": 5.755502700805664,
        "WISE_W4_flux_err": -99.0
    },
    "ra": 208.80389874999997,
    "ra_FRB": 208.803359985,
    "redshift": {
        "z": 0.2785,
        "z_FRB": 0.2785,
        "z_spec": 0.2785
    }
}