{
    "FRB": "FRB20220105A",
    "cosmo": "Planck18",
    "dec": 22.466511666666666,
    "dec_FRB": 22.466056,
    "derived": {
        "AV_old": 0.76,
        "AV_old_loerr": 0.17,
        "AV_old_ref": "Gordon2023",
        "AV_old_uperr": 0.15,
        "AV_young": 1.15,
        "AV_young_loerr": 0.28,
        "AV_young_ref": "Gordon2023",
        "AV_young_uperr": 0.26,
        "Mstar": 10232929923.0,
        "Mstar_loerr": 1523294023.0,
        "Mstar_ref": "Gordon2023",
        "Mstar_uperr": 1248606292.0,
        "Mtotal": 16595869074.0,
        "Mtotal_loerr": 2470493628.0,
        "Mtotal_ref": "Gordon2023",
        "Mtotal_uperr": 2458738105.0,
        "SFR_SED": 0.42,
        "SFR_SED_loerr": 0.19,
        "SFR_SED_ref": "Gordon2023",
        "SFR_SED_uperr": 0.31,
        "Z_gas": 0.7244359601,
        "Z_gas_loerr": 0.1874041637,
        "Z_gas_ref": "Gordon2023",
        "Z_gas_uperr": 0.2528012609,
        "Z_stellar": 0.1548816619,
        "Z_stellar_loerr": 0.04267981646,
        "Z_stellar_ref": "Gordon2023",
        "Z_stellar_uperr": 0.06899045197,
        "age_mass": 5.67,
        "age_mass_loerr": 1.24,
        "age_mass_ref": "Gordon2023",
        "age_mass_uperr": 0.73,
        "agn_tau": 23.28,
        "agn_tau_loerr": 14.36,
        "agn_tau_ref": "Gordon2023",
        "agn_tau_uperr": 46.47,
        "f_AGN": 0.04570881896,
        "f_AGN_loerr": 0.04542041581,
        "f_AGN_ref": "Gordon2023",
        "f_AGN_uperr": 0.9092837671,
        "lg_sSFR": -10.27,
        "lg_sSFR_loerr": 0.27,
        "lg_sSFR_ref": "Gordon2023",
        "lg_sSFR_uperr": 0.24,
        "z_SED": 0.2784,
        "z_SED_loerr": 0.0,
        "z_SED_ref": "Gordon2023",
        "z_SED_uperr": 0.0
    },
    "offsets": {
        "ang_avg": 2.283259600719994,
        "ang_avg_err": 0.9726475948230922,
        "ang_best": 1.9363246498004856,
        "ang_best_err": 1.032669939469851,
        "physical": 8.450562157596478,
        "physical_err": 4.506807013312846
    },
    "photom": {
        "DECaL_g": 22.173056414089753,
        "DECaL_g_err": 0.02118225134907078,
        "DECaL_g_flux": 0.00490656355499835,
        "DECaL_g_flux_err": 9.666484605238331e-05,
        "DECaL_r": 21.16706962384175,
        "DECaL_r_err": 0.01742263224066336,
        "DECaL_r_flux": 0.012392877155149393,
        "DECaL_r_flux_err": 0.00020047064164892928,
        "DECaL_z": 20.486243111471033,
        "DECaL_z_err": 0.019047858551049728,
        "DECaL_z_flux": 0.02320078874944051,
        "DECaL_z_flux_err": 0.0004106196498156517,
        "DELVE_g": 22.291194354698806,
        "DELVE_g_err": 0.063697,
        "DELVE_g_flux": 0.004400704956249095,
        "DELVE_g_flux_err": 0.00026590015534521045,
        "DELVE_i": 98,
        "DELVE_i_err": 99,
        "DELVE_i_flux": 0,
        "DELVE_i_flux_err": 0,
        "DELVE_r": 21.263237860937824,
        "DELVE_r_err": 0.061252,
        "DELVE_r_flux": 0.011342397150944856,
        "DELVE_r_flux_err": 0.0006582771718896555,
        "DELVE_z": 20.602274024301554,
        "DELVE_z_err": 0.063599,
        "DELVE_z_flux": 0.020849247486753104,
        "DELVE_z_flux_err": 0.001257761336369126,
        "EBV": 0.0195,
        "Pan-STARRS_g": 22.47129902726087,
        "Pan-STARRS_g_err": 0.2294,
        "Pan-STARRS_g_flux": 0.003728038454178298,
        "Pan-STARRS_g_flux_err": 0.0008770755217097426,
        "Pan-STARRS_g_ref": "Gordon2023",
        "Pan-STARRS_i": 21.068378113330937,
        "Pan-STARRS_i_err": 0.1089,
        "Pan-STARRS_i_flux": 0.013572153066367875,
        "Pan-STARRS_i_flux_err": 0.0014319054401813573,
        "Pan-STARRS_i_ref": "Gordon2023",
        "Pan-STARRS_r": 21.25215641957633,
        "Pan-STARRS_r_err": 0.0819,
        "Pan-STARRS_r_flux": 0.01145875480481083,
        "Pan-STARRS_r_flux_err": 0.0008978007605924357,
        "Pan-STARRS_r_ref": "Gordon2023",
        "Pan-STARRS_y": 20.148153973249418,
        "Pan-STARRS_y_err": 0.1395989954471588,
        "Pan-STARRS_y_flux": 0.03167658865564954,
        "Pan-STARRS_y_flux_err": 0.0043462558278847775,
        "Pan-STARRS_z": 20.858826018209985,
        "Pan-STARRS_z_err": 0.07839000225067139,
        "Pan-STARRS_z_flux": 0.016461506848338938,
        "Pan-STARRS_z_flux_err": 0.001232475427911007,
        "SOAR_z": 20.478245967012548,
        "SOAR_z_err": 0.01154679246,
        "SOAR_z_flux": 0.023372308359803855,
        "SOAR_z_flux_err": 0.00024989067642025765,
        "SOAR_z_ref": "Gordon2023",
        "VLT_HAWKI_Ks": 19.760224045842147,
        "VLT_HAWKI_Ks_err": 0.0173,
        "VLT_HAWKI_Ks_flux": 0.04528041264389731,
        "VLT_HAWKI_Ks_flux_err": 0.0007272718088206174,
        "VLT_HAWKI_Ks_ref": "Gordon2023",
        "WISE_W1": 19.036869049072266,
        "WISE_W1_err": 0.2329999953508377,
        "WISE_W1_flux": 0.08815611898899078,
        "WISE_W1_flux_err": 0.021101688966155052,
        "WISE_W2": 19.000160217285156,
        "WISE_W2_err": -999.0,
        "WISE_W2_flux": 0.09118758887052536,
        "WISE_W2_flux_err": -99.0,
        "WISE_W3": 16.480836868286133,
        "WISE_W3_err": -999.0,
        "WISE_W3_flux": 0.9282506704330444,
        "WISE_W3_flux_err": -99.0,
        "WISE_W4": 14.501888275146484,
        "WISE_W4_err": -999.0,
        "WISE_W4_flux": 5.7443976402282715,
        "WISE_W4_flux_err": -99.0
    },
    "ra": 208.80389874999997,
    "ra_FRB": 208.804208,
    "redshift": {
        "z": 0.2785,
        "z_FRB": 0.2785,
        "z_spec": 0.2785
    }
}