{
    "FRB": "FRB20230708A",
    "cosmo": "Planck18",
    "dec": -55.35631,
    "dec_FRB": -55.356269836,
    "offsets": {
        "ang_avg": 0.5788164412423857,
        "ang_avg_err": 0.3024269216643301,
        "ang_best": 0.14463220005678384,
        "ang_best_err": 0.5291294720966506,
        "physical": 0.28786074988715105,
        "physical_err": 1.0531237619654117
    },
    "photom": {
        "DECaL_g": 22.74075598458682,
        "DECaL_g_err": 0.029124071577306086,
        "DECaL_g_flux": 22.74075598458682,
        "DECaL_g_flux_err": 0.00010051479573600993,
        "DECaL_r": 22.528154186606002,
        "DECaL_r_err": 0.0338200006108724,
        "DECaL_r_flux": 22.528154186606002,
        "DECaL_r_flux_err": 0.00013348291231710774,
        "DECaL_z": 22.29338688613844,
        "DECaL_z_err": 0.068188199733106,
        "DECaL_z_flux": 22.29338688613844,
        "DECaL_z_flux_err": 0.00016391488635952048,
        "DELVE_g": 22.767559574385654,
        "DELVE_g_err": 0.101587,
        "DELVE_g_flux": 22.767559574385654,
        "DELVE_g_flux_err": 33440724.220933873,
        "DELVE_i": 22.44007942406415,
        "DELVE_i_err": 0.149155,
        "DELVE_i_flux": 22.44007942406415,
        "DELVE_i_flux_err": 0.0003643054438600925,
        "DELVE_r": 22.594620550812163,
        "DELVE_r_err": 0.105491,
        "DELVE_r_flux": 22.594620550812163,
        "DELVE_r_flux_err": 0.010812142245518434,
        "DELVE_z": 22.3349650298681,
        "DELVE_z_err": 0.257081,
        "DELVE_z_flux": 22.3349650298681,
        "DELVE_z_flux_err": 0.0007251693410540544,
        "DES_Y": 22.85841625491145,
        "DES_Y_err": 0.72250104,
        "DES_Y_flux": 0.00260995784191294,
        "DES_Y_flux_err": 33440724.220933873,
        "DES_g": 22.841119574385655,
        "DES_g_err": 0.055860464,
        "DES_g_flux": 0.0026518695986683825,
        "DES_g_flux_err": 33440724.220933873,
        "DES_i": 22.46574442406415,
        "DES_i_err": 0.082899906,
        "DES_i_flux": 0.0037471598898792626,
        "DES_i_flux_err": 0.00026887913864356253,
        "DES_r": 22.684765550812163,
        "DES_r_err": 0.06808591,
        "DES_r_flux": 0.0030626246520084432,
        "DES_r_flux_err": 33440724.220933873,
        "DES_z": 22.3200590298681,
        "DES_z_err": 0.10761456,
        "DES_z_flux": 0.004285252158530352,
        "DES_z_flux_err": 33440724.220933873,
        "EBV": 0.0487,
        "VLT_FORS2_I": null,
        "VLT_FORS2_I_flux": null,
        "VLT_FORS2_R": 22.533181510572337,
        "VLT_FORS2_R_flux": 0.0035214975458415653,
        "VLT_FORS2_g": null,
        "VLT_FORS2_g_flux": null,
        "VLT_FORS2_u": null,
        "VLT_FORS2_u_flux": null,
        "VLT_FORS2_z": null,
        "VLT_FORS2_z_flux": null,
        "VLT_HAWKI_J": null,
        "VLT_HAWKI_J_flux": null,
        "VLT_HAWKI_Ks": 18.78394833218756,
        "VLT_HAWKI_Ks_flux": 0.11128090820026565
    },
    "ra": 303.11554125,
    "ra_FRB": 303.115539551,
    "redshift": {
        "z": 0.105,
        "z_FRB": 0.105,
        "z_spec": 0.105
    }
}