{
    "FRB": "FRB20230708A",
    "cosmo": "Planck18",
    "dec": -55.35631,
    "dec_FRB": -55.356269836,
    "offsets": {
        "ang_avg": 0.5788164412423857,
        "ang_avg_err": 0.3024269216643301,
        "ang_best": 0.14463220005678384,
        "ang_best_err": 0.5291294720966506,
        "physical": 0.28786074988715105,
        "physical_err": 1.0531237619654117
    },
    "photom": {
        "DECaL_g": 22.74075598458682,
        "DECaL_g_err": 0.029124071577306086,
        "DECaL_g_flux": 0.002908691089219931,
        "DECaL_g_flux_err": 7.802348959854872e-05,
        "DECaL_r": 22.528154186606002,
        "DECaL_r_err": 0.0338200006108724,
        "DECaL_r_flux": 0.0035378410732392227,
        "DECaL_r_flux_err": 0.0001102015266081824,
        "DECaL_z": 22.29338688613844,
        "DECaL_z_err": 0.068188199733106,
        "DECaL_z_flux": 0.004391827156809324,
        "DECaL_z_flux_err": 0.0002758227883065819,
        "DELVE_g": 22.767559574385654,
        "DELVE_g_err": 0.101587,
        "DELVE_g_flux": 0.002837763278709274,
        "DELVE_g_flux_err": 0.00026551556163539685,
        "DELVE_i": 22.44007942406415,
        "DELVE_i_err": 0.149155,
        "DELVE_i_flux": 0.0038367917242349047,
        "DELVE_i_flux_err": 0.0005270862914217215,
        "DELVE_r": 22.594620550812163,
        "DELVE_r_err": 0.105491,
        "DELVE_r_flux": 0.0033277582896929325,
        "DELVE_r_flux_err": 0.00032332766301755643,
        "DELVE_z": 22.3349650298681,
        "DELVE_z_err": 0.257081,
        "DELVE_z_flux": 0.004226822225305539,
        "DELVE_z_flux_err": 0.0010008284514615078,
        "DES_Y": 22.85841625491145,
        "DES_Y_err": 0.72250104,
        "DES_Y_flux": 0.00260995784191294,
        "DES_Y_flux_err": 0.0017367913558324541,
        "DES_g": 22.841119574385655,
        "DES_g_err": 0.055860464,
        "DES_g_flux": 0.0026518695986683825,
        "DES_g_flux_err": 0.00013643706970433922,
        "DES_i": 22.46574442406415,
        "DES_i_err": 0.082899906,
        "DES_i_flux": 0.0037471598898792626,
        "DES_i_flux_err": 0.00028610927891749044,
        "DES_r": 22.684765550812163,
        "DES_r_err": 0.06808591,
        "DES_r_flux": 0.0030626246520084432,
        "DES_r_flux_err": 0.00019205547858365903,
        "DES_z": 22.3200590298681,
        "DES_z_err": 0.10761456,
        "DES_z_flux": 0.004285252158530352,
        "DES_z_flux_err": 0.00042473993545423506,
        "EBV": 0.0487,
        "VLT_FORS2_R": 22.5339878909757,
        "VLT_FORS2_R_err": 0.0152740143672909,
        "VLT_FORS2_R_flux": 0.003518883087242469,
        "VLT_FORS2_R_flux_err": 4.950325004896728e-05,
        "VLT_FORS2_R_ref": "Shannon2024",
        "VLT_HAWKI_Ks": 18.746140092314775,
        "VLT_HAWKI_Ks_err": 0.1200205662532456,
        "VLT_HAWKI_Ks_flux": 0.11522426788361734,
        "VLT_HAWKI_Ks_flux_err": 0.012737239319184513,
        "VLT_HAWKI_Ks_ref": "Shannon2024"
    },
    "ra": 303.11554125,
    "ra_FRB": 303.115539551,
    "redshift": {
        "z": 0.105,
        "z_FRB": 0.105,
        "z_spec": 0.105
    }
}