{
    "FRB": "FRB20230203A",
    "cosmo": "Planck18",
    "dec": 35.69714999999999,
    "dec_FRB": 35.694096,
    "offsets": {
        "ang_avg": 18.56339907028188,
        "ang_avg_err": 12.098156776642947,
        "ang_best": 12.796121291747518,
        "ang_best_err": 13.402495676813626,
        "physical": 33.87532575094518,
        "physical_err": 35.48058795132702
    },
    "photom": {
        "DECaL_g": 18.90545237877731,
        "DECaL_g_err": 0.005355341259622384,
        "DECaL_g_flux": 0.09949907487797678,
        "DECaL_g_flux_err": 0.0004907743691820517,
        "DECaL_r": 17.89308914981836,
        "DECaL_r_err": 0.0035295845454878906,
        "DECaL_r_flux": 0.2527925870061219,
        "DECaL_r_flux_err": 0.0008217952062393266,
        "DECaL_z": 17.10043931905767,
        "DECaL_z_err": 0.003040638868050463,
        "DECaL_z_flux": 0.5245951446227254,
        "DECaL_z_flux_err": 0.001469145433061943,
        "EBV": 0.0112,
        "Pan-STARRS_g": 19.07248259649509,
        "Pan-STARRS_g_err": 0.01334299985319376,
        "Pan-STARRS_g_flux": 0.0853113777448762,
        "Pan-STARRS_g_flux_err": 0.0010484219792405492,
        "Pan-STARRS_i": 17.751775758376922,
        "Pan-STARRS_i_err": 0.004639000166207552,
        "Pan-STARRS_i_flux": 0.28793183892345564,
        "Pan-STARRS_i_flux_err": 0.0012302397606054924,
        "Pan-STARRS_r": 18.24443052453267,
        "Pan-STARRS_r_err": 0.007302999962121248,
        "Pan-STARRS_r_flux": 0.18290592936779146,
        "Pan-STARRS_r_flux_err": 0.001230282263215402,
        "Pan-STARRS_y": 17.332768183313565,
        "Pan-STARRS_y_err": 0.015072000212967396,
        "Pan-STARRS_y_flux": 0.42353833107016503,
        "Pan-STARRS_y_flux_err": 0.005879485079445662,
        "Pan-STARRS_z": 17.583706094713524,
        "Pan-STARRS_z_err": 0.010002000257372856,
        "Pan-STARRS_z_flux": 0.3361379571914408,
        "Pan-STARRS_z_flux_err": 0.0030965642663546844,
        "SDSS_g": 19.03807602,
        "SDSS_g_err": 0.01765557,
        "SDSS_g_flux": 0.08805815590040666,
        "SDSS_g_flux_err": 0.0014319472158680466,
        "SDSS_i": 17.538226469999998,
        "SDSS_i_err": 0.009734836,
        "SDSS_i_flux": 0.3505172585052054,
        "SDSS_i_flux_err": 0.0031427781552867393,
        "SDSS_r": 18.05396353,
        "SDSS_r_err": 0.01074248,
        "SDSS_r_flux": 0.21797896306495715,
        "SDSS_r_flux_err": 0.0021567252163868745,
        "SDSS_u": 20.44506574,
        "SDSS_u_err": 0.1213896,
        "SDSS_u_flux": 0.024097594846168937,
        "SDSS_u_flux_err": 0.0026942063703127204,
        "SDSS_z": 17.15417407,
        "SDSS_z_err": 0.01985674,
        "SDSS_z_flux": 0.49926413152436844,
        "SDSS_z_flux_err": 0.0091309086015177,
        "WISE_W1": 16.95853042602539,
        "WISE_W1_err": 0.017000000923871994,
        "WISE_W1_flux": 0.5978441834449768,
        "WISE_W1_flux_err": 0.00936079304665327,
        "WISE_W2": 17.331451416015625,
        "WISE_W2_err": 0.04899999871850014,
        "WISE_W2_flux": 0.4240523874759674,
        "WISE_W2_flux_err": 0.01913776807487011,
        "WISE_W3": 15.604790687561035,
        "WISE_W3_err": 0.08900000154972076,
        "WISE_W3_flux": 2.0800979137420654,
        "WISE_W3_flux_err": 0.17050985991954803,
        "WISE_W4": 14.566771507263184,
        "WISE_W4_err": 999.0,
        "WISE_W4_flux": 5.411170482635498,
        "WISE_W4_flux_err": -99.0
    },
    "ra": 151.66383333333332,
    "ra_FRB": 151.661594,
    "redshift": {
        "z": 0.1464,
        "z_FRB": 0.1464,
        "z_spec": 0.1464
    }
}