{
    "FRB": "FRB190614",
    "cosmo": "Planck15",
    "dec": 73.706356,
    "dec_FRB": 73.70674,
    "derived": {
        "EBV_photom": 0.19812574152131857,
        "EBV_photom_err": 0.11569985002648012,
        "Lnu_r": 2.732085678648542e+21,
        "Lnu_r_err": 1.801203384522585e+20,
        "M_r": -19.491235786920534,
        "M_r_err": 0.07158017561427374,
        "Mstar": 4246943553.8070483,
        "Mstar_err": 2063950391.4692247,
        "SFR_photom": 0.25983645365415375,
        "SFR_photom_err": 1.068378731214669,
        "Z_photom": 0.011869028493039046,
        "Z_photom_err": 0.012620478362064947,
        "f_AGN": 0.05474413732825067,
        "f_AGN_err": 0.06295369926180445,
        "u-r": 2.0931008934957522,
        "u-r_err": 0.18594955618020123
    },
    "offsets": {
        "ang_avg": 2.268916096995654,
        "ang_avg_err": 0.752936002114365,
        "ang_best": 2.2169584186443205,
        "ang_best_err": 0.7547265886528862
    },
    "photom": {
        "EBV": 0.1401,
        "GMOS_S_r": 23.253506360624673,
        "GMOS_S_r_err": 0.15,
        "GMOS_S_r_flux": 1.813833630933741e-06,
        "GMOS_S_r_flux_err": 2.6872602121567414e-07,
        "LRISb_V": 25.418377840399252,
        "LRISb_V_err": 0.25,
        "LRISb_V_flux": 2.469726479643788e-07,
        "LRISb_V_flux_err": 6.394749457607268e-08,
        "LRISr_I": 22.8287766390961,
        "LRISr_I_err": 0.1,
        "LRISr_I_flux": 2.682188762681283e-06,
        "LRISr_I_flux_err": 2.5877273353901174e-07,
        "NIRI_J": 22.557010784804493,
        "NIRI_J_err": 0.2,
        "NIRI_J_flux": 3.4450511971482987e-06,
        "NIRI_J_flux_err": 6.968113326192422e-07,
        "NOT_z": 23.17752422532603,
        "NOT_z_err": 0.3,
        "NOT_z_flux": 1.945316650994725e-06,
        "NOT_z_flux_err": 6.191101328050534e-07
    },
    "ra": 65.073804,
    "ra_FRB": 65.07552,
    "redshift": {
        "z": 0.5905395143161448,
        "z_FRB": 0.5905395143161448,
        "z_FRB_err": 0.11534356031357618,
        "z_err": 0.11534356031357618,
        "z_phot": 0.5905395143161448,
        "z_phot_err": 0.11534356031357618
    }
}