{
    "FRB": "FRB190614",
    "cosmo": "Planck15",
    "dec": 73.706783,
    "dec_FRB": 73.70674,
    "derived": {
        "EBV_photom": 0.1820599338819246,
        "EBV_photom_err": 0.15920056061375698,
        "Lnu_r": 1.3892585278451567e+21,
        "Lnu_r_err": 1.1142717765902498e+20,
        "M_r": -18.75695767836322,
        "M_r_err": 0.08708279888414247,
        "Mstar": 669501238.2187804,
        "Mstar_err": 429044916.5685555,
        "SFR_photom": 0.826493762846805,
        "SFR_photom_err": 0.4176638324415223,
        "Z_photom": 0.006714221443171562,
        "Z_photom_err": 0.013675723404088704,
        "f_AGN": 0.10842492089761828,
        "f_AGN_err": 0.0773972803908753,
        "u-r": 0.8131204625580118,
        "u-r_err": 0.1418837871612313
    },
    "offsets": {
        "ang_avg": 1.2618932448295421,
        "ang_avg_err": 0.6022090411133649,
        "ang_best": 1.0747288225673859,
        "ang_best_err": 0.6306236993321819
    },
    "photom": {
        "EBV": 0.1399,
        "GMOS_S_r": 23.94401437259891,
        "GMOS_S_r_err": 0.24,
        "GMOS_S_r_flux": 0.0009602719547623403,
        "GMOS_S_r_flux_err": 0.00023755545079804817,
        "LRISb_V": 24.579007285877275,
        "LRISb_V_err": 0.16,
        "LRISb_V_flux": 0.0005350533406341801,
        "LRISb_V_flux_err": 8.495435482786316e-05,
        "LRISr_I": 23.739149219500323,
        "LRISr_I_err": 0.18,
        "LRISr_I_flux": 0.0011596857121567057,
        "LRISr_I_flux_err": 0.00020911526477232606,
        "NIRI_J": 23.65715770279177,
        "NIRI_J_err": 999.0,
        "NIRI_J_flux": 0.0001389614713128169,
        "NIRI_J_flux_err": 0.0004168844139384507,
        "NOT_z": 22.527770025780185,
        "NOT_z_err": 999.0,
        "NOT_z_flux": 0.00039323256355920704,
        "NOT_z_flux_err": 0.0011796976906776212
    },
    "ra": 65.074467,
    "ra_FRB": 65.07552,
    "redshift": {
        "z": 0.66,
        "z_FRB": 0.5957141051262648,
        "z_FRB_err": 0.17254344640837613,
        "z_err": 0.3,
        "z_phot": 0.5957141051262648,
        "z_phot_err": 0.17254344640837613
    }
}