{
    "FRB": "FRB20240210A",
    "cosmo": "Planck18",
    "dec": -28.272124527777777,
    "dec_FRB": -28.27075386,
    "offsets": {
        "ang_avg": 9.439688601356119,
        "ang_avg_err": 0.4967782435214519,
        "ang_best": 9.424285883142367,
        "ang_best_err": 0.49701696848762733,
        "physical": 4.658203781256939,
        "physical_err": 0.24566384664744065
    },
    "photom": {
        "DELVE_g": 15.314539,
        "DELVE_g_err": 0.000957,
        "DELVE_g_flux": 2.7175928691584232,
        "DELVE_g_flux_err": 0.0023953667238756026,
        "DELVE_i": 14.74988,
        "DELVE_i_err": 0.001392,
        "DELVE_i_flux": 4.57138705654586,
        "DELVE_i_flux_err": 0.005860881082186451,
        "DELVE_r": 14.893375,
        "DELVE_r_err": 0.000925,
        "DELVE_r_flux": 4.005437821030779,
        "DELVE_r_flux_err": 0.0034124587245194086,
        "DELVE_z": 14.598494,
        "DELVE_z_err": 0.002428,
        "DELVE_z_flux": 5.255359069332183,
        "DELVE_z_flux_err": 0.011752405201575736,
        "EBV": 0.0149
    },
    "ra": 8.777042916666668,
    "ra_FRB": 8.779575348,
    "redshift": {
        "z": 0.023686,
        "z_FRB": 0.023686,
        "z_spec": 0.023686
    }
}