{
    "FRB": "FRB20240210A",
    "cosmo": "Planck18",
    "dec": -28.272124527777777,
    "dec_FRB": -28.27075386,
    "offsets": {
        "ang_avg": 9.439688601356119,
        "ang_avg_err": 0.4967782435214519,
        "ang_best": 9.424285883142367,
        "ang_best_err": 0.49701696848762733,
        "physical": 4.658203781256939,
        "physical_err": 0.24566384664744065
    },
    "photom": {
        "DECaL_g": 15.238930218013259,
        "DECaL_g_err": 0.000261660383045641,
        "DECaL_g_flux": 2.913586439094821,
        "DECaL_g_flux_err": 0.0007021688512818543,
        "DECaL_r": 14.856458603438552,
        "DECaL_r_err": 0.00024327595524718289,
        "DECaL_r_flux": 4.14396952497655,
        "DECaL_r_flux_err": 0.0009285203351291637,
        "DECaL_z": 14.577751925730349,
        "DECaL_z_err": 0.00048660041329482757,
        "DECaL_z_flux": 5.356723428354891,
        "DECaL_z_flux_err": 0.0024007524320553046,
        "DES_Y": 14.46359466468989,
        "DES_Y_err": 0.003327586,
        "DES_Y_flux": 5.95061877824344,
        "DES_Y_flux_err": 0.018237575251744603,
        "DES_g": 15.226439156796012,
        "DES_g_err": 0.000430248,
        "DES_g_flux": 2.9472999150049417,
        "DES_g_flux_err": 0.0011679355337639637,
        "DES_i": 14.694914852279037,
        "DES_i_err": 0.0005922048,
        "DES_i_flux": 4.808770529313198,
        "DES_i_flux_err": 0.0026228995377309155,
        "DES_r": 14.826375477066247,
        "DES_r_err": 0.00036689613,
        "DES_r_flux": 4.260394383373644,
        "DES_r_flux_err": 0.001439688761121993,
        "DES_z": 14.543186189002556,
        "DES_z_err": 0.00093210535,
        "DES_z_flux": 5.530004932734974,
        "DES_z_flux_err": 0.004747513402186807,
        "EBV": 0.0149,
        "Pan-STARRS_g": 15.371200242226045,
        "Pan-STARRS_g_err": 0.0015810000477358699,
        "Pan-STARRS_g_flux": 2.5794071384590675,
        "Pan-STARRS_g_flux_err": 0.0037560162322693284,
        "Pan-STARRS_i": 14.879334472595943,
        "Pan-STARRS_i_err": 0.0013229999458417296,
        "Pan-STARRS_i_flux": 4.0575717225767685,
        "Pan-STARRS_i_flux_err": 0.004944264680216563,
        "Pan-STARRS_r": 15.019063244870884,
        "Pan-STARRS_r_err": 0.002113000024110079,
        "Pan-STARRS_r_flux": 3.56758801553587,
        "Pan-STARRS_r_flux_err": 0.006943043374446043,
        "Pan-STARRS_y": 14.641634143361792,
        "Pan-STARRS_y_err": 0.005293999798595905,
        "Pan-STARRS_y_flux": 5.0506391047304895,
        "Pan-STARRS_y_flux_err": 0.02462668398276383,
        "Pan-STARRS_z": 14.735860876291895,
        "Pan-STARRS_z_err": 0.0029529999010264874,
        "Pan-STARRS_z_flux": 4.630795939160625,
        "Pan-STARRS_z_flux_err": 0.012594900943790044,
        "VLT_FORS2_R": 14.883381973995954,
        "VLT_FORS2_R_err": 0.0091028884734862,
        "VLT_FORS2_R_flux": 4.042473714821138,
        "VLT_FORS2_R_flux_err": 0.03389238308693394,
        "VLT_FORS2_R_ref": "Shannon2024",
        "VLT_HAWKI_Ks": 13.811962886512413,
        "VLT_HAWKI_Ks_err": 0.0446318520017285,
        "VLT_HAWKI_Ks_flux": 10.844632508608449,
        "VLT_HAWKI_Ks_flux_err": 0.4457952410688659,
        "VLT_HAWKI_Ks_ref": "Shannon2024",
        "WISE_W1": 15.506977081298828,
        "WISE_W1_err": 0.009999999776482582,
        "WISE_W1_flux": 2.2761940956115723,
        "WISE_W1_flux_err": 0.020964521914720535,
        "WISE_W2": 15.981095314025879,
        "WISE_W2_err": 0.01899999938905239,
        "WISE_W2_flux": 1.4708285331726074,
        "WISE_W2_flux_err": 0.025738978758454323,
        "WISE_W3": 13.896310806274414,
        "WISE_W3_err": 0.019999999552965164,
        "WISE_W3_flux": 10.034040451049805,
        "WISE_W3_flux_err": 0.1848338544368744,
        "WISE_W4": 13.3533353805542,
        "WISE_W4_err": 0.09399999678134918,
        "WISE_W4_flux": 16.54495620727539,
        "WISE_W4_flux_err": 1.4324159622192383
    },
    "ra": 8.777042916666668,
    "ra_FRB": 8.779575348,
    "redshift": {
        "z": 0.023686,
        "z_FRB": 0.023686,
        "z_spec": 0.023686
    }
}