{
    "FRB": "FRB20221116A",
    "cosmo": "Planck18",
    "dec": 72.65321111111112,
    "dec_FRB": 72.65375,
    "derived": {
        "AV_old": 2.2635,
        "AV_old_loerr": -0.0883,
        "AV_old_ref": "Sharma2024",
        "AV_old_uperr": 0.0748,
        "Mtotal": 163794758483.49545,
        "Mtotal_loerr": -7640442136.772217,
        "Mtotal_ref": "Sharma2024",
        "Mtotal_uperr": 11795330936.419128,
        "SFR_SED": 22.5773,
        "SFR_SED_loerr": -6.0582,
        "SFR_SED_ref": "Sharma2024",
        "SFR_SED_uperr": 6.233
    },
    "offsets": {
        "ang_avg": 4.830649359504563,
        "ang_avg_err": 0.9881348924557425,
        "ang_best": 4.723517034895744,
        "ang_best_err": 0.9939255005605865,
        "physical": 20.504073804287508,
        "physical_err": 4.314480432461799
    },
    "photom": {
        "EBV": 0.3654,
        "Pan-STARRS_g": 20.74352016845362,
        "Pan-STARRS_g_err": 0.1931139975786209,
        "Pan-STARRS_g_flux": 0.018305935461971755,
        "Pan-STARRS_g_flux_err": 0.003255977244735179,
        "Pan-STARRS_i": 19.176365844513484,
        "Pan-STARRS_i_err": 0.07,
        "Pan-STARRS_i_flux": 0.07752712098492993,
        "Pan-STARRS_i_flux_err": 0.004998358206314076,
        "Pan-STARRS_i_ref": "Sharma2024",
        "Pan-STARRS_r": 19.578280925168986,
        "Pan-STARRS_r_err": 0.14,
        "Pan-STARRS_r_flux": 0.05354114126520359,
        "Pan-STARRS_r_flux_err": 0.006903849889392186,
        "Pan-STARRS_r_ref": "Sharma2024",
        "Pan-STARRS_y": 18.45304642902706,
        "Pan-STARRS_y_err": 0.12,
        "Pan-STARRS_y_flux": 0.1509320332810614,
        "Pan-STARRS_y_flux_err": 0.01668162479463615,
        "Pan-STARRS_y_ref": "Sharma2024",
        "Pan-STARRS_z": 18.903243403809125,
        "Pan-STARRS_z_err": 0.07,
        "Pan-STARRS_z_flux": 0.09970171590936935,
        "Pan-STARRS_z_flux_err": 0.006428007174367554,
        "Pan-STARRS_z_ref": "Sharma2024",
        "WASP_g": 20.13023055209488,
        "WASP_g_err": 0.05,
        "WASP_g_flux": 0.032203848394636025,
        "WASP_g_flux_err": 0.0014830420250105832,
        "WASP_g_ref": "Sharma2024",
        "WASP_i": 19.2010166050292,
        "WASP_i_err": 0.03,
        "WASP_i_flux": 0.07578676201968387,
        "WASP_i_flux_err": 0.0020940656216737364,
        "WASP_i_ref": "Sharma2024",
        "WASP_r": 19.592035244703087,
        "WASP_r_err": 0.03,
        "WASP_r_flux": 0.052867149711901616,
        "WASP_r_flux_err": 0.0014607733300285094,
        "WASP_r_ref": "Sharma2024",
        "WISE_W1": 17.645309641747914,
        "WISE_W1_err": 0.04,
        "WISE_W1_flux": 0.31759681435172776,
        "WISE_W1_flux_err": 0.011700699044938973,
        "WISE_W1_ref": "Sharma2024",
        "WISE_W2": 17.98496736339469,
        "WISE_W2_err": 0.05,
        "WISE_W2_flux": 0.23228065870205886,
        "WISE_W2_flux_err": 0.010696919642363968,
        "WISE_W2_ref": "Sharma2024",
        "WISE_W3": 17.232774620952608,
        "WISE_W3_err": 0.18,
        "WISE_W3_flux": 0.46439779169443623,
        "WISE_W3_flux_err": 0.07699071113099733,
        "WISE_W3_ref": "Sharma2024",
        "WISE_W4": 15.205954551696777,
        "WISE_W4_err": 999.0,
        "WISE_W4_flux": 3.0034351348876953,
        "WISE_W4_flux_err": -99.0
    },
    "ra": 21.20694583333333,
    "ra_FRB": 21.2109583,
    "redshift": {
        "z": 0.2764,
        "z_FRB": 0.2764,
        "z_spec": 0.2764
    }
}