{
    "FRB": "FRB20190714",
    "cosmo": "Planck18",
    "dec": -13.0211,
    "dec_FRB": -13.021,
    "derived": {
        "EBV_photom": 0.5958851463749918,
        "EBV_photom_err": 0.1692629597590829,
        "Lnu_r": 6.15402899467805e+21,
        "Lnu_r_err": 3.077014497339025e+20,
        "M_r": -20.372898845231568,
        "M_r_err": 0.05428681023790647,
        "Mstar": 14159237951.07573,
        "Mstar_err": 5477673397.760005,
        "SFR_photom": 4.449487293479477,
        "SFR_photom_err": 4.946471673849966,
        "Z_photom": 0.005535732016458915,
        "Z_photom_err": 0.010880123481015304,
        "age_mass": 685.9228734960672,
        "f_AGN": 0.13611949376075522,
        "f_AGN_err": 0.0649405325422314,
        "u-r": 1.5112389170971092,
        "u-r_err": 0.2801547875447937
    },
    "morphology": {
        "PA": 12.55,
        "PA_err": 0.3,
        "b/a": 0.46,
        "b/a_err": 0.0,
        "dec": -13.021104400204903,
        "dec_err": 0.009016230389873207,
        "n": 0.71,
        "n_err": 0.01,
        "ra": 183.9795350196667,
        "ra_err": 0.004508115194936603,
        "reff_ang": 0.9937173922553112,
        "reff_ang_err": 0.007728197477034176,
        "reff_kpc": 3.850037364149795,
        "reff_kpc_err": 0.029941962650549284
    },
    "offsets": {
        "ang_avg": 0.8640804818785952,
        "ang_avg_err": 0.4190454635824106,
        "ang_best": 0.6865310664951811,
        "ang_best_err": 0.45510756470530117,
        "physical": 2.6598812481858602,
        "physical_err": 1.7632589934306497
    },
    "photom": {
        "EBV": 0.061,
        "Pan-STARRS_g": 20.87621151267728,
        "Pan-STARRS_g_err": 0.043241001665592194,
        "Pan-STARRS_g_flux": 0.016200013976300633,
        "Pan-STARRS_g_flux_err": 0.0006582088497285966,
        "Pan-STARRS_g_ref": "Bhandari2021",
        "Pan-STARRS_i": 19.82003323082979,
        "Pan-STARRS_i_err": 0.02205199934542179,
        "Pan-STARRS_i_flux": 0.042853539850123634,
        "Pan-STARRS_i_flux_err": 0.0008792820706346482,
        "Pan-STARRS_i_ref": "Bhandari2021",
        "Pan-STARRS_r": 20.3175974424827,
        "Pan-STARRS_r_err": 0.03209400177001953,
        "Pan-STARRS_r_flux": 0.027099483733484826,
        "Pan-STARRS_r_flux_err": 0.0008130086780305731,
        "Pan-STARRS_r_ref": "Bhandari2021",
        "Pan-STARRS_y": 19.43225055685251,
        "Pan-STARRS_y_err": 0.06084499880671501,
        "Pan-STARRS_y_flux": 0.06124910846660245,
        "Pan-STARRS_y_flux_err": 0.0035304183057369844,
        "Pan-STARRS_y_ref": "Bhandari2021",
        "Pan-STARRS_z": 19.63202541905385,
        "Pan-STARRS_z_err": 0.030581999570131302,
        "Pan-STARRS_z_flux": 0.050955354420112876,
        "Pan-STARRS_z_flux_err": 0.001455667350221922,
        "Pan-STARRS_z_ref": "Bhandari2021",
        "VISTA_H": 17.0623564700173,
        "VISTA_H_err": 0.104844,
        "VISTA_H_flux": 0.15419250428892095,
        "VISTA_H_flux_err": 0.015632198033250562,
        "VISTA_H_ref": "Bhandari2021",
        "VISTA_J": 17.56133442579171,
        "VISTA_J_err": 0.088091,
        "VISTA_J_flux": 0.14686747491437832,
        "VISTA_J_flux_err": 0.01241281156293883,
        "VISTA_J_ref": "Bhandari2021",
        "VISTA_Ks": 16.46553785345754,
        "VISTA_Ks_err": 0.20064,
        "VISTA_Ks_flux": 0.17497630442408948,
        "VISTA_Ks_flux_err": 0.03551552361210605,
        "VISTA_Ks_ref": "Bhandari2021",
        "VISTA_Y": 18.00803666488599,
        "VISTA_Y_err": 0.122342,
        "VISTA_Y_flux": 0.1307297312703968,
        "VISTA_Y_flux_err": 0.01559278751255783,
        "VISTA_Y_ref": "Bhandari2021",
        "VLT_FORS2_I": 19.49540648459909,
        "VLT_FORS2_I_err": 0.1,
        "VLT_FORS2_I_flux": 0.05778796491686173,
        "VLT_FORS2_I_flux_err": 0.0055752786139644855,
        "VLT_FORS2_I_ref": "Bhandari2021",
        "VLT_FORS2_g": 20.467995135524177,
        "VLT_FORS2_g_err": 0.1,
        "VLT_FORS2_g_flux": 0.023594019829643032,
        "VLT_FORS2_g_flux_err": 0.002276308472930499,
        "VLT_FORS2_g_ref": "Bhandari2021",
        "WFC3_F160W": 18.87975378245366,
        "WFC3_F160W_err": 0.002,
        "WFC3_F160W_flux": 0.10188223916602397,
        "WFC3_F160W_flux_err": 0.00018784698046133457,
        "WFC3_F160W_ref": "Bhandari2021",
        "WISE_W1": 16.535685863140728,
        "WISE_W1_err": 0.08,
        "WISE_W1_flux": 0.07523889922096762,
        "WISE_W1_flux_err": 0.00575315850220491,
        "WISE_W1_ref": "Bhandari2021",
        "WISE_W2": 15.896732956432578,
        "WISE_W2_err": 0.153,
        "WISE_W2_flux": 0.07521372759883622,
        "WISE_W2_flux_err": 0.011382129060558363,
        "WISE_W2_ref": "Bhandari2021",
        "WISE_W3": 11.854729807337328,
        "WISE_W3_err": -999,
        "WISE_W3_flux": 0.5738666536947611,
        "WISE_W3_flux_err": -99,
        "WISE_W3_ref": "Bhandari2021",
        "WISE_W4": 8.628354489762255,
        "WISE_W4_err": -999,
        "WISE_W4_flux": 2.9581507406071097,
        "WISE_W4_flux_err": -99,
        "WISE_W4_ref": "Bhandari2021"
    },
    "positional_error": {
        "dec_astrometric": 0.0196,
        "dec_source": 0.0005269999999999999,
        "ra_astrometric": 0.0281,
        "ra_source": 0.0010199999999999999
    },
    "ra": 183.97954166666665,
    "ra_FRB": 183.97970833333332,
    "redshift": {
        "z": 0.2365,
        "z_FRB": 0.2365,
        "z_spec": 0.2365
    }
}