{
    "FRB": "FRB190608",
    "cosmo": "Planck15",
    "dec": -7.898863888888888,
    "dec_FRB": -7.898249999999999,
    "derived": {
        "AV_nebular": 0.3752698747265434,
        "EBV_photom": 0.12131490286165124,
        "EBV_photom_err": 0.013008013119216864,
        "EBV_spec": 0.0,
        "Lnu_r": 1.344827179611232e+22,
        "Lnu_r_err": 6.72413589805616e+20,
        "M_r": -21.22166619455693,
        "M_r_err": 0.05428681023790647,
        "Mstar": 11568549375.993412,
        "Mstar_err": 2840729964.8991766,
        "Mstar_spec": 11705926156.079792,
        "SFR_nebular": 0.689533146180014,
        "SFR_photom": 2.99959588644244,
        "SFR_photom_err": 0.705196887604426,
        "Z_photom": 0.03420833086793518,
        "Z_photom_err": 0.01729080205170225,
        "Z_spec": 0.10614586104269301,
        "age_mass": 383.4207532310143,
        "f_AGN": 0.10879746413044024,
        "f_AGN_err": 0.07966108519733069,
        "u-r": 1.4004238402913685,
        "u-r_err": 0.08507962973011961
    },
    "morphology": {
        "PA": 54.12,
        "PA_err": 0.86,
        "b/a": 0.73,
        "b/a_err": 0.01,
        "dec": -7.89875529678143,
        "dec_err": 0.016046299645663186,
        "n": 0.15,
        "n_err": 0.01,
        "ra": 334.02047222954207,
        "ra_err": 0.014762595674010132,
        "reff_ang": 3.3511092180002997,
        "reff_ang_err": 0.02695778340471415,
        "reff_kpc": 7.365255395395178,
        "reff_kpc_err": 0.05924932514970264
    },
    "neb_lines": {
        "Halpha": 2.7650406614936603e-15,
        "Halpha_err": 4.1493318456755e-17,
        "Hbeta": 8.374417492351327e-16,
        "Hbeta_err": 3.2617653121511e-17,
        "Hgamma": 3.924685712305079e-16,
        "Hgamma_err": 3.359845235084134e-17,
        "[NII] 6584": 1.831877573815229e-15,
        "[NII] 6584_err": 3.824482311838292e-17,
        "[OIII] 5007": 1.495146173438519e-15,
        "[OIII] 5007_err": 4.441160325269867e-17,
        "[OII] 3726": 1.2149399077023375e-15,
        "[OII] 3726_err": 7.397707620757304e-17,
        "[OII] 3729": 1.942294865986631e-15,
        "[OII] 3729_err": 7.851034905857881e-17
    },
    "offsets": {
        "ang_avg": 2.977284653190586,
        "ang_avg_err": 0.27242045818205307,
        "ang_best": 2.964618968028115,
        "ang_best_err": 0.2727147330394058,
        "physical": 6.515805492782363,
        "physical_err": 0.5993877036693047
    },
    "photom": {
        "EBV": 0.0404,
        "SDSS_g": 18.0239936,
        "SDSS_g_err": 0.01794288,
        "SDSS_g_flux": 0.00022407972059509978,
        "SDSS_g_flux_err": 3.7339105094067938e-06,
        "SDSS_i": 17.21585955,
        "SDSS_i_err": 0.01709021,
        "SDSS_i_flux": 0.00047168946254311646,
        "SDSS_i_flux_err": 7.483448583217728e-06,
        "SDSS_r": 17.5538606,
        "SDSS_r_err": 0.01485198,
        "SDSS_r_flux": 0.00034550612779231106,
        "SDSS_r_flux_err": 4.758713646314908e-06,
        "SDSS_u": 18.9867385,
        "SDSS_u_err": 0.08660249,
        "SDSS_u_flux": 9.232187035335682e-05,
        "SDSS_u_flux_err": 7.665602133666489e-06,
        "SDSS_z": 17.087944049999997,
        "SDSS_z_err": 0.04910865,
        "SDSS_z_flux": 0.0005306673577916709,
        "SDSS_z_flux_err": 2.4553578686977342e-05,
        "WISE_W1": 14.372155755376001,
        "WISE_W1_err": 0.03,
        "WISE_W1_flux": 0.0005518924795287612,
        "WISE_W1_flux_err": 1.5461984240236475e-05,
        "WISE_W2": 13.834173935194169,
        "WISE_W2_err": 0.04,
        "WISE_W2_flux": 0.0005027137006437426,
        "WISE_W2_flux_err": 1.8866048795170326e-05,
        "WISE_W3": 10.762158747454539,
        "WISE_W3_err": 0.115,
        "WISE_W3_flux": 0.0015697822475640028,
        "WISE_W3_flux_err": 0.00017539448197630443,
        "WISE_W4": 8.647572481509055,
        "WISE_W4_err": 0.415,
        "WISE_W4_flux": 0.00290625089635938,
        "WISE_W4_flux_err": 0.0013529988300762918
    },
    "positional_error": {
        "dec_astrometric": 0.0968,
        "dec_source": 0.000545,
        "ra_astrometric": 0.0557,
        "ra_source": 0.000596
    },
    "ra": 334.0204291666666,
    "ra_FRB": 334.01987499999996,
    "redshift": {
        "z": 0.1177805,
        "z_FRB": 0.1177805,
        "z_spec": 0.1177805
    }
}