{
    "FRB": "FRB190608",
    "cosmo": "Planck15",
    "dec": -7.898888888888888,
    "dec_FRB": -7.898249999999999,
    "derived": {
        "AV_nebular": 0.3752698747265434,
        "EBV_photom": 0.12131490286165124,
        "EBV_photom_err": 0.013008013119216864,
        "EBV_spec": 0.0,
        "Lnu_r": 1.344827179611232e+22,
        "Lnu_r_err": 6.72413589805616e+20,
        "M_r": -21.22166619455693,
        "M_r_err": 0.05428681023790647,
        "Mstar": 11568549375.993412,
        "Mstar_err": 2840729964.8991766,
        "Mstar_spec": 11705926156.079792,
        "SFR_nebular": 0.689533146180014,
        "SFR_photom": 2.99959588644244,
        "SFR_photom_err": 0.705196887604426,
        "Z_photom": 0.03420833086793518,
        "Z_photom_err": 0.01729080205170225,
        "Z_spec": 0.10614586104269301,
        "age_mass": 383.4207532310143,
        "f_AGN": 0.10879746413044024,
        "f_AGN_err": 0.07966108519733069,
        "u-r": 1.4004238402913685,
        "u-r_err": 0.08507962973011961
    },
    "morphology": {
        "PA": 53.56,
        "PA_err": 8.53,
        "b/a": 0.77,
        "b/a_err": 0.06,
        "dec": -7.898839632066063,
        "dec_err": 0.027720000000000005,
        "n": 3.64,
        "n_err": 0.7,
        "ra": 334.02042834313454,
        "ra_err": 0.03168,
        "reff_ang": 1.2909599999999999,
        "reff_ang_err": 0.10296000000000001,
        "reff_kpc": 2.8373441409090203,
        "reff_kpc_err": 0.22629125050194643
    },
    "neb_lines": {
        "Halpha": 2.7650406614936603e-15,
        "Halpha_err": 4.1493318456755e-17,
        "Hbeta": 8.374417492351327e-16,
        "Hbeta_err": 3.2617653121511e-17,
        "Hgamma": 3.924685712305079e-16,
        "Hgamma_err": 3.359845235084134e-17,
        "[NII] 6584": 1.831877573815229e-15,
        "[NII] 6584_err": 3.824482311838292e-17,
        "[OIII] 5007": 1.495146173438519e-15,
        "[OIII] 5007_err": 4.441160325269867e-17,
        "[OII] 3726": 1.2149399077023375e-15,
        "[OII] 3726_err": 7.397707620757304e-17,
        "[OII] 3729": 1.942294865986631e-15,
        "[OII] 3729_err": 7.851034905857881e-17
    },
    "offsets": {
        "ang_avg": 3.0149778240322247,
        "ang_avg_err": 0.25999906995078453,
        "ang_best": 3.003446821275146,
        "ang_best_err": 0.26025464529928505,
        "physical": 6.601143521779805,
        "physical_err": 0.5720022254634395
    },
    "photom": {
        "EBV": 0.0404,
        "SDSS_g": 18.0239936,
        "SDSS_g_err": 0.01794288,
        "SDSS_g_flux": 0.22407972059509979,
        "SDSS_g_flux_err": 0.0037339105094067937,
        "SDSS_i": 17.21585955,
        "SDSS_i_err": 0.01709021,
        "SDSS_i_flux": 0.47168946254311644,
        "SDSS_i_flux_err": 0.007483448583217728,
        "SDSS_r": 17.5538606,
        "SDSS_r_err": 0.01485198,
        "SDSS_r_flux": 0.34550612779231105,
        "SDSS_r_flux_err": 0.004758713646314908,
        "SDSS_u": 18.9867385,
        "SDSS_u_err": 0.08660249,
        "SDSS_u_flux": 0.09232187035335682,
        "SDSS_u_flux_err": 0.007665602133666489,
        "SDSS_z": 17.087944049999997,
        "SDSS_z_err": 0.04910865,
        "SDSS_z_flux": 0.530667357791671,
        "SDSS_z_flux_err": 0.024553578686977343,
        "WISE_W1": 14.372155755376001,
        "WISE_W1_err": 0.03,
        "WISE_W1_flux": 0.5518924795287612,
        "WISE_W1_flux_err": 0.015461984240236475,
        "WISE_W2": 13.834173935194169,
        "WISE_W2_err": 0.04,
        "WISE_W2_flux": 0.5027137006437425,
        "WISE_W2_flux_err": 0.018866048795170325,
        "WISE_W3": 10.762158747454539,
        "WISE_W3_err": 0.115,
        "WISE_W3_flux": 1.5697822475640026,
        "WISE_W3_flux_err": 0.17539448197630442,
        "WISE_W4": 8.647572481509055,
        "WISE_W4_err": 0.415,
        "WISE_W4_flux": 2.90625089635938,
        "WISE_W4_flux_err": 1.3529988300762918
    },
    "ra": 334.0204166666666,
    "ra_FRB": 334.01987499999996,
    "redshift": {
        "z": 0.1177805,
        "z_FRB": 0.1177805,
        "z_spec": 0.1177805
    }
}