{
    "FRB": "FRB190608",
    "cosmo": "Planck15",
    "dec": -7.898888888888888,
    "dec_FRB": -7.898249999999999,
    "derived": {
        "AV_nebular": 0.3752698747265434,
        "EBV_photom": 0.12131490286165124,
        "EBV_photom_err": 0.013008013119216864,
        "EBV_spec": 0.0,
        "Lnu_r": 1.344827179611232e+22,
        "Lnu_r_err": 6.72413589805616e+20,
        "M_r": -21.22166619455693,
        "M_r_err": 0.05428681023790647,
        "Mstar": 11568549375.993412,
        "Mstar_err": 2840729964.8991766,
        "Mstar_spec": 11705926156.079792,
        "SFR_nebular": 0.6895331461692129,
        "SFR_photom": 2.99959588644244,
        "SFR_photom_err": 0.705196887604426,
        "Z_photom": 0.03420833086793518,
        "Z_photom_err": 0.01729080205170225,
        "Z_spec": 0.10614586104269301,
        "age_mass": 383.4207532310143,
        "f_AGN": 0.10879746413044024,
        "f_AGN_err": 0.07966108519733069,
        "u-r": 1.4004238402913685,
        "u-r_err": 0.08507962973011961
    },
    "morphology": {
        "PA": 53.56,
        "PA_err": 8.53,
        "b/a": 0.77,
        "b/a_err": 0.06,
        "dec": -7.898839632066063,
        "dec_err": 0.027720000000000005,
        "n": 3.64,
        "n_err": 0.7,
        "ra": 334.02042834313454,
        "ra_err": 0.03168,
        "reff_ang": 1.2909599999999999,
        "reff_ang_err": 0.10296000000000001,
        "reff_kpc": 2.837344140909026,
        "reff_kpc_err": 0.22629125050194693
    },
    "neb_lines": {
        "Halpha": 2.7650406614936603e-15,
        "Halpha_err": 4.1493318456755e-17,
        "Hbeta": 8.374417492351327e-16,
        "Hbeta_err": 3.2617653121511e-17,
        "Hgamma": 3.924685712305079e-16,
        "Hgamma_err": 3.359845235084134e-17,
        "[NII] 6584": 1.831877573815229e-15,
        "[NII] 6584_err": 3.824482311838292e-17,
        "[OIII] 5007": 1.495146173438519e-15,
        "[OIII] 5007_err": 4.441160325269867e-17,
        "[OII] 3726": 1.2149399077023375e-15,
        "[OII] 3726_err": 7.397707620757304e-17,
        "[OII] 3729": 1.942294865986631e-15,
        "[OII] 3729_err": 7.851034905857881e-17
    },
    "offsets": {
        "ang_avg": 3.014615719220685,
        "ang_avg_err": 0.25706597511077667,
        "ang_best": 3.003446821275146,
        "ang_best_err": 0.2573084915834927,
        "physical": 6.60114352177982,
        "physical_err": 0.5655270039354919
    },
    "photom": {
        "EBV": 0.0404,
        "SDSS_g": 18.0239936,
        "SDSS_g_err": 0.01794288,
        "SDSS_i": 17.21585955,
        "SDSS_i_err": 0.01709021,
        "SDSS_r": 17.5538606,
        "SDSS_r_err": 0.01485198,
        "SDSS_u": 18.9867385,
        "SDSS_u_err": 0.08660249,
        "SDSS_z": 17.087944049999997,
        "SDSS_z_err": 0.04910865,
        "WISE_W1": 14.372155755376001,
        "WISE_W1_err": 0.03,
        "WISE_W2": 13.834173935194169,
        "WISE_W2_err": 0.04,
        "WISE_W3": 10.762158747454539,
        "WISE_W3_err": 0.115,
        "WISE_W4": 8.647572481509055,
        "WISE_W4_err": 0.415
    },
    "ra": 334.0204166666666,
    "ra_FRB": 334.01987499999996,
    "redshift": {
        "z": 0.1177805,
        "z_FRB": 0.1177805,
        "z_spec": 0.1177805
    }
}
