{
    "FRB": "FRB20181112A",
    "cosmo": "Planck18",
    "dec": -52.970911111111114,
    "dec_FRB": -52.97094444,
    "derived": {
        "AV_old": 0.13,
        "AV_old_loerr": 0.08,
        "AV_old_ref": "Gordon2023",
        "AV_old_uperr": 0.13,
        "AV_young": 1.16,
        "AV_young_loerr": 0.31,
        "AV_young_ref": "Gordon2023",
        "AV_young_uperr": 0.26,
        "EBV_photom": 0.181902741037501,
        "EBV_photom_err": 0.0954984501210051,
        "EBV_spec": 0.6728969763283427,
        "Lnu_r": 6.294762416467151e+21,
        "Lnu_r_err": 4.280438708075833e+20,
        "M_r": -20.39744835788712,
        "M_r_err": 0.07383006649223706,
        "Mstar": 7413102413.0,
        "Mstar_loerr": 1103528968.0,
        "Mstar_ref": "Gordon2023",
        "Mstar_spec": 55476962114.8469,
        "Mstar_uperr": 1296533487.0,
        "Mtotal": 11481536215.0,
        "Mtotal_loerr": 1931610355.0,
        "Mtotal_ref": "Gordon2023",
        "Mtotal_uperr": 2008092611.0,
        "SFR_SED": 1.54,
        "SFR_SED_loerr": 0.65,
        "SFR_SED_ref": "Gordon2023",
        "SFR_SED_uperr": 0.99,
        "SFR_nebular": 0.3706080318763178,
        "SFR_photom": 2.4613123078956023,
        "SFR_photom_err": 1.6024132094240373,
        "Z_gas": 0.6760829754,
        "Z_gas_loerr": 0.1632215914,
        "Z_gas_ref": "Gordon2023",
        "Z_gas_uperr": 0.2151679627,
        "Z_photom": 0.009017426212488432,
        "Z_photom_err": 0.013984251008750457,
        "Z_spec": -0.26900567612975296,
        "Z_stellar": 0.645654229,
        "Z_stellar_loerr": 0.3366246858,
        "Z_stellar_ref": "Gordon2023",
        "Z_stellar_uperr": 0.5566102056,
        "age_mass": 3.82,
        "age_mass_loerr": 0.98,
        "age_mass_ref": "Gordon2023",
        "age_mass_uperr": 0.84,
        "agn_tau": -999.0,
        "agn_tau_loerr": -999.0,
        "agn_tau_ref": "Gordon2023",
        "agn_tau_uperr": -999.0,
        "f_AGN": -999.0,
        "f_AGN_loerr": -999.0,
        "f_AGN_ref": "Gordon2023",
        "f_AGN_uperr": -999.0,
        "lg_sSFR": -9.42,
        "lg_sSFR_loerr": 0.17,
        "lg_sSFR_ref": "Gordon2023",
        "lg_sSFR_uperr": 0.15,
        "u-r": 1.1242764847682662,
        "u-r_err": 0.15262930416045986,
        "z_SED": 0.4755,
        "z_SED_loerr": 0.0,
        "z_SED_ref": "Gordon2023",
        "z_SED_uperr": 0.0
    },
    "morphology": {
        "PA": 1.08,
        "PA_err": 28.06,
        "b/a": 0.93,
        "b/a_err": 0.06,
        "dec": -52.9709368638997,
        "dec_err": 0.0126,
        "n": 3.95,
        "n_err": 0.87,
        "ra": 327.3486510773426,
        "ra_err": 0.0126,
        "reff_ang": 1.17432,
        "reff_ang_err": 0.2772,
        "reff_kpc": 7.1903290258234716,
        "reff_kpc_err": 1.69728796746906
    },
    "neb_lines": {
        "Hbeta": 2.868286974001483e-17,
        "Hbeta_err": 2.0582592184492076e-18,
        "Hgamma": 7.177895062215415e-18,
        "Hgamma_err": 2.1268690019005353e-18,
        "[NII] 6584": 4.8940024039665055e-17,
        "[NII] 6584_err": 1.0359113352252274e-17,
        "[OIII] 5007": 5.40602020186808e-17,
        "[OIII] 5007_err": 3.2545695709644632e-18
    },
    "offsets": {
        "ang_avg": 4.9335671374462,
        "ang_avg_err": 3.3075108247958505,
        "ang_best": 0.2964385857772819,
        "ang_best_err": 5.6958396273811,
        "physical": 1.8150852984607695,
        "physical_err": 34.87546920702524
    },
    "photom": {
        "DECaL_g": 22.825545973210044,
        "DECaL_g_err": 0.07896517872227649,
        "DECaL_g_flux": 0.002690181643879183,
        "DECaL_g_flux_err": 0.00020294654287908166,
        "DECaL_r": 22.032718377358865,
        "DECaL_r_err": 0.040091889918610214,
        "DECaL_r_flux": 0.005583578719219355,
        "DECaL_r_flux_err": 0.00021003317823733178,
        "DECaL_z": 21.762529483275276,
        "DECaL_z_err": 0.12768495444350597,
        "DECaL_z_flux": 0.0071612395412258174,
        "DECaL_z_flux_err": 0.0008936981030330202,
        "DELVE_g": 22.900341996105883,
        "DELVE_g_err": 0.160185,
        "DELVE_g_flux": 0.002511095303875973,
        "DELVE_g_flux_err": 0.0003992009203057293,
        "DELVE_i": 21.496382655135896,
        "DELVE_i_err": 0.107514,
        "DELVE_i_flux": 0.009150544391720195,
        "DELVE_i_flux_err": 0.0009525063043529817,
        "DELVE_r": 21.600292982459074,
        "DELVE_r_err": 0.083099,
        "DELVE_r_flux": 0.00831539341652405,
        "DELVE_r_flux_err": 0.0006614241931743254,
        "DELVE_z": 21.45149116987959,
        "DELVE_z_err": 0.173927,
        "DELVE_z_flux": 0.009536818695581623,
        "DELVE_z_flux_err": 0.00165689839419985,
        "DES_Y": 21.052882046111552,
        "DES_Y_err": 0.168520212173462,
        "DES_Y_flux": 0.013767249270710507,
        "DES_Y_flux_err": 0.002311610985940975,
        "DES_Y_ref": "Prochaska2019",
        "DES_g": 22.642306060681083,
        "DES_g_err": 0.0858693420886993,
        "DES_g_flux": 0.003184766307057847,
        "DES_g_flux_err": 0.0002621068892193334,
        "DES_g_ref": "Prochaska2019",
        "DES_i": 21.4606481006925,
        "DES_i_err": 0.061298742890358,
        "DES_i_flux": 0.009456724869548747,
        "DES_i_flux_err": 0.0005492694310387544,
        "DES_i_ref": "Prochaska2019",
        "DES_r": 21.682705130896572,
        "DES_r_err": 0.0506826266646385,
        "DES_r_flux": 0.007707578239474526,
        "DES_r_flux_err": 0.0003683228754539125,
        "DES_r_ref": "Prochaska2019",
        "DES_z": 21.42257566035809,
        "DES_z_err": 0.106540389358997,
        "DES_z_flux": 0.009794217184102965,
        "DES_z_flux_err": 0.0010098154144193435,
        "DES_z_ref": "Prochaska2019",
        "EBV": 0.0174,
        "VISTA_J": 20.95619708158382,
        "VISTA_J_err": 0.02227128196,
        "VISTA_J_flux": 0.01504946847845489,
        "VISTA_J_flux_err": 0.00031189177954853874,
        "VISTA_J_ref": "Gordon2023",
        "VLT_FORS2_I": 21.48015425867903,
        "VLT_FORS2_I_err": 0.04,
        "VLT_FORS2_I_flux": 0.009288343987364096,
        "VLT_FORS2_I_flux_err": 0.00034857683541853786,
        "VLT_FORS2_I_ref": "Prochaska2019",
        "VLT_FORS2_g": 22.503765407625558,
        "VLT_FORS2_g_err": 0.04,
        "VLT_FORS2_g_flux": 0.0036182105135877302,
        "VLT_FORS2_g_flux_err": 0.00013578570867102562,
        "VLT_FORS2_g_ref": "Prochaska2019"
    },
    "ra": 327.3485833333333,
    "ra_FRB": 327.3484583,
    "redshift": {
        "z": 0.4755,
        "z_FRB": 0.4755,
        "z_spec": 0.4755
    }
}