{
    "FRB": "FRB20231120A",
    "cosmo": "Planck18",
    "dec": 73.28494444444445,
    "dec_FRB": 73.284667,
    "derived": {
        "AV_old": 0.7162,
        "AV_old_loerr": -0.0068,
        "AV_old_ref": "Sharma2024",
        "AV_old_uperr": 0.0068,
        "Mtotal": 42198790168.7156,
        "Mtotal_loerr": -292508039.3963165,
        "Mtotal_ref": "Sharma2024",
        "Mtotal_uperr": 292508039.3963165,
        "SFR_SED": 0.4019,
        "SFR_SED_loerr": -0.025,
        "SFR_SED_ref": "Sharma2024",
        "SFR_SED_uperr": 0.0189
    },
    "offsets": {
        "ang_avg": 1.698392248473671,
        "ang_avg_err": 0.8296109249140803,
        "ang_best": 1.167400094211089,
        "ang_best_err": 0.9849908398686826,
        "physical": 0.8823963186720539,
        "physical_err": 0.7445196341303878
    },
    "photom": {
        "DECaL_g": 16.19196162143214,
        "DECaL_g_err": 0.001276602887073543,
        "DECaL_g_flux": 1.211198559721037,
        "DECaL_g_flux_err": 0.0014241208604659596,
        "DECaL_r": 15.359353662626562,
        "DECaL_r_err": 0.0006611279819371428,
        "DECaL_r_flux": 2.6077054174893317,
        "DECaL_r_flux_err": 0.0015878875666077098,
        "DECaL_z": 14.719511608564893,
        "DECaL_z_err": 0.000523636767172082,
        "DECaL_z_flux": 4.701055201568693,
        "DECaL_z_flux_err": 0.0022672591530604005,
        "DECam_g": 16.062600080167588,
        "DECam_g_err": 0.21,
        "DECam_g_flux": 1.3644573409513927,
        "DECam_g_flux_err": 0.26390944719728154,
        "DECam_g_ref": "Sharma2024",
        "DECam_r": 15.328321369465966,
        "DECam_r_err": 0.21,
        "DECam_r_flux": 2.683313690758176,
        "DECam_r_flux_err": 0.5189988807499953,
        "DECam_r_ref": "Sharma2024",
        "DECam_z": 14.81357451707373,
        "DECam_z_err": 0.2,
        "DECam_z_flux": 4.310922223147667,
        "DECam_z_flux_err": 0.7941012198461256,
        "DECam_z_ref": "Sharma2024",
        "EBV": 0.0324,
        "Pan-STARRS_g": 15.963699503949961,
        "Pan-STARRS_g_err": 0.01,
        "Pan-STARRS_g_flux": 1.4945835320742118,
        "Pan-STARRS_g_flux_err": 0.013765623044753874,
        "Pan-STARRS_g_ref": "Sharma2024",
        "Pan-STARRS_i": 15.04571560200787,
        "Pan-STARRS_i_err": 0.0,
        "Pan-STARRS_i_flux": 3.481077991387876,
        "Pan-STARRS_i_flux_err": 0.0,
        "Pan-STARRS_i_ref": "Sharma2024",
        "Pan-STARRS_r": 15.30447515445008,
        "Pan-STARRS_r_err": 0.01,
        "Pan-STARRS_r_flux": 2.7428997349065103,
        "Pan-STARRS_r_flux_err": 0.0252630401646922,
        "Pan-STARRS_r_ref": "Sharma2024",
        "Pan-STARRS_y": 14.55767259685865,
        "Pan-STARRS_y_err": 0.01,
        "Pan-STARRS_y_flux": 5.456711030104661,
        "Pan-STARRS_y_flux_err": 0.05025816589878071,
        "Pan-STARRS_y_ref": "Sharma2024",
        "Pan-STARRS_z": 14.808815729940843,
        "Pan-STARRS_z_err": 0.01,
        "Pan-STARRS_z_flux": 4.329858485033348,
        "Pan-STARRS_z_flux_err": 0.03987947040964629,
        "Pan-STARRS_z_ref": "Sharma2024",
        "WISE_W1": 15.425148333863449,
        "WISE_W1_err": 0.01,
        "WISE_W1_flux": 2.45437354269683,
        "WISE_W1_flux_err": 0.022605615728210824,
        "WISE_W1_ref": "Sharma2024",
        "WISE_W2": 15.966893423374076,
        "WISE_W2_err": 0.01,
        "WISE_W2_flux": 1.490193363455534,
        "WISE_W2_flux_err": 0.013725188097485484,
        "WISE_W2_ref": "Sharma2024",
        "WISE_W3": 14.6957997635044,
        "WISE_W3_err": 0.02,
        "WISE_W3_flux": 4.804852817668351,
        "WISE_W3_flux_err": 0.08850865977594868,
        "WISE_W3_ref": "Sharma2024",
        "WISE_W4": 13.806174608244849,
        "WISE_W4_err": 0.07,
        "WISE_W4_flux": 10.902601813266749,
        "WISE_W4_flux_err": 0.7029167154821804,
        "WISE_W4_ref": "Sharma2024"
    },
    "ra": 143.98454166666664,
    "ra_FRB": 143.983958,
    "redshift": {
        "z": 0.0368,
        "z_FRB": 0.0368,
        "z_spec": 0.0368
    }
}