{
    "FRB": "FRB20220418A",
    "cosmo": "Planck18",
    "dec": 70.09544361111111,
    "dec_FRB": 70.095944,
    "derived": {
        "AV_old": 0.0169,
        "AV_old_loerr": -0.0123,
        "AV_old_ref": "Sharma2024",
        "AV_old_uperr": 0.0227,
        "Mtotal": 18109230641.640568,
        "Mtotal_loerr": -1042146113.03413,
        "Mtotal_ref": "Sharma2024",
        "Mtotal_uperr": 1011302604.4047394,
        "SFR_SED": 1.3122,
        "SFR_SED_loerr": -0.1297,
        "SFR_SED_ref": "Sharma2024",
        "SFR_SED_uperr": 0.1539
    },
    "offsets": {
        "ang_avg": 2.5277584189965165,
        "ang_avg_err": 0.9255429735326457,
        "ang_best": 2.1973554417771726,
        "ang_best_err": 0.98274916596813,
        "physical": 15.371129254386654,
        "physical_err": 6.874611256574602
    },
    "photom": {
        "DECaL_g": 21.60662234840665,
        "DECaL_g_err": 0.03548158374138756,
        "DECaL_g_flux": 0.00826705933955949,
        "DECaL_g_flux_err": 0.00027016540202502064,
        "DECaL_r": 20.70591039410935,
        "DECaL_r_err": 0.02894515767500891,
        "DECaL_r_flux": 0.01895116167473678,
        "DECaL_r_flux_err": 0.0005052280290515336,
        "DECaL_z": 20.066372426502085,
        "DECaL_z_err": 0.033369797341228004,
        "DECaL_z_flux": 0.03415474314884669,
        "DECaL_z_flux_err": 0.0010497364388549705,
        "DECam_g": 22.121283560664736,
        "DECam_g_err": 0.2,
        "DECam_g_flux": 0.005146198928409395,
        "DECam_g_flux_err": 0.0009479648750509925,
        "DECam_g_ref": "Sharma2024",
        "DECam_r": 21.179154206397737,
        "DECam_r_err": 0.19,
        "DECam_r_flux": 0.012255705366083919,
        "DECam_r_flux_err": 0.0021447051404854694,
        "DECam_r_ref": "Sharma2024",
        "DECam_z": 20.976785426334306,
        "DECam_z_err": 0.18,
        "DECam_z_flux": 0.014766780648899316,
        "DECam_z_flux_err": 0.0024481273675441323,
        "DECam_z_ref": "Sharma2024",
        "EBV": 0.0162,
        "Pan-STARRS_i": 21.25785488062095,
        "Pan-STARRS_i_err": 0.08,
        "Pan-STARRS_i_flux": 0.0113987713471428,
        "Pan-STARRS_i_flux_err": 0.0008398925114361175,
        "Pan-STARRS_i_ref": "Sharma2024",
        "Pan-STARRS_r": 21.227231499216973,
        "Pan-STARRS_r_err": 0.18,
        "Pan-STARRS_r_flux": 0.011724852679824146,
        "Pan-STARRS_r_flux_err": 0.0019438179118642343,
        "Pan-STARRS_r_ref": "Sharma2024",
        "Pan-STARRS_z": 20.974406811925626,
        "Pan-STARRS_z_err": 0.21,
        "Pan-STARRS_z_flux": 0.014799166950715044,
        "Pan-STARRS_z_flux_err": 0.002862412661593515,
        "Pan-STARRS_z_ref": "Sharma2024",
        "WISE_W1": 20.687574111496826,
        "WISE_W1_err": 0.06,
        "WISE_W1_flux": 0.01927393321029319,
        "WISE_W1_flux_err": 0.0010651169110412154,
        "WISE_W1_ref": "Sharma2024",
        "WISE_W2": 20.03097152709961,
        "WISE_W2_err": 999.0,
        "WISE_W2_flux": 0.035286758095026016,
        "WISE_W2_flux_err": -99.0,
        "WISE_W3": 17.262142181396484,
        "WISE_W3_err": 999.0,
        "WISE_W3_flux": 0.4520050883293152,
        "WISE_W3_flux_err": -99.0,
        "WISE_W4": 15.477181434631348,
        "WISE_W4_err": 0.46700000762939453,
        "WISE_W4_flux": 2.3395230770111084,
        "WISE_W4_flux_err": 1.0062824487686157
    },
    "ra": 219.10660166666665,
    "ra_FRB": 219.105575,
    "redshift": {
        "z": 0.6213,
        "z_FRB": 0.6213,
        "z_spec": 0.6213
    }
}