{
    "FRB": "FRB20221113A",
    "cosmo": "Planck18",
    "dec": 70.30738833333334,
    "dec_FRB": 70.307389,
    "offsets": {
        "ang_avg": 1.6559959480079451,
        "ang_avg_err": 0.9248956713710444,
        "ang_best": 0.9098325518191958,
        "ang_best_err": 1.1883567716527004,
        "physical": 3.678434989184137,
        "physical_err": 4.804502894231324
    },
    "photom": {
        "EBV": 0.1595,
        "Pan-STARRS_g": 20.848684483975877,
        "Pan-STARRS_g_err": 0.18,
        "Pan-STARRS_g_flux": 0.01661598917926007,
        "Pan-STARRS_g_flux_err": 0.002754700487245052,
        "Pan-STARRS_g_ref": "Sharma2024",
        "Pan-STARRS_i": 20.843763621115205,
        "Pan-STARRS_i_err": 0.13,
        "Pan-STARRS_i_flux": 0.016691468448506105,
        "Pan-STARRS_i_flux_err": 0.0019985433743449515,
        "Pan-STARRS_i_ref": "Sharma2024",
        "Pan-STARRS_r": 20.959443995005884,
        "Pan-STARRS_r_err": 0.1,
        "Pan-STARRS_r_flux": 0.015004530003572441,
        "Pan-STARRS_r_flux_err": 0.001381968284544312,
        "Pan-STARRS_r_ref": "Sharma2024",
        "Pan-STARRS_z": 20.73810939780787,
        "Pan-STARRS_z_err": 0.09,
        "Pan-STARRS_z_flux": 0.018397390858215706,
        "Pan-STARRS_z_flux_err": 0.0015250160858440473,
        "Pan-STARRS_z_ref": "Sharma2024",
        "WIRC_H": 20.617455967191024,
        "WIRC_H_err": 0.18,
        "WIRC_H_flux": 0.020559739487783814,
        "WIRC_H_flux_err": 0.003408519575549668,
        "WIRC_H_ref": "Sharma2024",
        "WIRC_K": 20.59803283928654,
        "WIRC_K_err": 0.21,
        "WIRC_K_flux": 0.02093084967331743,
        "WIRC_K_flux_err": 0.00404838524508432,
        "WIRC_K_ref": "Sharma2024"
    },
    "ra": 71.41175,
    "ra_FRB": 71.411,
    "redshift": {
        "z": 0.2505,
        "z_FRB": 0.2505,
        "z_spec": 0.2505
    }
}