{
    "FRB": "FRB20180924B",
    "cosmo": "Planck18",
    "dec": -40.90022222222222,
    "dec_FRB": -40.90002778,
    "derived": {
        "AV_nebular": 0.7917584440105081,
        "EBV_photom": 0.30680281982249247,
        "EBV_photom_err": 0.11099262185447464,
        "EBV_spec": 0.17217024497708244,
        "IR_SB": 0.0206866399853523,
        "IR_SB_err": 9.63087138118237e-05,
        "IR_SB_ref": "Mannings2021",
        "IR_global": 19.349,
        "IR_global_err": 0.002,
        "IR_global_ref": "Mannings2021",
        "IRfe": 0.6553838155658194,
        "IRfe_err": 0.0655383815565819,
        "IRfe_ref": "Mannings2021",
        "IRff": 0.2437134822697229,
        "IRff_err": 0.1073310301220951,
        "IRff_ref": "Mannings2021",
        "Lnu_r": 9.1812362986915e+21,
        "Lnu_r_err": 4.59061814934575e+20,
        "M_r": -20.807252912575215,
        "M_r_err": 0.05428681023790647,
        "Mstar": 13234909371.953825,
        "Mstar_err": 5055043404.296791,
        "Mstar_spec": 12560336857.112703,
        "SFR_nebular": 0.8775458051717678,
        "SFR_photom": 2.029897092912971,
        "SFR_photom_err": 2.841465247802765,
        "SMStar": 80961923.96507531,
        "SMStar_err": 1016790.8896832824,
        "SMStar_ref": "Mannings2021",
        "SSFR": 0.0055585713782495,
        "SSFR_err": NaN,
        "SSFR_ref": "Mannings2021",
        "UV_SB": 0.0008454895495425,
        "UV_SB_err": NaN,
        "UV_SB_ref": "Mannings2021",
        "UV_global": 23.478,
        "UV_global_err": 0.0579999999999999,
        "UV_global_ref": "Mannings2021",
        "UVff": NaN,
        "UVff_err": NaN,
        "UVff_ref": "Mannings2021",
        "Z_photom": 0.005666169778486658,
        "Z_photom_err": 0.009809029187362926,
        "Z_spec": -0.07485665291622498,
        "age_mass": 383.42075323101426,
        "f_AGN": 0.0998315418958591,
        "f_AGN_err": 0.07622276151999985,
        "reff_iso": 0.527755300479335,
        "reff_iso_err": 0.0851700984080873,
        "reff_iso_ref": "Mannings2021",
        "u-r": 1.7815692371447855,
        "u-r_err": 0.14557622154188526
    },
    "morphology": {
        "PA": 83.05,
        "PA_err": 12.04,
        "b/a": 0.89,
        "b/a_err": 0.02,
        "dec": -40.900216358441874,
        "dec_err": 0.005132515516873788,
        "n": 4.05,
        "n_err": 0.9,
        "ra": 326.10519772980297,
        "ra_err": 0.005132515516873788,
        "reff_ang": 0.5851067689236118,
        "reff_ang_err": 0.11034908361278643,
        "reff_kpc": 2.8177818251697007,
        "reff_kpc_err": 0.531423765273233
    },
    "neb_lines": {
        "Halpha": 2.793917587884555e-16,
        "Halpha_err": 3.013472394842759e-18,
        "Hbeta": 7.242965230541272e-17,
        "Hbeta_err": 1.5593501300981236e-18,
        "Hgamma": 3.52957234235739e-17,
        "Hgamma_err": 1.8936419894150185e-18,
        "[NII] 6584": 1.9436203074257232e-16,
        "[NII] 6584_err": 2.883753521518385e-18,
        "[OIII] 5007": 7.872197042791452e-17,
        "[OIII] 5007_err": 1.8660434494152508e-18,
        "[OII] 3726": 3.977909646683979e-17,
        "[OII] 3726_err": 2.348287321814086e-18,
        "[OII] 3729": 6.947411709871694e-17,
        "[OII] 3729_err": 2.5078099684377433e-18
    },
    "offsets": {
        "ang_avg": 0.7229416615850397,
        "ang_avg_err": 0.17403061178085652,
        "ang_best": 0.7000823500085379,
        "ang_best_err": 0.17552550231396796,
        "physical": 3.3714860718586097,
        "physical_err": 0.8453031079848135
    },
    "photom": {
        "DECaL_g": 21.42281739197631,
        "DECaL_g_err": 0.01692898616117219,
        "DECaL_g_flux": 0.009792036812465198,
        "DECaL_g_flux_err": 0.00015387563709122446,
        "DECaL_r": 20.326066507023583,
        "DECaL_r_err": 0.007441419968529305,
        "DECaL_r_flux": 0.026888922009390658,
        "DECaL_r_flux_err": 0.0001849243159461304,
        "DECaL_z": 19.564837125433797,
        "DECaL_z_err": 0.010642853929013851,
        "DECaL_z_flux": 0.05420821965686622,
        "DECaL_z_flux_err": 0.0005339852185049103,
        "DES_Y": 19.652473983065683,
        "DES_Y_err": 0.045026816,
        "DES_Y_flux": 0.05000465106195218,
        "DES_Y_flux_err": 0.002117355607463569,
        "DES_g": 21.398763806498007,
        "DES_g_err": 0.018184263,
        "DES_g_flux": 0.010011392115630374,
        "DES_g_flux_err": 0.00016908605213325058,
        "DES_i": 20.005314259951366,
        "DES_i_err": 0.011742518,
        "DES_i_flux": 0.036130526507375645,
        "DES_i_flux_err": 0.0003928817224710439,
        "DES_r": 20.393608914516832,
        "DES_r_err": 0.009535181,
        "DES_r_flux": 0.025267159885357368,
        "DES_r_flux_err": 0.00022287916999593393,
        "DES_z": 19.758666667943604,
        "DES_z_err": 0.017072726,
        "DES_z_flux": 0.045345409384102586,
        "DES_z_flux_err": 0.0007186722851821165,
        "EBV": 0.0166,
        "WFC3_F160W": 19.34049607671388,
        "WFC3_F160W_err": 0.002,
        "WFC3_F160W_flux": 0.06665021636757432,
        "WFC3_F160W_flux_err": 0.00012288738443745042,
        "WFC3_F160W_ref": "Mannings2021",
        "WFC3_F300X": 23.372686479056508,
        "WFC3_F300X_err": 0.058,
        "WFC3_F300X_flux": 0.0016252695645897245,
        "WFC3_F300X_flux_err": 8.918272010276147e-05,
        "WFC3_F300X_ref": "Mannings2021",
        "WISE_W1": 19.46128273010254,
        "WISE_W1_err": 0.2150000035762787,
        "WISE_W1_flux": 0.0596330501139164,
        "WISE_W1_flux_err": 0.013059019111096859,
        "WISE_W2": 19.291427612304688,
        "WISE_W2_err": -999.0,
        "WISE_W2_flux": 0.06973151862621307,
        "WISE_W2_flux_err": -99.0,
        "WISE_W3": 16.384963989257812,
        "WISE_W3_err": -999.0,
        "WISE_W3_flux": 1.0139449834823608,
        "WISE_W3_flux_err": -99.0,
        "WISE_W4": 14.614984512329102,
        "WISE_W4_err": -999.0,
        "WISE_W4_flux": 5.1761393547058105,
        "WISE_W4_flux_err": -99.0
    },
    "positional_error": {
        "dec_astrometric": 0.0228,
        "dec_source": 0.00026,
        "ra_astrometric": 0.0243,
        "ra_source": 0.000329
    },
    "ra": 326.1052333333333,
    "ra_FRB": 326.1052292,
    "redshift": {
        "z": 0.3212,
        "z_FRB": 0.3212,
        "z_spec": 0.3212
    }
}