{
    "FRB": "FRB20180924B",
    "cosmo": "Planck18",
    "dec": -40.90022222222222,
    "dec_FRB": -40.90002778,
    "derived": {
        "AV_nebular": 0.8540871571394729,
        "AV_old": 0.11,
        "AV_old_loerr": 0.03,
        "AV_old_ref": "Gordon2023",
        "AV_old_uperr": 0.03,
        "AV_young": 1.1,
        "AV_young_loerr": 0.25,
        "AV_young_ref": "Gordon2023",
        "AV_young_uperr": 0.3,
        "EBV_photom": 0.30680281982249247,
        "EBV_photom_err": 0.11099262185447464,
        "EBV_spec": 0.17217024497708244,
        "IR_SB": 0.0206866399853523,
        "IR_SB_err": 9.63087138118237e-05,
        "IR_SB_ref": "Mannings2021",
        "IR_global": 19.349,
        "IR_global_err": 0.002,
        "IR_global_ref": "Mannings2021",
        "IRfe": 0.6553838155658194,
        "IRfe_err": 0.0655383815565819,
        "IRfe_ref": "Mannings2021",
        "IRff": 0.2437134822697229,
        "IRff_err": 0.1073310301220951,
        "IRff_ref": "Mannings2021",
        "Lnu_r": 9.1812362986915e+21,
        "Lnu_r_err": 4.59061814934575e+20,
        "M_r": -20.807252912575215,
        "M_r_err": 0.05428681023790647,
        "Mstar": 24547089157.0,
        "Mstar_loerr": 1104801004.0,
        "Mstar_ref": "Gordon2023",
        "Mstar_spec": 12560336857.112703,
        "Mstar_uperr": 1156868671.0,
        "Mtotal": 39810717055.0,
        "Mtotal_loerr": 2657194146.0,
        "Mtotal_ref": "Gordon2023",
        "Mtotal_uperr": 1876221292.0,
        "SFR_SED": 0.62,
        "SFR_SED_loerr": 0.24,
        "SFR_SED_ref": "Gordon2023",
        "SFR_SED_uperr": 0.32,
        "SFR_nebular": 0.9308416283329658,
        "SFR_photom": 2.029897092912971,
        "SFR_photom_err": 2.841465247802765,
        "SMStar": 80961923.96507531,
        "SMStar_err": 1016790.8896832824,
        "SMStar_ref": "Mannings2021",
        "SSFR": 0.0055585713782495,
        "SSFR_err": NaN,
        "SSFR_ref": "Mannings2021",
        "UV_SB": 0.0008454895495425,
        "UV_SB_err": NaN,
        "UV_SB_ref": "Mannings2021",
        "UV_global": 23.478,
        "UV_global_err": 0.0579999999999999,
        "UV_global_ref": "Mannings2021",
        "UVff": NaN,
        "UVff_err": NaN,
        "UVff_ref": "Mannings2021",
        "Z_gas": 1.071519305,
        "Z_gas_loerr": 0.1802683671,
        "Z_gas_ref": "Gordon2023",
        "Z_gas_uperr": 0.2167302465,
        "Z_photom": 0.005666169778486658,
        "Z_photom_err": 0.009809029187362926,
        "Z_spec": -0.07485665291622498,
        "Z_stellar": 0.7244359601,
        "Z_stellar_loerr": 0.06374251207,
        "Z_stellar_ref": "Gordon2023",
        "Z_stellar_uperr": 0.06989227465,
        "age_mass": 5.63,
        "age_mass_loerr": 0.75,
        "age_mass_ref": "Gordon2023",
        "age_mass_uperr": 0.53,
        "agn_tau": -999.0,
        "agn_tau_loerr": -999.0,
        "agn_tau_ref": "Gordon2023",
        "agn_tau_uperr": -999.0,
        "f_AGN": -999.0,
        "f_AGN_loerr": -999.0,
        "f_AGN_ref": "Gordon2023",
        "f_AGN_uperr": -999.0,
        "lg_sSFR": -10.32,
        "lg_sSFR_loerr": 0.15,
        "lg_sSFR_ref": "Gordon2023",
        "lg_sSFR_uperr": 0.1,
        "reff_iso": 0.527755300479335,
        "reff_iso_err": 0.0851700984080873,
        "reff_iso_ref": "Mannings2021",
        "u-r": 1.7815692371447855,
        "u-r_err": 0.14557622154188526,
        "z_SED": 0.3212,
        "z_SED_loerr": 0.0,
        "z_SED_ref": "Gordon2023",
        "z_SED_uperr": 0.0
    },
    "morphology": {
        "PA": 83.05,
        "PA_err": 12.04,
        "b/a": 0.89,
        "b/a_err": 0.02,
        "dec": -40.900216358441874,
        "dec_err": 0.005132515516873788,
        "n": 4.05,
        "n_err": 0.9,
        "ra": 326.10519772980297,
        "ra_err": 0.005132515516873788,
        "reff_ang": 0.5851067689236118,
        "reff_ang_err": 0.11034908361278643,
        "reff_kpc": 2.8177818251697007,
        "reff_kpc_err": 0.531423765273233
    },
    "neb_lines": {
        "Halpha": 2.793917587884555e-16,
        "Halpha_err": 3.013472394842759e-18,
        "Hbeta": 7.242965230541272e-17,
        "Hbeta_err": 1.5593501300981236e-18,
        "Hgamma": 3.52957234235739e-17,
        "Hgamma_err": 1.8936419894150185e-18,
        "[NII] 6584": 1.9436203074257232e-16,
        "[NII] 6584_err": 2.883753521518385e-18,
        "[OIII] 5007": 7.872197042791452e-17,
        "[OIII] 5007_err": 1.8660434494152508e-18,
        "[OII] 3726": 3.977909646683979e-17,
        "[OII] 3726_err": 2.348287321814086e-18,
        "[OII] 3729": 6.947411709871694e-17,
        "[OII] 3729_err": 2.5078099684377433e-18
    },
    "offsets": {
        "ang_avg": 0.7229416615838394,
        "ang_avg_err": 0.17403061178084436,
        "ang_best": 0.7000823500072955,
        "ang_best_err": 0.17552550231396138,
        "physical": 3.371486071852626,
        "physical_err": 0.8453031079847818
    },
    "photom": {
        "DECaL_g": 21.423824897901277,
        "DECaL_g_err": 0.01692898616,
        "DECaL_g_flux": 0.00978295453342699,
        "DECaL_g_flux_err": 0.00015253751433773831,
        "DECaL_g_ref": "Gordon2023",
        "DECaL_r": 20.32546527075224,
        "DECaL_r_err": 0.007441419969,
        "DECaL_r_flux": 0.02690381611733714,
        "DECaL_r_flux_err": 0.00018439340386779864,
        "DECaL_r_ref": "Gordon2023",
        "DECaL_z": 19.563040818812993,
        "DECaL_z_err": 0.01064285393,
        "DECaL_z_flux": 0.054297979194256996,
        "DECaL_z_flux_err": 0.000532252179420868,
        "DECaL_z_ref": "Gordon2023",
        "DELVE_g": 21.338413189171003,
        "DELVE_g_err": 0.057501,
        "DELVE_g_flux": 0.010583631705004672,
        "DELVE_g_flux_err": 0.0005605131375397445,
        "DELVE_i": 20.045645403080968,
        "DELVE_i_err": 0.029042,
        "DELVE_i_flux": 0.03481303069853932,
        "DELVE_i_flux_err": 0.0009312022875503256,
        "DELVE_r": 20.442428832208737,
        "DELVE_r_err": 0.026105,
        "DELVE_r_flux": 0.02415619136423403,
        "DELVE_r_flux_err": 0.0005808016466613159,
        "DELVE_z": 19.882618273337574,
        "DELVE_z_err": 0.043381,
        "DELVE_z_flux": 0.04045318168061288,
        "DELVE_z_flux_err": 0.0016163221478624344,
        "DES_Y": 19.650979726935564,
        "DES_Y_err": 0.045026816,
        "DES_Y_flux": 0.0500735178793118,
        "DES_Y_flux_err": 0.002076610383022783,
        "DES_Y_ref": "Gordon2023",
        "DES_g": 21.399782189171002,
        "DES_g_err": 0.018184263,
        "DES_g_flux": 0.010002006181703616,
        "DES_g_flux_err": 0.0001675168518270437,
        "DES_i": 20.00366840308097,
        "DES_i_err": 0.011742518,
        "DES_i_flux": 0.036185337951926126,
        "DES_i_flux_err": 0.00039135379328281,
        "DES_i_ref": "Gordon2023",
        "DES_r": 20.393013832208737,
        "DES_r_err": 0.009535181,
        "DES_r_flux": 0.025281012385688615,
        "DES_r_flux_err": 0.00022202357064668736,
        "DES_z": 19.756865273337574,
        "DES_z_err": 0.017072726,
        "DES_z_flux": 0.045420706474359696,
        "DES_z_flux_err": 0.0007142207038549644,
        "EBV": 0.0166,
        "VISTA_J": 19.23684167890824,
        "VISTA_J_err": 0.1064,
        "VISTA_J_flux": 0.07332689962351022,
        "VISTA_J_flux_err": 0.00718589109007334,
        "VISTA_J_ref": "Gordon2023",
        "VISTA_Ks": 18.967617151919043,
        "VISTA_Ks_err": 0.1737,
        "VISTA_Ks_flux": 0.09396219066945256,
        "VISTA_Ks_flux_err": 0.015032410679277115,
        "VISTA_Ks_ref": "Gordon2023",
        "VLT_FORS2_I": 19.845304676982074,
        "VLT_FORS2_I_err": 0.0049314223531819,
        "VLT_FORS2_I_flux": 0.04186760551465062,
        "VLT_FORS2_I_flux_err": 0.0001901629924509561,
        "VLT_FORS2_I_ref": "Shannon2024",
        "VLT_FORS2_g": 21.168493964306496,
        "VLT_FORS2_g_err": 0.0063606228375824,
        "VLT_FORS2_g_flux": 0.01237663001972804,
        "VLT_FORS2_g_flux_err": 7.250663209976248e-05,