{
    "FRB": "FRB20210807D",
    "cosmo": "Planck18",
    "dec": -0.7622386111111111,
    "dec_FRB": -0.762361,
    "derived": {
        "AV_old": 0.04,
        "AV_old_loerr": 0.03,
        "AV_old_ref": "Gordon2023",
        "AV_old_uperr": 0.03,
        "AV_young": 1.08,
        "AV_young_loerr": 0.15,
        "AV_young_ref": "Gordon2023",
        "AV_young_uperr": 0.17,
        "Mstar": 93325430080.0,
        "Mstar_loerr": 4200336266.0,
        "Mstar_ref": "Gordon2023",
        "Mstar_uperr": 4398292016.0,
        "Mtotal": 158489319246.0,
        "Mtotal_loerr": 7133194402.0,
        "Mtotal_ref": "Gordon2023",
        "Mtotal_uperr": 7469371498.0,
        "SFR_SED": 0.63,
        "SFR_SED_loerr": 0.17,
        "SFR_SED_ref": "Gordon2023",
        "SFR_SED_uperr": 0.18,
        "Z_gas": 0.5495408739,
        "Z_gas_loerr": 0.08180573257,
        "Z_gas_ref": "Gordon2023",
        "Z_gas_uperr": 0.09611335518,
        "Z_stellar": 0.301995172,
        "Z_stellar_loerr": 0.03284169165,
        "Z_stellar_ref": "Gordon2023",
        "Z_stellar_uperr": 0.02913594944,
        "age_mass": 8.36,
        "age_mass_loerr": 1.84,
        "age_mass_ref": "Gordon2023",
        "age_mass_uperr": 2.25,
        "agn_tau": 90.24,
        "agn_tau_loerr": 19.6,
        "agn_tau_ref": "Gordon2023",
        "agn_tau_uperr": 29.05,
        "f_AGN": 0.1096478196,
        "f_AGN_loerr": 0.01844673568,
        "f_AGN_ref": "Gordon2023",
        "f_AGN_uperr": 0.01624472157,
        "lg_sSFR": -11.41,
        "lg_sSFR_loerr": 0.19,
        "lg_sSFR_ref": "Gordon2023",
        "lg_sSFR_uperr": 0.14,
        "z_SED": 0.1293,
        "z_SED_loerr": 0.0,
        "z_SED_ref": "Gordon2023",
        "z_SED_uperr": 0.0
    },
    "morphology": {
        "PA": -12.33555862124581,
        "amp": 38241.15705164857,
        "b/a": 0.5026273549701358,
        "dec": -0.7623768986872631,
        "n": 3.370238983454894,
        "phi_G": -0.2152961130135115,
        "q": 0.5026273549701358,
        "ra": 299.22010841786425,
        "reff_ang": 2.756416982981451,
        "reff_ang_err": 0.015,
        "reff_kpc": 6.570510590606893,
        "reff_kpc_err": 0.03575571456264193
    },
    "offsets": {
        "ang_avg": 5.012487395883377,
        "ang_avg_err": 0.49872524288260267,
        "ang_best": 4.987360434786424,
        "ang_best_err": 0.4993578196666984,
        "physical": 11.888442408482476,
        "physical_err": 1.1903263776417128
    },
    "photom": {
        "EBV": 0.1897,
        "Pan-STARRS_g": 17.775451780999802,
        "Pan-STARRS_g_err": 0.0115,
        "Pan-STARRS_g_flux": 0.2817210393070224,
        "Pan-STARRS_g_flux_err": 0.0029839586612592406,
        "Pan-STARRS_g_ref": "Gordon2023",
        "Pan-STARRS_i": 16.7523505226279,
        "Pan-STARRS_i_err": 0.0068,
        "Pan-STARRS_i_flux": 0.7228693073826138,
        "Pan-STARRS_i_flux_err": 0.004527353208505013,
        "Pan-STARRS_i_ref": "Gordon2023",
        "Pan-STARRS_r": 17.161447627178458,
        "Pan-STARRS_r_err": 0.0065,
        "Pan-STARRS_r_flux": 0.495930642694173,
        "Pan-STARRS_r_flux_err": 0.0029689985130690534,
        "Pan-STARRS_r_ref": "Gordon2023",
        "Pan-STARRS_y": 16.442874844405814,
        "Pan-STARRS_y_err": 0.0201,
        "Pan-STARRS_y_flux": 0.9612803317485699,
        "Pan-STARRS_y_flux_err": 0.017795975287063927,
        "Pan-STARRS_y_ref": "Gordon2023",
        "Pan-STARRS_z": 16.560538992439742,
        "Pan-STARRS_z_err": 0.0079,
        "Pan-STARRS_z_flux": 0.8625502339839879,
        "Pan-STARRS_z_flux_err": 0.006276061181906979,
        "Pan-STARRS_z_ref": "Gordon2023",
        "VISTA_J": 16.19793358190298,
        "VISTA_J_err": 0.01,
        "VISTA_J_flux": 1.20455479712073,
        "VISTA_J_flux_err": 0.01109435967817864,
        "VISTA_J_ref": "Gordon2023",
        "VISTA_Ks": 15.989059920160447,
        "VISTA_Ks_err": 0.01,
        "VISTA_Ks_flux": 1.46007789588513,
        "VISTA_Ks_flux_err": 0.013447814390700853,
        "VISTA_Ks_ref": "Gordon2023",
        "VLT_FORS2_I": 16.13171201993396,
        "VLT_FORS2_I_err": 0.0036298722277761,
        "VLT_FORS2_I_flux": 1.2803101436059792,
        "VLT_FORS2_I_flux_err": 0.004280378799978095,
        "VLT_FORS2_I_ref": "Shannon2024",
        "VLT_FORS2_g": 17.420396031224517,
        "VLT_FORS2_g_err": 0.0013770765425356,
        "VLT_FORS2_g_flux": 0.3906983542203564,
        "VLT_FORS2_g_flux_err": 0.0004955361499840316,
        "VLT_FORS2_g_ref": "Shannon2024",
        "WISE_W1": 16.878600091479484,
        "WISE_W1_err": 0.044,
        "WISE_W1_flux": 0.6435169013308585,
        "WISE_W1_flux_err": 0.026078842664057127,
        "WISE_W1_ref": "Gordon2023",
        "WISE_W2": 17.235811834175596,
        "WISE_W2_err": 0.039,
        "WISE_W2_flux": 0.463100511442914,
        "WISE_W2_flux_err": 0.01663472201361941,
        "WISE_W2_ref": "Gordon2023",
        "WISE_W3": 16.084443309581236,
        "WISE_W3_err": 0.103,
        "WISE_W3_flux": 1.3372809884184482,
        "WISE_W3_flux_err": 0.12686317468595848,
        "WISE_W3_ref": "Gordon2023",
        "WISE_W4": 13.840697288513184,
        "WISE_W4_err": 999.0,
        "WISE_W4_flux": 10.561394691467285,
        "WISE_W4_flux_err": -99.0
    },
    "ra": 299.22005291666665,
    "ra_FRB": 299.221433,
    "redshift": {
        "z": 0.1293,
        "z_FRB": 0.1293,
        "z_spec": 0.1293
    }
}