{
    "FRB": "FRB20210807D",
    "cosmo": "Planck18",
    "dec": -0.7622386111111111,
    "dec_FRB": -0.762361,
    "derived": {
        "AV_old": 0.04,
        "AV_old_loerr": 0.03,
        "AV_old_ref": "Gordon2023",
        "AV_old_uperr": 0.03,
        "AV_young": 1.08,
        "AV_young_loerr": 0.15,
        "AV_young_ref": "Gordon2023",
        "AV_young_uperr": 0.17,
        "Mstar": 93325430080.0,
        "Mstar_loerr": 4200336266.0,
        "Mstar_ref": "Gordon2023",
        "Mstar_uperr": 4398292016.0,
        "Mtotal": 158489319246.0,
        "Mtotal_loerr": 7133194402.0,
        "Mtotal_ref": "Gordon2023",
        "Mtotal_uperr": 7469371498.0,
        "SFR_SED": 0.63,
        "SFR_SED_loerr": 0.17,
        "SFR_SED_ref": "Gordon2023",
        "SFR_SED_uperr": 0.18,
        "Z_gas": 0.5495408739,
        "Z_gas_loerr": 0.08180573257,
        "Z_gas_ref": "Gordon2023",
        "Z_gas_uperr": 0.09611335518,
        "Z_stellar": 0.301995172,
        "Z_stellar_loerr": 0.03284169165,
        "Z_stellar_ref": "Gordon2023",
        "Z_stellar_uperr": 0.02913594944,
        "age_mass": 8.36,
        "age_mass_loerr": 1.84,
        "age_mass_ref": "Gordon2023",
        "age_mass_uperr": 2.25,
        "agn_tau": 90.24,
        "agn_tau_loerr": 19.6,
        "agn_tau_ref": "Gordon2023",
        "agn_tau_uperr": 29.05,
        "f_AGN": 0.1096478196,
        "f_AGN_loerr": 0.01844673568,
        "f_AGN_ref": "Gordon2023",
        "f_AGN_uperr": 0.01624472157,
        "lg_sSFR": -11.41,
        "lg_sSFR_loerr": 0.19,
        "lg_sSFR_ref": "Gordon2023",
        "lg_sSFR_uperr": 0.14,
        "z_SED": 0.1293,
        "z_SED_loerr": 0.0,
        "z_SED_ref": "Gordon2023",
        "z_SED_uperr": 0.0
    },
    "offsets": {
        "ang_avg": 5.012487395883377,
        "ang_avg_err": 0.49872524288260267,
        "ang_best": 4.987360434786424,
        "ang_best_err": 0.4993578196666984,
        "physical": 11.888442408482476,
        "physical_err": 1.1903263776417128
    },
    "photom": {
        "EBV": 0.1897,
        "Pan-STARRS_g": 17.763746245852747,
        "Pan-STARRS_g_err": 0.0115,
        "Pan-STARRS_g_flux": 0.2847747609392792,
        "Pan-STARRS_g_flux_err": 0.0030323340766151307,
        "Pan-STARRS_g_ref": "Gordon2023",
        "Pan-STARRS_i": 16.769640314797122,
        "Pan-STARRS_i_err": 0.0068,
        "Pan-STARRS_i_flux": 0.7114491557967011,
        "Pan-STARRS_i_flux_err": 0.004469811112824032,
        "Pan-STARRS_i_ref": "Gordon2023",
        "Pan-STARRS_r": 17.165035436757826,
        "Pan-STARRS_r_err": 0.0065,
        "Pan-STARRS_r_flux": 0.4942945472164559,
        "Pan-STARRS_r_flux_err": 0.0029680793324485927,
        "Pan-STARRS_r_ref": "Gordon2023",
        "Pan-STARRS_y": 16.46162633201236,
        "Pan-STARRS_y_err": 0.0201,
        "Pan-STARRS_y_flux": 0.9448208345719559,
        "Pan-STARRS_y_flux_err": 0.01765417391918887,
        "Pan-STARRS_y_ref": "Gordon2023",
        "Pan-STARRS_z": 16.582261817361424,
        "Pan-STARRS_z_err": 0.0079,
        "Pan-STARRS_z_flux": 0.8454642868631697,
        "Pan-STARRS_z_flux_err": 0.006174175878443296,
        "Pan-STARRS_z_ref": "Gordon2023",
        "VISTA_J": 16.212137898202315,
        "VISTA_J_err": 0.01,
        "VISTA_J_flux": 1.1888986530184844,
        "VISTA_J_flux_err": 0.0110007437931037,
        "VISTA_J_ref": "Gordon2023",
        "VISTA_Ks": 15.999291347324913,
        "VISTA_Ks_err": 0.01,
        "VISTA_Ks_flux": 1.4463834884541558,
        "VISTA_Ks_flux_err": 0.013383221641863825,
        "VISTA_Ks_ref": "Gordon2023",
        "WISE_W1": 16.884257978681312,
        "WISE_W1_err": 0.044,
        "WISE_W1_flux": 0.6401721884969285,
        "WISE_W1_flux_err": 0.026476152726210813,
        "WISE_W1_ref": "Gordon2023",
        "WISE_W2": 17.240730863892956,
        "WISE_W2_err": 0.039,
        "WISE_W2_flux": 0.4610071368329231,
        "WISE_W2_flux_err": 0.016860532386812285,
        "WISE_W2_ref": "Gordon2023",
        "WISE_W3": 16.10505020796835,
        "WISE_W3_err": 0.103,
        "WISE_W3_flux": 1.312139202798312,
        "WISE_W3_flux_err": 0.13057368410388248,
        "WISE_W3_ref": "Gordon2023",
        "WISE_W4": 13.86108684539795,
        "WISE_W4_err": -999.0,
        "WISE_W4_flux": 10.364908218383789,
        "WISE_W4_flux_err": -99.0
    },
    "ra": 299.22005291666665,
    "ra_FRB": 299.221433,
    "redshift": {
        "z": 0.1293,
        "z_FRB": 0.1293,
        "z_spec": 0.1293
    }
}