{
    "FRB": "FRB20200430",
    "cosmo": "Planck18",
    "dec": 12.376611111111112,
    "dec_FRB": 12.376750000000001,
    "derived": {
        "AV_nebular": 0.7004898024485874,
        "EBV_photom": 0.2843850580158977,
        "EBV_photom_err": 0.17592176371975377,
        "EBV_spec": 0.0,
        "Lnu_r": 8.691124044896793e+20,
        "Lnu_r_err": 4.345562022448397e+19,
        "M_r": -18.247689871192676,
        "M_r_err": 0.05428681023790647,
        "Mstar": 2051321043.7522395,
        "Mstar_err": 1071784553.4062623,
        "Mstar_spec": 464817886.04140633,
        "SFR_nebular": 0.26436066639179284,
        "SFR_photom": 0.1454827011695294,
        "SFR_photom_err": 0.39654930050180465,
        "Z_photom": 0.008659723515018161,
        "Z_photom_err": 0.013057326261510755,
        "Z_spec": 0.21831361273017735,
        "age_mass": 607.2427044007322,
        "f_AGN": 0.08925752932918925,
        "f_AGN_err": 0.07404858432678728,
        "u-r": 2.0785905938131997,
        "u-r_err": 0.2970234035400081
    },
    "morphology": {
        "PA": 87.47,
        "PA_err": 61.14,
        "b/a": 0.71,
        "b/a_err": 0.5,
        "dec": 12.376575520221536,
        "dec_err": 0.1188,
        "n": 0.06,
        "n_err": 4.0,
        "ra": 229.70639290258913,
        "ra_err": 0.13068000000000002,
        "reff_ang": 0.5742,
        "reff_ang_err": 0.18612,
        "reff_kpc": 1.6429002461691813,
        "reff_kpc_err": 0.5325262866893208
    },
    "neb_lines": {
        "Halpha": 4.2694603103948097e-16,
        "Halpha_err": 1.5289793435172125e-17,
        "Hbeta": 1.1451929072221e-16,
        "Hbeta_err": 2.0738361350339645e-17,
        "[NII] 6584": 2.0208531169286558e-16,
        "[NII] 6584_err": 1.9508300542265818e-17,
        "[OIII] 5007": 1.1676568325778105e-16,
        "[OIII] 5007_err": 2.47353750723511e-17
    },
    "offsets": {
        "ang_avg": 1.0264657204321181,
        "ang_avg_err": 0.6261933875034027,
        "ang_best": 0.5795389008028885,
        "ang_best_err": 0.7693255102080552,
        "physical": 1.6581759017653817,
        "physical_err": 2.201193086215682
    },
    "photom": {
        "DECaL_g": 21.7767311241789,
        "DECaL_g_err": 0.026554022703255097,
        "DECaL_g_flux": 0.007068179085302588,
        "DECaL_g_flux_err": 0.0001749988421674383,
        "DECaL_r": 21.033393618320492,
        "DECaL_r_err": 0.02176609364254954,
        "DECaL_r_flux": 0.014016595712880785,
        "DECaL_r_flux_err": 0.0002838305975309782,
        "DECaL_z": 20.515169074466147,
        "DECaL_z_err": 0.030173676450301855,
        "DECaL_z_flux": 0.022590839210547532,
        "DECaL_z_flux_err": 0.0006366268992221686,
        "EBV": 0.0366,
        "Pan-STARRS_g": 22.230295643784277,
        "Pan-STARRS_g_err": 0.10269699990749359,
        "Pan-STARRS_g_flux": 0.004654593265103259,
        "Pan-STARRS_g_flux_err": 0.0004617601589009483,
        "Pan-STARRS_g_ref": "Bhandari2021",
        "Pan-STARRS_i": 20.982708732477395,
        "Pan-STARRS_i_err": 0.05153400078415871,
        "Pan-STARRS_i_flux": 0.014686438848326678,
        "Pan-STARRS_i_flux_err": 0.0007138937959642477,
        "Pan-STARRS_i_ref": "Bhandari2021",
        "Pan-STARRS_r": 21.263428038876693,
        "Pan-STARRS_r_err": 0.0739310011267662,
        "Pan-STARRS_r_flux": 0.011340410586624059,
        "Pan-STARRS_r_flux_err": 0.0007991000281303365,
        "Pan-STARRS_r_ref": "Bhandari2021",
        "Pan-STARRS_y": 20.680408242434755,
        "Pan-STARRS_y_err": 0.181085005402565,
        "Pan-STARRS_y_flux": 0.019401562061474593,
        "Pan-STARRS_y_flux_err": 0.0035213980921711525,
        "Pan-STARRS_y_ref": "Bhandari2021",
        "Pan-STARRS_z": 20.71567247089687,
        "Pan-STARRS_z_err": 0.09693799912929535,
        "Pan-STARRS_z_flux": 0.01878153162725466,
        "Pan-STARRS_z_flux_err": 0.0017540120653997955,
        "Pan-STARRS_z_ref": "Bhandari2021",
        "SDSS_g": 21.791086500000002,
        "SDSS_g_err": 0.1103574,
        "SDSS_g_flux": 0.006975340208063848,
        "SDSS_g_flux_err": 0.0007462785328663352,
        "SDSS_i": 20.81473929,
        "SDSS_i_err": 0.06274015,
        "SDSS_i_flux": 0.017143688946016367,
        "SDSS_i_flux_err": 0.0010198445142516484,
        "SDSS_r": 21.10871329,
        "SDSS_r_err": 0.07251059,
        "SDSS_r_flux": 0.013077197365131623,
        "SDSS_r_flux_err": 0.0009031806450733743,
        "SDSS_u": 19.7523754,
        "SDSS_u_err": 0.2587098,
        "SDSS_u_flux": 0.04560892481423664,
        "SDSS_u_flux_err": 0.012271772457214284,
        "SDSS_z": 20.70262818,
        "SDSS_z_err": 0.3044243,
        "SDSS_z_flux": 0.019008538304265923,
        "SDSS_z_flux_err": 0.006151913897367045,
        "WISE_W1": 20.74033038079575,
        "WISE_W1_err": 0.10554230197851482,
        "WISE_W1_flux": 0.0015652532923016006,
        "WISE_W1_flux_err": 0.00015979614865819998,
        "WISE_W1_ref": "Bhandari2021",
        "WISE_W2": 21.943234749354563,
        "WISE_W2_err": 0.5885221429356049,
        "WISE_W2_flux": 0.00028687743932644913,
        "WISE_W2_flux_err": 0.00020641590162522969,
        "WISE_W2_ref": "Bhandari2021",
        "WISE_W3": 18.27258587346594,
        "WISE_W3_err": 0.3938342819787092,
        "WISE_W3_flux": 0.0015547786309124867,
        "WISE_W3_flux_err": 0.0006798341366046769,
        "WISE_W3_ref": "Bhandari2021",
        "WISE_W4": -99.00038730639496,
        "WISE_W4_err": -99.0,
        "WISE_W4_flux": -99.0,
        "WISE_W4_flux_err": -99.0,
        "WISE_W4_ref": "Bhandari2021"
    },
    "ra": 229.7063333333333,
    "ra_FRB": 229.70641666666663,
    "redshift": {
        "z": 0.1608,
        "z_FRB": 0.1608,
        "z_spec": 0.1608
    }
}