{
    "FRB": "FRB20200430",
    "cosmo": "Planck18",
    "dec": 12.376611111111112,
    "dec_FRB": 12.376750000000001,
    "derived": {
        "AV_nebular": 0.7004898024485874,
        "EBV_photom": 0.2843850580158977,
        "EBV_photom_err": 0.17592176371975377,
        "EBV_spec": 0.0,
        "Lnu_r": 8.691124044896793e+20,
        "Lnu_r_err": 4.345562022448397e+19,
        "M_r": -18.247689871192676,
        "M_r_err": 0.05428681023790647,
        "Mstar": 2051321043.7522395,
        "Mstar_err": 1071784553.4062623,
        "Mstar_spec": 464817886.04140633,
        "SFR_nebular": 0.26436066639179284,
        "SFR_photom": 0.1454827011695294,
        "SFR_photom_err": 0.39654930050180465,
        "Z_photom": 0.008659723515018161,
        "Z_photom_err": 0.013057326261510755,
        "Z_spec": 0.21831361273017735,
        "age_mass": 607.2427044007322,
        "f_AGN": 0.08925752932918925,
        "f_AGN_err": 0.07404858432678728,
        "u-r": 2.0785905938131997,
        "u-r_err": 0.2970234035400081
    },
    "neb_lines": {
        "Halpha": 4.2694603103948097e-16,
        "Halpha_err": 1.5289793435172125e-17,
        "Hbeta": 1.1451929072221e-16,
        "Hbeta_err": 2.0738361350339645e-17,
        "[NII] 6584": 2.0208531169286558e-16,
        "[NII] 6584_err": 1.9508300542265818e-17,
        "[OIII] 5007": 1.1676568325778105e-16,
        "[OIII] 5007_err": 2.47353750723511e-17
    },
    "offsets": {
        "ang_avg": 1.0264657204321181,
        "ang_avg_err": 0.6261933875034027,
        "ang_best": 0.5795389008028885,
        "ang_best_err": 0.7693255102080552,
        "physical": 1.6581759017653817,
        "physical_err": 2.201193086215682
    },
    "photom": {
        "DECaL_g": 21.75470400331308,
        "DECaL_g_err": 0.026554022703255097,
        "DECaL_g_flux": 0.007213040870077071,
        "DECaL_g_flux_err": 0.0001785854299298447,
        "DECaL_r": 21.018514573173967,
        "DECaL_r_err": 0.02176609364254954,
        "DECaL_r_flux": 0.014210002849797648,
        "DECaL_r_flux_err": 0.000287747016636041,
        "DECaL_z": 20.507202071388328,
        "DECaL_z_err": 0.030173676450301855,
        "DECaL_z_flux": 0.022757217787122665,
        "DECaL_z_flux_err": 0.000641315573083057,
        "EBV": 0.0426,
        "Pan-STARRS_g": 22.20840776476399,
        "Pan-STARRS_g_err": 0.10269699990749359,
        "Pan-STARRS_g_flux": 0.004749379664514043,
        "Pan-STARRS_g_flux_err": 0.0004711634687844815,
        "Pan-STARRS_g_ref": "Bhandari2021",
        "Pan-STARRS_i": 20.971352860501952,
        "Pan-STARRS_i_err": 0.05153400078415871,
        "Pan-STARRS_i_flux": 0.014840852546010763,
        "Pan-STARRS_i_flux_err": 0.0007213996986495081,
        "Pan-STARRS_i_ref": "Bhandari2021",
        "Pan-STARRS_r": 21.247703459399265,
        "Pan-STARRS_r_err": 0.0739310011267662,
        "Pan-STARRS_r_flux": 0.011505847420586808,
        "Pan-STARRS_r_flux_err": 0.0008107575054027517,
        "Pan-STARRS_r_ref": "Bhandari2021",
        "Pan-STARRS_y": 20.67316436874092,
        "Pan-STARRS_y_err": 0.181085005402565,
        "Pan-STARRS_y_flux": 0.01953143923445287,
        "Pan-STARRS_y_flux_err": 0.003544970896654275,
        "Pan-STARRS_y_ref": "Bhandari2021",
        "Pan-STARRS_z": 20.70688204384384,
        "Pan-STARRS_z_err": 0.09693799912929535,
        "Pan-STARRS_z_flux": 0.018934209440774494,
        "Pan-STARRS_z_flux_err": 0.0017682706856416098,
        "Pan-STARRS_z_ref": "Bhandari2021",
        "SDSS_g": 21.791086500000002,
        "SDSS_g_err": 0.1103574,
        "SDSS_g_flux": 0.006975340208063848,
        "SDSS_g_flux_err": 0.0007462785328663352,
        "SDSS_i": 20.81473929,
        "SDSS_i_err": 0.06274015,
        "SDSS_i_flux": 0.017143688946016367,
        "SDSS_i_flux_err": 0.0010198445142516484,
        "SDSS_r": 21.10871329,
        "SDSS_r_err": 0.07251059,
        "SDSS_r_flux": 0.013077197365131623,
        "SDSS_r_flux_err": 0.0009031806450733743,
        "SDSS_u": 19.7523754,
        "SDSS_u_err": 0.2587098,
        "SDSS_u_flux": 0.04560892481423664,
        "SDSS_u_flux_err": 0.012271772457214284,
        "SDSS_z": 20.70262818,
        "SDSS_z_err": 0.3044243,
        "SDSS_z_flux": 0.019008538304265923,
        "SDSS_z_flux_err": 0.006151913897367045,
        "WISE_W1": 20.73961097426436,
        "WISE_W1_err": 0.10554230197851482,
        "WISE_W1_flux": 0.0015662907695263265,
        "WISE_W1_flux_err": 0.00015990206433692572,
        "WISE_W1_ref": "Bhandari2021",
        "WISE_W2": 21.942815043147725,
        "WISE_W2_err": 0.5885221429356049,
        "WISE_W2_flux": 0.0002869883571684747,
        "WISE_W2_flux_err": 0.00020649570994484446,
        "WISE_W2_ref": "Bhandari2021",
        "WISE_W3": 18.272460937820107,
        "WISE_W3_err": 0.3938342819787092,
        "WISE_W3_flux": 0.0015549575495558642,
        "WISE_W3_flux_err": 0.0006799123696077711,
        "WISE_W3_ref": "Bhandari2021",
        "WISE_W4": -99.00045079917437,
        "WISE_W4_err": -99.0,
        "WISE_W4_flux": -99.0,
        "WISE_W4_flux_err": -99.0,
        "WISE_W4_ref": "Bhandari2021"
    },
    "ra": 229.7063333333333,
    "ra_FRB": 229.70641666666663,
    "redshift": {
        "z": 0.1608,
        "z_FRB": 0.1608,
        "z_spec": 0.1608
    }
}