{
    "FRB": "FRB190711",
    "cosmo": "Planck15",
    "dec": -80.35806944444444,
    "dec_FRB": -80.35799999999999,
    "derived": {
        "EBV_photom": 0.18690004225363024,
        "EBV_photom_err": 0.11082622182007512,
        "Lnu_r": 1.7556838091147775e+21,
        "Lnu_r_err": 1.2631517547353653e+20,
        "M_r": -19.01111576024455,
        "M_r_err": 0.07811483964823014,
        "Mstar": 814135954.0515537,
        "Mstar_err": 291780423.65736264,
        "SFR_nebular": 0.4155710372083684,
        "SFR_photom": 0.8913675637700837,
        "SFR_photom_err": 0.40953161123472515,
        "Z_photom": 0.005804349534818569,
        "Z_photom_err": 0.009274557777466552,
        "age_mass": 607.2427044007321,
        "f_AGN": 0.11832655325268372,
        "f_AGN_err": 0.07686260779253257,
        "u-r": 0.9451190969975987,
        "u-r_err": 0.1576050023184267
    },
    "morphology": {
        "PA": 79.43,
        "PA_err": 4.45,
        "b/a": 0.65,
        "b/a_err": 0.04,
        "dec": -80.3580701466259,
        "dec_err": 0.0140907429163588,
        "n": 0.57,
        "n_err": 0.08,
        "ra": 329.41921227311957,
        "ra_err": 0.017933672802638474,
        "reff_ang": 0.3855739652567271,
        "reff_ang_err": 0.020495626060158253,
        "reff_kpc": 2.4797450795369196,
        "reff_kpc_err": 0.1318136919355173
    },
    "neb_lines": {
        "Hbeta": 2.575e-17,
        "Hbeta_err": 5.34e-18
    },
    "offsets": {
        "ang_avg": 0.5340984042114898,
        "ang_avg_err": 0.27145098263713796,
        "ang_best": 0.3013875034239423,
        "ang_best_err": 0.35754719873048846,
        "physical": 1.9383159808308614,
        "physical_err": 2.2994963007001648
    },
    "photom": {
        "EBV": 0.1406,
        "GMOS_S_g": 23.472845284135243,
        "GMOS_S_g_err": 0.2,
        "GMOS_S_g_flux": 1.4820466725444407e-06,
        "GMOS_S_g_flux_err": 2.9976533229881946e-07,
        "GMOS_S_i": 22.948638095581078,
        "GMOS_S_i_err": 0.15,
        "GMOS_S_i_flux": 2.401843776279627e-06,
        "GMOS_S_i_flux_err": 3.558418537255756e-07,
        "GMOS_S_r": 23.492236341934035,
        "GMOS_S_r_err": 0.15,
        "GMOS_S_r_flux": 1.455812545222748e-06,
        "GMOS_S_r_flux_err": 2.1568390079534464e-07,
        "WFC3_F160W": 22.7329929981078,
        "WFC3_F160W_err": 0.012,
        "WFC3_F160W_flux": 2.929562683914521e-06,
        "WFC3_F160W_flux_err": 3.2558315822870125e-08
    },
    "positional_error": {
        "dec_astrometric": 0.0355,
        "dec_source": 0.00299,
        "ra_astrometric": 0.027000000000000003,
        "ra_source": 0.00425
    },
    "ra": 329.41922083333327,
    "ra_FRB": 329.4194999999999,
    "redshift": {
        "z": 0.522,
        "z_FRB": 0.522,
        "z_spec": 0.522
    }
}