{
    "FRB": "190711",
    "cosmo": "Planck15",
    "dec": -80.358125,
    "derived": {
        "EBV_photom": 0.20421869768335377,
        "EBV_photom_err": 0.1467682639377262,
        "Lnu_r": 1.724255904970604e+21,
        "Lnu_r_err": 1.3846007986633323e+20,
        "M_r": -18.991504304923808,
        "M_r_err": 0.08718608484460609,
        "Mstar": 882158681.3175684,
        "Mstar_err": 336870406.2136815,
        "SFR_nebular": 0.415571037201864,
        "SFR_photom": 1.002313296533686,
        "SFR_photom_err": 0.5163543342425605,
        "Z_photom": 0.005347583424305371,
        "Z_photom_err": 0.008795992055535908,
        "age_mass": 607.2427044007321,
        "f_AGN": 0.12190095867437199,
        "f_AGN_err": 0.07685685144059784,
        "u-r": 0.9033074154659603,
        "u-r_err": 0.17468241429828518
    },
    "morphology": {
        "PA": 15.35,
        "PA_err": 4.79,
        "b/a": 0.55,
        "b/a_err": 0.05,
        "dec": -80.35812469050853,
        "dec_err": 0.016,
        "n": 0.85,
        "n_err": 0.25,
        "ra": 329.4192849417502,
        "ra_err": 0.011200000000000002,
        "reff_ang": 0.4576,
        "reff_ang_err": 0.027200000000000002,
        "reff_kpc": 2.942966721418976,
        "reff_kpc_err": 0.17493158833609299
    },
    "neb_lines": {
        "Hbeta": 2.575e-17,
        "Hbeta_err": 5.34e-18
    },
    "photom": {
        "GMOS_S_g": 23.472845284135243,
        "GMOS_S_g_err": 0.2,
        "GMOS_S_i": 22.948638095581078,
        "GMOS_S_i_err": 0.15,
        "GMOS_S_r": 23.492236341934035,
        "GMOS_S_r_err": 0.15,
        "WFC3_F160W": 22.7329929981078,
        "WFC3_F160W_err": 0.012
    },
    "ra": 329.4191666666666,
    "redshift": {
        "z": 0.522,
        "z_FRB": 0.522,
        "z_spec": 0.522
    }
}
