{
    "FRB": "FRB190711",
    "cosmo": "Planck15",
    "dec": -80.358125,
    "dec_FRB": -80.35799999999999,
    "derived": {
        "EBV_photom": 0.18690004225363024,
        "EBV_photom_err": 0.11082622182007512,
        "Lnu_r": 1.7556838091147775e+21,
        "Lnu_r_err": 1.2631517547353653e+20,
        "M_r": -19.01111576024455,
        "M_r_err": 0.07811483964823014,
        "Mstar": 814135954.0515537,
        "Mstar_err": 291780423.65736264,
        "SFR_nebular": 0.415571037201864,
        "SFR_photom": 0.8913675637700837,
        "SFR_photom_err": 0.40953161123472515,
        "Z_photom": 0.005804349534818569,
        "Z_photom_err": 0.009274557777466552,
        "age_mass": 607.2427044007321,
        "f_AGN": 0.11832655325268372,
        "f_AGN_err": 0.07686260779253257,
        "u-r": 0.9451190969975987,
        "u-r_err": 0.1576050023184267
    },
    "morphology": {
        "PA": 15.35,
        "PA_err": 4.79,
        "b/a": 0.55,
        "b/a_err": 0.05,
        "dec": -80.35812469050853,
        "dec_err": 0.016,
        "n": 0.85,
        "n_err": 0.25,
        "ra": 329.4192849417502,
        "ra_err": 0.011200000000000002,
        "reff_ang": 0.4576,
        "reff_ang_err": 0.027200000000000002,
        "reff_kpc": 2.942966721418976,
        "reff_kpc_err": 0.17493158833609299
    },
    "neb_lines": {
        "Hbeta": 2.575e-17,
        "Hbeta_err": 5.34e-18
    },
    "offsets": {
        "ang_avg": 0.6319392492498198,
        "ang_avg_err": 0.31184199095889603,
        "ang_best": 0.4928451772776793,
        "ang_best_err": 0.34145656851640616,
        "physical": 3.1696393259179323,
        "physical_err": 2.196012495528194
    },
    "photom": {
        "EBV": 0.1406,
        "GMOS_S_g": 23.472845284135243,
        "GMOS_S_g_err": 0.2,
        "GMOS_S_i": 22.948638095581078,
        "GMOS_S_i_err": 0.15,
        "GMOS_S_r": 23.492236341934035,
        "GMOS_S_r_err": 0.15,
        "WFC3_F160W": 22.7329929981078,
        "WFC3_F160W_err": 0.012
    },
    "ra": 329.4191666666666,
    "ra_FRB": 329.4194999999999,
    "redshift": {
        "z": 0.522,
        "z_FRB": 0.522,
        "z_spec": 0.522
    }
}
