{
    "FRB": "190711",
    "cosmo": "Planck15",
    "dec": -80.358125,
    "derived": {
        "EBV_photom": 0.17511389994849785,
        "EBV_photom_err": 0.11454307843997819,
        "Lnu_r": 1.6932834441696064e+21,
        "Lnu_r_err": 1.2738543598186229e+20,
        "M_r": -18.971824155365816,
        "M_r_err": 0.08167975673572664,
        "Mstar": 793943066.5487165,
        "Mstar_err": 286922394.59113246,
        "SFR_nebular": 0.415571037201864,
        "SFR_photom": 0.9079226831388058,
        "SFR_photom_err": 0.4220097783272286,
        "Z_photom": 0.0045024833443134205,
        "Z_photom_err": 0.00742271636840288,
        "f_AGN": 0.11654026408651919,
        "f_AGN_err": 0.07699315514509122,
        "u-r": 0.8862270067618453,
        "u-r_err": 0.1519887075739598
    },
    "morphology": {
        "PA": -15.11,
        "PA_err": 3.18,
        "b/a": 0.4,
        "b/a_err": 0.04,
        "n": 1.79,
        "n_err": 0.38,
        "reff_ang": 0.6528,
        "reff_ang_err": 0.06559999999999999,
        "reff_kpc": 4.198358120066231,
        "reff_kpc_err": 0.42189383069293007
    },
    "neb_lines": {
        "Hbeta": 2.575e-17,
        "Hbeta_err": 5.34e-18
    },
    "photom": {
        "GMOS_S_g": 23.472845284135243,
        "GMOS_S_g_err": 0.2,
        "GMOS_S_i": 22.948638095581078,
        "GMOS_S_i_err": 0.15,
        "GMOS_S_r": 23.492236341934035,
        "GMOS_S_r_err": 0.15,
        "WFC3_F160W": 22.805,
        "WFC3_F160W_err": 0.012
    },
    "ra": 329.4191666666666,
    "redshift": {
        "z": 0.522,
        "z_FRB": 0.522,
        "z_spec": 0.522
    }
}
