{
    "FRB": "FRB190711",
    "cosmo": "Planck15",
    "dec": -80.358125,
    "dec_FRB": -80.35799999999999,
    "derived": {
        "EBV_photom": 0.18690004225363024,
        "EBV_photom_err": 0.11082622182007512,
        "Lnu_r": 1.7556838091147775e+21,
        "Lnu_r_err": 1.2631517547353653e+20,
        "M_r": -19.01111576024455,
        "M_r_err": 0.07811483964823014,
        "Mstar": 814135954.0515537,
        "Mstar_err": 291780423.65736264,
        "SFR_nebular": 0.4155710372083684,
        "SFR_photom": 0.8913675637700837,
        "SFR_photom_err": 0.40953161123472515,
        "Z_photom": 0.005804349534818569,
        "Z_photom_err": 0.009274557777466552,
        "age_mass": 607.2427044007321,
        "f_AGN": 0.11832655325268372,
        "f_AGN_err": 0.07686260779253257,
        "u-r": 0.9451190969975987,
        "u-r_err": 0.1576050023184267
    },
    "morphology": {
        "PA": 15.35,
        "PA_err": 4.79,
        "b/a": 0.55,
        "b/a_err": 0.05,
        "dec": -80.35812469050853,
        "dec_err": 0.016,
        "n": 0.85,
        "n_err": 0.25,
        "ra": 329.4192849417502,
        "ra_err": 0.011200000000000002,
        "reff_ang": 0.4576,
        "reff_ang_err": 0.027200000000000002,
        "reff_kpc": 2.9429667214189505,
        "reff_kpc_err": 0.17493158833609146
    },
    "neb_lines": {
        "Hbeta": 2.575e-17,
        "Hbeta_err": 5.34e-18
    },
    "offsets": {
        "ang_avg": 0.6493862928414427,
        "ang_avg_err": 0.29544864628027223,
        "ang_best": 0.4928451772776793,
        "ang_best_err": 0.33435762807328523,
        "physical": 3.1696393259179048,
        "physical_err": 2.1503570202627906
    },
    "photom": {
        "EBV": 0.1406,
        "GMOS_S_g": 23.472845284135243,
        "GMOS_S_g_err": 0.2,
        "GMOS_S_g_flux": 1.4820466725444407e-06,
        "GMOS_S_g_flux_err": 2.9976533229881946e-07,
        "GMOS_S_i": 22.948638095581078,
        "GMOS_S_i_err": 0.15,
        "GMOS_S_i_flux": 2.401843776279627e-06,
        "GMOS_S_i_flux_err": 3.558418537255756e-07,
        "GMOS_S_r": 23.492236341934035,
        "GMOS_S_r_err": 0.15,
        "GMOS_S_r_flux": 1.455812545222748e-06,
        "GMOS_S_r_flux_err": 2.1568390079534464e-07,
        "WFC3_F160W": 22.7329929981078,
        "WFC3_F160W_err": 0.012,
        "WFC3_F160W_flux": 2.929562683914521e-06,
        "WFC3_F160W_flux_err": 3.2558315822870125e-08
    },
    "ra": 329.4191666666666,
    "ra_FRB": 329.4194999999999,
    "redshift": {
        "z": 0.522,
        "z_FRB": 0.522,
        "z_spec": 0.522
    }
}