{
    "FRB": "FRB20190608B",
    "cosmo": "Planck18",
    "dec": -7.898863888888888,
    "dec_FRB": -7.89825,
    "derived": {
        "AV_nebular": 0.3752698747265434,
        "EBV_photom": 0.12131490286165124,
        "EBV_photom_err": 0.013008013119216864,
        "EBV_spec": 0.0,
        "IR_SB": 0.0178009794128252,
        "IR_SB_err": 0.0001012295411538,
        "IR_SB_ref": "Mannings2021",
        "IR_global": 16.693,
        "IR_global_err": 0.001,
        "IR_global_ref": "Mannings2021",
        "IRfe": 0.8237556814846761,
        "IRfe_err": 0.0823755681484676,
        "IRfe_ref": "Mannings2021",
        "IRff": 0.1932320935261065,
        "IRff_err": 0.0585398523463767,
        "IRff_ref": "Mannings2021",
        "Lnu_r": 1.344827179611232e+22,
        "Lnu_r_err": 6.72413589805616e+20,
        "M_r": -21.22166619455693,
        "M_r_err": 0.05428681023790647,
        "Mstar": 11568549375.993412,
        "Mstar_err": 2840729964.8991766,
        "Mstar_spec": 11705926156.079792,
        "SFR_nebular": 0.6909028243934661,
        "SFR_photom": 2.99959588644244,
        "SFR_photom_err": 0.705196887604426,
        "SMStar": 33979590.09407913,
        "SMStar_err": 108688.00941646792,
        "SMStar_ref": "Mannings2021",
        "SSFR": 0.0068699811662783,
        "SSFR_err": 0.0013739962332556,
        "SSFR_ref": "Mannings2021",
        "UV_SB": 0.0017255864099821,
        "UV_SB_err": 3.252916533535359e-05,
        "UV_SB_ref": "Mannings2021",
        "UV_global": 19.765,
        "UV_global_err": 0.0139999999999999,
        "UV_global_ref": "Mannings2021",
        "UVff": 0.3930908732935903,
        "UVff_err": 0.2779648501493248,
        "UVff_ref": "Mannings2021",
        "Z_photom": 0.03420833086793518,
        "Z_photom_err": 0.01729080205170225,
        "Z_spec": 0.10614586104269301,
        "age_mass": 383.4207532310143,
        "f_AGN": 0.10879746413044024,
        "f_AGN_err": 0.07966108519733069,
        "reff_iso": 1.2077663416055036,
        "reff_iso_err": 0.2397661240404119,
        "reff_iso_ref": "Mannings2021",
        "u-r": 1.4004238402913685,
        "u-r_err": 0.08507962973011961
    },
    "morphology": {
        "PA": 54.12,
        "PA_err": 0.86,
        "b/a": 0.73,
        "b/a_err": 0.01,
        "dec": -7.89875529678143,
        "dec_err": 0.016046299645663186,
        "n": 0.15,
        "n_err": 0.01,
        "ra": 334.02047222954207,
        "ra_err": 0.014762595674010132,
        "reff_ang": 3.3511092180002997,
        "reff_ang_err": 0.02695778340471415,
        "reff_kpc": 7.372566882304376,
        "reff_kpc_err": 0.059308141937709974
    },
    "neb_lines": {
        "Halpha": 2.7650406614936603e-15,
        "Halpha_err": 4.1493318456755e-17,
        "Hbeta": 8.374417492351327e-16,
        "Hbeta_err": 3.2617653121511e-17,
        "Hgamma": 3.924685712305079e-16,
        "Hgamma_err": 3.359845235084134e-17,
        "[NII] 6584": 1.831877573815229e-15,
        "[NII] 6584_err": 3.824482311838292e-17,
        "[OIII] 5007": 1.495146173438519e-15,
        "[OIII] 5007_err": 4.441160325269867e-17,
        "[OII] 3726": 1.2149399077023375e-15,
        "[OII] 3726_err": 7.397707620757304e-17,
        "[OII] 3729": 1.942294865986631e-15,
        "[OII] 3729_err": 7.851034905857881e-17
    },
    "offsets": {
        "ang_avg": 2.988491951709321,
        "ang_avg_err": 0.3711478821593301,
        "ang_best": 2.964618967893008,
        "ang_best_err": 0.3719148690058655,
        "physical": 6.522273730720709,
        "physical_err": 0.8182267625122116
    },
    "photom": {
        "DECaL_g": 17.978131042279653,
        "DECaL_g_err": 0.0014963942429449982,
        "DECaL_g_flux": 0.23374782440015662,
        "DECaL_g_flux_err": 0.0003223803773549789,
        "DECaL_r": 17.411226932685462,
        "DECaL_r_err": 0.0016311189833571492,
        "DECaL_r_flux": 0.3940117934680286,
        "DECaL_r_flux_err": 0.000592375117784476,
        "DECaL_z": 16.917874220149884,
        "DECaL_z_err": 0.0014463333843526627,
        "DECaL_z_flux": 0.6206550683336319,
        "DECaL_z_flux_err": 0.0008273393785783335,
        "EBV": 0.0404,
        "Pan-STARRS_g": 18.022733968715343,
        "Pan-STARRS_g_err": 0.005785999819636345,
        "Pan-STARRS_g_flux": 0.22433984052202344,
        "Pan-STARRS_g_flux_err": 0.0011987212837964807,
        "Pan-STARRS_i": 17.232516539851247,
        "Pan-STARRS_i_err": 0.00254100002348423,
        "Pan-STARRS_i_flux": 0.46450819285697204,
        "Pan-STARRS_i_flux_err": 0.0010883836938535946,
        "Pan-STARRS_r": 17.665168155910486,
        "Pan-STARRS_r_err": 0.004002000205218792,
        "Pan-STARRS_r_flux": 0.3118406535277753,
        "Pan-STARRS_r_flux_err": 0.0011515589218396376,
        "Pan-STARRS_y": 17.201920593175,
        "Pan-STARRS_y_err": 0.015869999304413795,
        "Pan-STARRS_y_flux": 0.47778417051342936,
        "Pan-STARRS_y_flux_err": 0.0070349693683590475,
        "Pan-STARRS_z": 17.193604693174105,
        "Pan-STARRS_z_err": 0.006523000076413155,
        "Pan-STARRS_z_flux": 0.48145767806442746,
        "Pan-STARRS_z_flux_err": 0.00290125855338153,
        "SDSS_g": 18.0404136,
        "SDSS_g_err": 0.008988439,
        "SDSS_g_flux": 0.22071637475967523,
        "SDSS_g_flux_err": 0.0018348198831891526,
        "SDSS_i": 17.11829955,
        "SDSS_i_err": 0.007604985,
        "SDSS_i_flux": 0.5160362068792175,
        "SDSS_i_flux_err": 0.003627238403600116,
        "SDSS_r": 17.4951406,
        "SDSS_r_err": 0.007237832,
        "SDSS_r_flux": 0.36470671050983644,
        "SDSS_r_flux_err": 0.002439362275428657,
        "SDSS_u": 19.056048500000003,
        "SDSS_u_err": 0.04303542,
        "SDSS_u_flux": 0.08661250397923877,
        "SDSS_u_flux_err": 0.003502013643381118,
        "SDSS_z": 16.94749405,
        "SDSS_z_err": 0.01938821,
        "SDSS_z_flux": 0.6039519311813621,
        "SDSS_z_flux_err": 0.010881760964337179,
        "WFC3_F160W": 16.67230481924537,
        "WFC3_F160W_err": 0.001,
        "WFC3_F160W_flux": 0.7781764195554961,
        "WFC3_F160W_flux_err": 0.0007170571356792292,
        "WFC3_F160W_ref": "Mannings2021",
        "WFC3_F300X": 19.50912165850923,
        "WFC3_F300X_err": 0.014,
        "WFC3_F300X_flux": 0.0570625704273621,
        "WFC3_F300X_flux_err": 0.0007405562563774216,
        "WFC3_F300X_ref": "Mannings2021",
        "WISE_W1": 16.9714298248291,
        "WISE_W1_err": 0.02500000037252903,
        "WISE_W1_flux": 0.5907831788063049,
        "WISE_W1_flux_err": 0.013761124573647976,
        "WISE_W2": 17.12876319885254,
        "WISE_W2_err": 0.0560000017285347,
        "WISE_W2_flux": 0.5110868215560913,
        "WISE_W2_flux_err": 0.027052434161305428,
        "WISE_W3": 15.931467056274414,
        "WISE_W3_err": 0.1459999978542328,
        "WISE_W3_flux": 1.5396190881729126,
        "WISE_W3_flux_err": 0.2215995043516159,
        "WISE_W4": 14.360733032226562,
        "WISE_W4_err": -999.0,
        "WISE_W4_flux": 6.541943550109863,
        "WISE_W4_flux_err": -99.0
    },
    "positional_error": {
        "dec_astrometric": 0.0968,
        "dec_source": 0.000545,
        "ra_astrometric": 0.0557,
        "ra_source": 0.000596
    },
    "ra": 334.0204291666666,
    "ra_FRB": 334.019875,
    "redshift": {
        "z": 0.1177805,
        "z_FRB": 0.1177805,
        "z_spec": 0.1177805
    }
}