{
    "FRB": "FRB20190608B",
    "cosmo": "Planck18",
    "dec": -7.898863888888888,
    "dec_FRB": -7.89825,
    "derived": {
        "AV_nebular": 0.3752698747265434,
        "AV_old": 0.08,
        "AV_old_loerr": 0.02,
        "AV_old_ref": "Gordon2023",
        "AV_old_uperr": 0.02,
        "AV_young": 1.09,
        "AV_young_loerr": 0.21,
        "AV_young_ref": "Gordon2023",
        "AV_young_uperr": 0.22,
        "EBV_photom": 0.12131490286165124,
        "EBV_photom_err": 0.013008013119216864,
        "EBV_spec": 0.0,
        "IR_SB": 0.0178009794128252,
        "IR_SB_err": 0.0001012295411538,
        "IR_SB_ref": "Mannings2021",
        "IR_global": 16.693,
        "IR_global_err": 0.001,
        "IR_global_ref": "Mannings2021",
        "IRfe": 0.8237556814846761,
        "IRfe_err": 0.0823755681484676,
        "IRfe_ref": "Mannings2021",
        "IRff": 0.1932320935261065,
        "IRff_err": 0.0585398523463767,
        "IRff_ref": "Mannings2021",
        "Lnu_r": 1.344827179611232e+22,
        "Lnu_r_err": 6.72413589805616e+20,
        "M_r": -21.22166619455693,
        "M_r_err": 0.05428681023790647,
        "Mstar": 36307805477.0,
        "Mstar_loerr": 1634120432.0,
        "Mstar_ref": "Gordon2023",
        "Mstar_spec": 11705926156.079792,
        "Mstar_uperr": 1711134155.0,
        "Mtotal": 60255958607.0,
        "Mtotal_loerr": 2711964874.0,
        "Mtotal_ref": "Gordon2023",
        "Mtotal_uperr": 2839775841.0,
        "SFR_SED": 7.03,
        "SFR_SED_loerr": 1.15,
        "SFR_SED_ref": "Gordon2023",
        "SFR_SED_uperr": 1.43,
        "SFR_nebular": 0.6909028243934661,
        "SFR_photom": 2.99959588644244,
        "SFR_photom_err": 0.705196887604426,
        "SMStar": 33979590.09407913,
        "SMStar_err": 108688.00941646792,
        "SMStar_ref": "Mannings2021",
        "SSFR": 0.0068699811662783,
        "SSFR_err": 0.0013739962332556,
        "SSFR_ref": "Mannings2021",
        "UV_SB": 0.0017255864099821,
        "UV_SB_err": 3.252916533535359e-05,
        "UV_SB_ref": "Mannings2021",
        "UV_global": 19.765,
        "UV_global_err": 0.0139999999999999,
        "UV_global_ref": "Mannings2021",
        "UVff": 0.3930908732935903,
        "UVff_err": 0.2779648501493248,
        "UVff_ref": "Mannings2021",
        "Z_gas": 1.047128548,
        "Z_gas_loerr": 0.1138742473,
        "Z_gas_ref": "Gordon2023",
        "Z_gas_uperr": 0.1277690069,
        "Z_photom": 0.03420833086793518,
        "Z_photom_err": 0.01729080205170225,
        "Z_spec": 0.10614586104269301,
        "Z_stellar": 0.9332543008,
        "Z_stellar_loerr": 0.08211626259,
        "Z_stellar_ref": "Gordon2023",
        "Z_stellar_uperr": 0.09003869148,
        "age_mass": 7.13,
        "age_mass_loerr": 1.21,
        "age_mass_ref": "Gordon2023",
        "age_mass_uperr": 0.7,
        "agn_tau": 22.77,
        "agn_tau_loerr": 12.53,
        "agn_tau_ref": "Gordon2023",
        "agn_tau_uperr": 34.85,
        "f_AGN": 0.02511886432,
        "f_AGN_loerr": 0.01660748393,
        "f_AGN_ref": "Gordon2023",
        "f_AGN_uperr": 0.0195494949,
        "lg_sSFR": -9.99,
        "lg_sSFR_loerr": 0.06,
        "lg_sSFR_ref": "Gordon2023",
        "lg_sSFR_uperr": 0.05,
        "reff_iso": 1.2077663416055036,
        "reff_iso_err": 0.2397661240404119,
        "reff_iso_ref": "Mannings2021",
        "u-r": 1.4004238402913685,
        "u-r_err": 0.08507962973011961,
        "z_SED": 0.1178,
        "z_SED_loerr": 0.0,
        "z_SED_ref": "Gordon2023",
        "z_SED_uperr": 0.0
    },
    "morphology": {
        "PA": 54.12,
        "PA_err": 0.86,
        "b/a": 0.73,
        "b/a_err": 0.01,
        "dec": -7.89875529678143,
        "dec_err": 0.016046299645663186,
        "n": 0.15,
        "n_err": 0.01,
        "ra": 334.02047222954207,
        "ra_err": 0.014762595674010132,
        "reff_ang": 3.3511092180002997,
        "reff_ang_err": 0.02695778340471415,
        "reff_kpc": 7.372566882304376,
        "reff_kpc_err": 0.059308141937709974
    },
    "neb_lines": {
        "Halpha": 2.7650406614936603e-15,
        "Halpha_err": 4.1493318456755e-17,
        "Hbeta": 8.374417492351327e-16,
        "Hbeta_err": 3.2617653121511e-17,
        "Hgamma": 3.924685712305079e-16,
        "Hgamma_err": 3.359845235084134e-17,
        "[NII] 6584": 1.831877573815229e-15,
        "[NII] 6584_err": 3.824482311838292e-17,
        "[OIII] 5007": 1.495146173438519e-15,
        "[OIII] 5007_err": 4.441160325269867e-17,
        "[OII] 3726": 1.2149399077023375e-15,
        "[OII] 3726_err": 7.397707620757304e-17,
        "[OII] 3729": 1.942294865986631e-15,
        "[OII] 3729_err": 7.851034905857881e-17
    },
    "offsets": {
        "ang_avg": 2.988491951709321,
        "ang_avg_err": 0.3711478821593301,
        "ang_best": 2.964618967893008,
        "ang_best_err": 0.3719148690058656,
        "physical": 6.522273730720709,
        "physical_err": 0.8182267625122118
    },
    "photom": {
        "DECaL_g": 17.978131042279653,
        "DECaL_g_err": 0.001496394243,
        "DECaL_g_flux": 0.23374782440015662,
        "DECaL_g_flux_err": 0.00032238037736681264,
        "DECaL_g_ref": "Gordon2023",
        "DECaL_r": 17.411226932685462,
        "DECaL_r_err": 0.001631118983,
        "DECaL_r_flux": 0.3940117934680286,
        "DECaL_r_flux_err": 0.0005923751176546434,
        "DECaL_r_ref": "Gordon2023",
        "DECaL_z": 16.917874220149884,
        "DECaL_z_err": 0.001446333384,
        "DECaL_z_flux": 0.6206550683336319,
        "DECaL_z_flux_err": 0.0008273393783764373,
        "DECaL_z_ref": "Gordon2023",
        "DELVE_g": 18.008930859307963,
        "DELVE_g_err": 0.00518,
        "DELVE_g_flux": 0.2272101092791815,
        "DELVE_g_flux_err": 0.0010865995034516455,
        "DELVE_i": 17.202851204148438,
        "DELVE_i_err": 0.004198,
        "DELVE_i_flux": 0.47737482550643817,
        "DELVE_i_flux_err": 0.0018493431262774972,
        "DELVE_r": 17.553132917564135,
        "DELVE_r_err": 0.004725,
        "DELVE_r_flux": 0.34573777062725847,
        "DELVE_r_flux_err": 0.0015078900061791425,
        "DELVE_z": 17.141145911986143,
        "DELVE_z_err": 0.003665,
        "DELVE_z_flux": 0.505291077530393,
        "DELVE_z_flux_err": 0.0017085374185766776,
        "EBV": 0.0404,
        "Pan-STARRS_g": 18.022733968715343,
        "Pan-STARRS_g_err": 0.005785999819636345,
        "Pan-STARRS_g_flux": 0.22433984052202344,
        "Pan-STARRS_g_flux_err": 0.0011987212837964807,
        "Pan-STARRS_i": 17.232516539851247,
        "Pan-STARRS_i_err": 0.00254100002348423,
        "Pan-STARRS_i_flux": 0.46450819285697204,
        "Pan-STARRS_i_flux_err": 0.0010883836938535946,
        "Pan-STARRS_r": 17.665168155910486,
        "Pan-STARRS_r_err": 0.004002000205218792,
        "Pan-STARRS_r_flux": 0.3118406535277753,
        "Pan-STARRS_r_flux_err": 0.0011515589218396376,
        "Pan-STARRS_y": 17.201920593175,
        "Pan-STARRS_y_err": 0.015869999304413795,
        "Pan-STARRS_y_flux": 0.47778417051342936,
        "Pan-STARRS_y_flux_err": 0.0070349693683590475,
        "Pan-STARRS_z": 17.193604693174105,
        "Pan-STARRS_z_err": 0.006523000076413155,
        "Pan-STARRS_z_flux": 0.48145767806442746,
        "Pan-STARRS_z_flux_err": 0.00290125855338153,
        "SDSS_g": 18.0404136,
        "SDSS_g_err": 0.008988439,
        "SDSS_g_flux": 0.22071637475967523,
        "SDSS_g_flux_err": 0.0018348198831891526,
        "SDSS_i": 17.11645749,
        "SDSS_i_err": 0.007604985,
        "SDSS_i_flux": 0.5169124569991966,
        "SDSS_i_flux_err": 0.003633397599493693,
        "SDSS_i_ref": "Gordon2023",
        "SDSS_r": 17.4951406,
        "SDSS_r_err": 0.007237832,
        "SDSS_r_flux": 0.36470671050983644,
        "SDSS_r_flux_err": 0.002439362275428657,
        "SDSS_u": 19.05456823,
        "SDSS_u_err": 0.04303542,
        "SDSS_u_flux": 0.08673067018736216,
        "SDSS_u_flux_err": 0.0035067914716856077,
        "SDSS_u_ref": "Gordon2023",