{
    "FRB": "FRB20190608B",
    "cosmo": "Planck18",
    "dec": -7.898863888888888,
    "dec_FRB": -7.89825,
    "derived": {
        "AV_nebular": 0.4048118247300003,
        "AV_old": 0.08,
        "AV_old_loerr": 0.02,
        "AV_old_ref": "Gordon2023",
        "AV_old_uperr": 0.02,
        "AV_young": 1.09,
        "AV_young_loerr": 0.21,
        "AV_young_ref": "Gordon2023",
        "AV_young_uperr": 0.22,
        "EBV_photom": 0.12131490286165124,
        "EBV_photom_err": 0.013008013119216864,
        "EBV_spec": 0.0,
        "IR_SB": 0.0178009794128252,
        "IR_SB_err": 0.0001012295411538,
        "IR_SB_ref": "Mannings2021",
        "IR_global": 16.693,
        "IR_global_err": 0.001,
        "IR_global_ref": "Mannings2021",
        "IRfe": 0.8237556814846761,
        "IRfe_err": 0.0823755681484676,
        "IRfe_ref": "Mannings2021",
        "IRff": 0.1932320935261065,
        "IRff_err": 0.0585398523463767,
        "IRff_ref": "Mannings2021",
        "Lnu_r": 1.344827179611232e+22,
        "Lnu_r_err": 6.72413589805616e+20,
        "M_r": -21.22166619455693,
        "M_r_err": 0.05428681023790647,
        "Mstar": 36307805477.0,
        "Mstar_loerr": 1634120432.0,
        "Mstar_ref": "Gordon2023",
        "Mstar_spec": 11705926156.079792,
        "Mstar_uperr": 1711134155.0,
        "Mtotal": 60255958607.0,
        "Mtotal_loerr": 2711964874.0,
        "Mtotal_ref": "Gordon2023",
        "Mtotal_uperr": 2839775841.0,
        "SFR_SED": 7.03,
        "SFR_SED_loerr": 1.15,
        "SFR_SED_ref": "Gordon2023",
        "SFR_SED_uperr": 1.43,
        "SFR_nebular": 0.7104826046516296,
        "SFR_photom": 2.99959588644244,
        "SFR_photom_err": 0.705196887604426,
        "SMStar": 33979590.09407913,
        "SMStar_err": 108688.00941646792,
        "SMStar_ref": "Mannings2021",
        "SSFR": 0.0068699811662783,
        "SSFR_err": 0.0013739962332556,
        "SSFR_ref": "Mannings2021",
        "UV_SB": 0.0017255864099821,
        "UV_SB_err": 3.252916533535359e-05,
        "UV_SB_ref": "Mannings2021",
        "UV_global": 19.765,
        "UV_global_err": 0.0139999999999999,
        "UV_global_ref": "Mannings2021",
        "UVff": 0.3930908732935903,
        "UVff_err": 0.2779648501493248,
        "UVff_ref": "Mannings2021",
        "Z_gas": 1.047128548,
        "Z_gas_loerr": 0.1138742473,
        "Z_gas_ref": "Gordon2023",
        "Z_gas_uperr": 0.1277690069,
        "Z_photom": 0.03420833086793518,
        "Z_photom_err": 0.01729080205170225,
        "Z_spec": 0.10614586104269301,
        "Z_stellar": 0.9332543008,
        "Z_stellar_loerr": 0.08211626259,
        "Z_stellar_ref": "Gordon2023",
        "Z_stellar_uperr": 0.09003869148,
        "age_mass": 7.13,
        "age_mass_loerr": 1.21,
        "age_mass_ref": "Gordon2023",
        "age_mass_uperr": 0.7,
        "agn_tau": 22.77,
        "agn_tau_loerr": 12.53,
        "agn_tau_ref": "Gordon2023",
        "agn_tau_uperr": 34.85,
        "f_AGN": 0.02511886432,
        "f_AGN_loerr": 0.01660748393,
        "f_AGN_ref": "Gordon2023",
        "f_AGN_uperr": 0.0195494949,
        "lg_sSFR": -9.99,
        "lg_sSFR_loerr": 0.06,
        "lg_sSFR_ref": "Gordon2023",
        "lg_sSFR_uperr": 0.05,
        "reff_iso": 1.2077663416055036,
        "reff_iso_err": 0.2397661240404119,
        "reff_iso_ref": "Mannings2021",
        "u-r": 1.4004238402913685,
        "u-r_err": 0.08507962973011961,
        "z_SED": 0.1178,
        "z_SED_loerr": 0.0,
        "z_SED_ref": "Gordon2023",
        "z_SED_uperr": 0.0
    },
    "morphology": {
        "PA": 54.12,
        "PA_err": 0.86,
        "b/a": 0.73,
        "b/a_err": 0.01,
        "dec": -7.89875529678143,
        "dec_err": 0.016046299645663186,
        "n": 0.15,
        "n_err": 0.01,
        "ra": 334.02047222954207,
        "ra_err": 0.014762595674010132,
        "reff_ang": 3.3511092180002997,
        "reff_ang_err": 0.02695778340471415,
        "reff_kpc": 7.372566882304376,
        "reff_kpc_err": 0.059308141937709974
    },
    "neb_lines": {
        "Halpha": 2.7650406614936603e-15,
        "Halpha_err": 4.1493318456755e-17,
        "Hbeta": 8.374417492351327e-16,
        "Hbeta_err": 3.2617653121511e-17,
        "Hgamma": 3.924685712305079e-16,
        "Hgamma_err": 3.359845235084134e-17,
        "[NII] 6584": 1.831877573815229e-15,
        "[NII] 6584_err": 3.824482311838292e-17,
        "[OIII] 5007": 1.495146173438519e-15,
        "[OIII] 5007_err": 4.441160325269867e-17,
        "[OII] 3726": 1.2149399077023375e-15,
        "[OII] 3726_err": 7.397707620757304e-17,
        "[OII] 3729": 1.942294865986631e-15,
        "[OII] 3729_err": 7.851034905857881e-17
    },
    "offsets": {
        "ang_avg": 2.988491951726072,
        "ang_avg_err": 0.3711478821593477,
        "ang_best": 2.9646189679098964,
        "ang_best_err": 0.3719148690058745,
        "physical": 6.522273730757864,
        "physical_err": 0.8182267625122314
    },
    "photom": {
        "DECaL_g": 17.980585151286945,
        "DECaL_g_err": 0.001496394243,
        "DECaL_g_flux": 0.23322007666585803,
        "DECaL_g_flux_err": 0.00032143091346258757,
        "DECaL_g_ref": "Gordon2023",
        "DECaL_r": 17.40975565087673,
        "DECaL_r_err": 0.001631118983,
        "DECaL_r_flux": 0.39454608102021943,
        "DECaL_r_flux_err": 0.0005927329305221986,
        "DECaL_r_ref": "Gordon2023",
        "DECaL_z": 16.913502933178755,
        "DECaL_z_err": 0.001446333384,
        "DECaL_z_flux": 0.6231589272568518,
        "DECaL_z_flux_err": 0.0008301238883619938,
        "DECaL_z_ref": "Gordon2023",
        "DELVE_g": 18.01141272639964,
        "DELVE_g_err": 0.00518,
        "DELVE_g_flux": 0.2266913264750368,
        "DELVE_g_flux_err": 0.00108153441507671,
        "DELVE_i": 17.19884370083556,
        "DELVE_i_err": 0.004198,
        "DELVE_i_flux": 0.47914009424343657,
        "DELVE_i_flux_err": 0.0018525955999432067,
        "DELVE_r": 17.551676783344295,
        "DELVE_r_err": 0.004725,
        "DELVE_r_flux": 0.3462017676296046,
        "DELVE_r_flux_err": 0.0015066305653998995,
        "DELVE_z": 17.13676269152676,
        "DELVE_z_err": 0.003665,
        "DELVE_z_flux": 0.5073351089306555,
        "DELVE_z_flux_err": 0.0017125551916591644,
        "EBV": 0.0404,
        "Pan-STARRS_g": 18.02520309014752,
        "Pan-STARRS_g_err": 0.005785999819636345,
        "Pan-STARRS_g_flux": 0.22383023889568562,
        "Pan-STARRS_g_flux_err": 0.0011928143468036086,
        "Pan-STARRS_i": 17.22884652241465,
        "Pan-STARRS_i_err": 0.00254100002348423,
        "Pan-STARRS_i_flux": 0.46608098523650343,
        "Pan-STARRS_i_flux_err": 0.001090791473326008,
        "Pan-STARRS_r": 17.664464483352837,
        "Pan-STARRS_r_err": 0.004002000205218792,
        "Pan-STARRS_r_flux": 0.3120428249510388,
        "Pan-STARRS_r_flux_err": 0.0011501831144788105,
        "Pan-STARRS_y": 17.19792245495573,
        "Pan-STARRS_y_err": 0.015869999304413795,
        "Pan-STARRS_y_flux": 0.47954681657146503,
        "Pan-STARRS_y_flux_err": 0.007009444478383567,
        "Pan-STARRS_z": 17.188978923211682,
        "Pan-STARRS_z_err": 0.006523000076413155,
        "Pan-STARRS_z_flux": 0.48351330032092615,
        "Pan-STARRS_z_flux_err": 0.0029049020205076316,
        "SDSS_g": 18.0404136,
        "SDSS_g_err": 0.008988439,
        "SDSS_g_flux": 0.22071637475967523,
        "SDSS_g_flux_err": 0.001827235439082033,
        "SDSS_i": 17.11645749,
        "SDSS_i_err": 0.007604985,
        "SDSS_i_flux": 0.5169124569991966,
        "SDSS_i_flux_err": 0.00362068747874883,
        "SDSS_i_ref": "Gordon2023",
        "SDSS_r": 17.4951406,
        "SDSS_r_err": 0.007237832,
        "SDSS_r_flux": 0.36470671050983644,
        "SDSS_r_flux_err": 0.0024312405613579734,
        "SDSS_u": 19.05456823,
        "SDSS_u_err": 0.04303542,
        "SDSS_u_flux": 0.08673067018736216,
        "SDSS_u_flux_err": 0.0034377510872690294,
        "SDSS_u_ref": "Gordon2023",