{
    "FRB": "FRB20210320C",
    "cosmo": "Planck18",
    "dec": -16.1225563,
    "dec_FRB": -16.122683,
    "derived": {
        "AV_old": 0.64,
        "AV_old_loerr": 0.17,
        "AV_old_ref": "Gordon2023",
        "AV_old_uperr": 0.15,
        "AV_young": 1.26,
        "AV_young_loerr": 0.26,
        "AV_young_ref": "Gordon2023",
        "AV_young_uperr": 0.26,
        "Mstar": 23442288153.0,
        "Mstar_loerr": 3024908707.0,
        "Mstar_ref": "Gordon2023",
        "Mstar_uperr": 2860391766.0,
        "Mtotal": 37153522910.0,
        "Mtotal_loerr": 4794157217.0,
        "Mtotal_ref": "Gordon2023",
        "Mtotal_uperr": 5504428970.0,
        "SFR_SED": 3.51,
        "SFR_SED_loerr": 1.45,
        "SFR_SED_ref": "Gordon2023",
        "SFR_SED_uperr": 2.44,
        "Z_gas": 1.023292992,
        "Z_gas_loerr": 0.3153472079,
        "Z_gas_ref": "Gordon2023",
        "Z_gas_uperr": 0.3256698903,
        "Z_stellar": 0.1513561248,
        "Z_stellar_loerr": 0.04902682562,
        "Z_stellar_ref": "Gordon2023",
        "Z_stellar_uperr": 0.06742003755,
        "age_mass": 4.56,
        "age_mass_loerr": 1.15,
        "age_mass_ref": "Gordon2023",
        "age_mass_uperr": 0.99,
        "agn_tau": -999.0,
        "agn_tau_loerr": -999.0,
        "agn_tau_ref": "Gordon2023",
        "agn_tau_uperr": -999.0,
        "f_AGN": -999.0,
        "f_AGN_loerr": -999.0,
        "f_AGN_ref": "Gordon2023",
        "f_AGN_uperr": -999.0,
        "lg_sSFR": -9.57,
        "lg_sSFR_loerr": 0.22,
        "lg_sSFR_ref": "Gordon2023",
        "lg_sSFR_uperr": 0.26,
        "z_SED": 0.2796,
        "z_SED_loerr": 0.0,
        "z_SED_ref": "Gordon2023",
        "z_SED_uperr": 0.0
    },
    "offsets": {
        "ang_avg": 0.9271848137035553,
        "ang_avg_err": 0.4265392172399613,
        "ang_best": 0.7359447854976329,
        "ang_best_err": 0.46744887659708967,
        "physical": 3.22162522050051,
        "physical_err": 2.0462745572978296
    },
    "photom": {
        "DELVE_g": 20.275407002217996,
        "DELVE_g_err": 0.02333,
        "DELVE_g_flux": 0.028173265850608628,
        "DELVE_g_flux_err": 0.0006119303131414775,
        "DELVE_i": 19.298717805943426,
        "DELVE_i_err": 0.015888,
        "DELVE_i_flux": 0.06926484583218817,
        "DELVE_i_flux_err": 0.0010210317756104278,
        "DELVE_r": 19.573513794377376,
        "DELVE_r_err": 0.017861,
        "DELVE_r_flux": 0.053776740647090523,
        "DELVE_r_flux_err": 0.000891975702052809,
        "DELVE_z": 19.123973355497927,
        "DELVE_z_err": 0.024815,
        "DELVE_z_flux": 0.08135994608037693,
        "DELVE_z_flux_err": 0.0018809318664229546,
        "EBV": 0.0721,
        "GMOS_S_z": 19.04480370581554,
        "GMOS_S_z_err": 0.0317,
        "GMOS_S_z_flux": 0.08751419695194411,
        "GMOS_S_z_flux_err": 0.0025927991743953825,
        "GMOS_S_z_ref": "Gordon2023",
        "Pan-STARRS_g": 20.311851767407713,
        "Pan-STARRS_g_err": 0.0426,
        "Pan-STARRS_g_flux": 0.027243273308983018,
        "Pan-STARRS_g_flux_err": 0.0010901654741988852,
        "Pan-STARRS_g_ref": "Gordon2023",
        "Pan-STARRS_i": 19.42323354845915,
        "Pan-STARRS_i_err": 0.0226610004901886,
        "Pan-STARRS_i_flux": 0.06175989868892061,
        "Pan-STARRS_i_flux_err": 0.0013025710392049724,
        "Pan-STARRS_r": 19.654026325292005,
        "Pan-STARRS_r_err": 0.03152000159025192,
        "Pan-STARRS_r_flux": 0.0499332074964063,
        "Pan-STARRS_r_flux_err": 0.0014708575906298277,
        "Pan-STARRS_y": 19.26485158554037,
        "Pan-STARRS_y_err": 0.05609700083732605,
        "Pan-STARRS_y_flux": 0.07145939912730587,
        "Pan-STARRS_y_flux_err": 0.003789155151137113,
        "Pan-STARRS_z": 19.078166015232192,
        "Pan-STARRS_z_err": 0.020685000345110893,
        "Pan-STARRS_z_flux": 0.08486597170437553,
        "Pan-STARRS_z_flux_err": 0.0016323315273046456,
        "SOAR_r": 19.470471703089377,
        "SOAR_r_err": 0.0187,
        "SOAR_r_flux": 0.05913046755541198,
        "SOAR_r_flux_err": 0.0010272448379513984,
        "SOAR_r_ref": "Gordon2023",
        "VISTA_J": 18.82206304193744,
        "VISTA_J_err": 0.045,
        "VISTA_J_flux": 0.10744217157412977,
        "VISTA_J_flux_err": 0.00454667650945151,
        "VISTA_J_ref": "Gordon2023",
        "VISTA_Ks": 18.684477219145126,
        "VISTA_Ks_err": 0.084,
        "VISTA_Ks_flux": 0.1219576666456607,
        "VISTA_Ks_flux_err": 0.009810076203170003,
        "VISTA_Ks_ref": "Gordon2023",
        "VISTA_Y": 18.79823612276764,
        "VISTA_Y_err": 0.036,
        "VISTA_Y_flux": 0.10982609580378855,
        "VISTA_Y_flux_err": 0.003702572917293374,
        "VISTA_Y_ref": "Gordon2023",
        "VLT_FORS2_I": 19.038805263628948,
        "VLT_FORS2_I_err": 0.004859505565,
        "VLT_FORS2_I_flux": 0.08799903077575616,
        "VLT_FORS2_I_flux_err": 0.0003947461620960236,
        "VLT_FORS2_I_ref": "Gordon2023",
        "WISE_W1": 18.768355052874806,
        "WISE_W1_err": 0.067,
        "WISE_W1_flux": 0.11289064987619309,
        "WISE_W1_flux_err": 0.007185837011997235,
        "WISE_W1_ref": "Gordon2023",
        "WISE_W2": 19.181956516366416,
        "WISE_W2_err": 0.189,
        "WISE_W2_flux": 0.0771289444308093,
        "WISE_W2_flux_err": 0.014665709262667042,
        "WISE_W2_ref": "Gordon2023",
        "WISE_W3": 17.27049868371874,
        "WISE_W3_err": 0.419,
        "WISE_W3_flux": 0.4485393205096738,
        "WISE_W3_flux_err": 0.21124276721573837,
        "WISE_W3_ref": "Gordon2023"
    },
    "ra": 204.45885899999996,
    "ra_FRB": 204.458692,
    "redshift": {
        "z": 0.2797,
        "z_FRB": 0.2797,
        "z_spec": 0.2797
    }
}