{
    "FRB": "FRB20210320C",
    "cosmo": "Planck18",
    "dec": -16.1225563,
    "dec_FRB": -16.12266922,
    "derived": {
        "AV_old": 0.64,
        "AV_old_loerr": 0.17,
        "AV_old_ref": "Gordon2023",
        "AV_old_uperr": 0.15,
        "AV_young": 1.26,
        "AV_young_loerr": 0.26,
        "AV_young_ref": "Gordon2023",
        "AV_young_uperr": 0.26,
        "Mstar": 23442288153.0,
        "Mstar_loerr": 3024908707.0,
        "Mstar_ref": "Gordon2023",
        "Mstar_uperr": 2860391766.0,
        "Mtotal": 37153522910.0,
        "Mtotal_loerr": 4794157217.0,
        "Mtotal_ref": "Gordon2023",
        "Mtotal_uperr": 5504428970.0,
        "SFR_SED": 3.51,
        "SFR_SED_loerr": 1.45,
        "SFR_SED_ref": "Gordon2023",
        "SFR_SED_uperr": 2.44,
        "Z_gas": 1.023292992,
        "Z_gas_loerr": 0.3153472079,
        "Z_gas_ref": "Gordon2023",
        "Z_gas_uperr": 0.3256698903,
        "Z_stellar": 0.1513561248,
        "Z_stellar_loerr": 0.04902682562,
        "Z_stellar_ref": "Gordon2023",
        "Z_stellar_uperr": 0.06742003755,
        "age_mass": 4.56,
        "age_mass_loerr": 1.15,
        "age_mass_ref": "Gordon2023",
        "age_mass_uperr": 0.99,
        "agn_tau": -999.0,
        "agn_tau_loerr": -999.0,
        "agn_tau_ref": "Gordon2023",
        "agn_tau_uperr": -999.0,
        "f_AGN": -999.0,
        "f_AGN_loerr": -999.0,
        "f_AGN_ref": "Gordon2023",
        "f_AGN_uperr": -999.0,
        "lg_sSFR": -9.57,
        "lg_sSFR_loerr": 0.22,
        "lg_sSFR_ref": "Gordon2023",
        "lg_sSFR_uperr": 0.26,
        "z_SED": 0.2796,
        "z_SED_loerr": 0.0,
        "z_SED_ref": "Gordon2023",
        "z_SED_uperr": 0.0
    },
    "offsets": {
        "ang_avg": 0.7405201644369349,
        "ang_avg_err": 0.3690072424057246,
        "ang_best": 0.5083283571626395,
        "ang_best_err": 0.43598094030952905,
        "physical": 2.225225978907378,
        "physical_err": 1.908522515053847
    },
    "photom": {
        "DECaL_g": 20.343556401558164,
        "DECaL_g_err": 0.012605927406683327,
        "DECaL_g_flux": 0.0264592441468618,
        "DECaL_g_flux_err": 0.00030720474226550665,
        "DECaL_r": 19.592153855794454,
        "DECaL_r_err": 0.011894938106067138,
        "DECaL_r_flux": 0.05286137456339619,
        "DECaL_r_flux_err": 0.0005791303411248998,
        "DECaL_z": 19.08768449494886,
        "DECaL_z_err": 0.008679368735670111,
        "DECaL_z_flux": 0.08412521677215798,
        "DECaL_z_flux_err": 0.0006724964803917503,
        "DELVE_g": 20.27984439174939,
        "DELVE_g_err": 0.02333,
        "DELVE_g_flux": 0.028058357060415016,
        "DELVE_g_flux_err": 0.0006029102348717463,
        "DELVE_i": 19.291561234070016,
        "DELVE_i_err": 0.015888,
        "DELVE_i_flux": 0.06972290933495882,
        "DELVE_i_flux_err": 0.0010202824393800167,
        "DELVE_r": 19.570896469662515,
        "DELVE_r_err": 0.017861,
        "DELVE_r_flux": 0.05390653366564971,
        "DELVE_r_flux_err": 0.0008867942264269052,
        "DELVE_z": 19.116152960380145,
        "DELVE_z_err": 0.024815,
        "DELVE_z_flux": 0.08194808517122693,
        "DELVE_z_flux_err": 0.0018729611526374498,
        "EBV": 0.0721,
        "GMOS_S_z": 19.037168277879825,
        "GMOS_S_z_err": 0.0317,
        "GMOS_S_z_flux": 0.08813180870944586,
        "GMOS_S_z_flux_err": 0.002573164939923696,
        "GMOS_S_z_ref": "Gordon2023",
        "Pan-STARRS_g": 20.31626724617173,
        "Pan-STARRS_g_err": 0.0426,
        "Pan-STARRS_g_flux": 0.02713270517727816,
        "Pan-STARRS_g_flux_err": 0.0010645801765536043,
        "Pan-STARRS_g_ref": "Gordon2023",
        "Pan-STARRS_i": 19.416679227413955,
        "Pan-STARRS_i_err": 0.0226610004901886,
        "Pan-STARRS_i_flux": 0.06213385553547186,
        "Pan-STARRS_i_flux_err": 0.0012968300445137136,
        "Pan-STARRS_r": 19.652747503635382,
        "Pan-STARRS_r_err": 0.03152000159025192,
        "Pan-STARRS_r_flux": 0.04999205538914882,
        "Pan-STARRS_r_flux_err": 0.0014513190759047813,
        "Pan-STARRS_y": 19.25771806146452,
        "Pan-STARRS_y_err": 0.05609700083732605,
        "Pan-STARRS_y_flux": 0.07193044874689758,
        "Pan-STARRS_y_flux_err": 0.0037164482734393578,
        "Pan-STARRS_z": 19.069910430556018,
        "Pan-STARRS_z_err": 0.020685000345110893,
        "Pan-STARRS_z_flux": 0.08551372445763882,
        "Pan-STARRS_z_flux_err": 0.0016291723644897935,
        "SOAR_r": 19.468833999437035,
        "SOAR_r_err": 0.0187,
        "SOAR_r_flux": 0.05921972611878918,
        "SOAR_r_flux_err": 0.0010199612701209096,
        "SOAR_r_ref": "Gordon2023",
        "VISTA_J": 18.816661291614068,
        "VISTA_J_err": 0.045,
        "VISTA_J_flux": 0.10797804936966636,
        "VISTA_J_flux_err": 0.0044753156432850395,
        "VISTA_J_ref": "Gordon2023",
        "VISTA_Ks": 18.68058795065673,
        "VISTA_Ks_err": 0.084,
        "VISTA_Ks_flux": 0.12239532054018648,
        "VISTA_Ks_flux_err": 0.009469341521742863,
        "VISTA_Ks_ref": "Gordon2023",
        "VISTA_Y": 18.792383893339995,
        "VISTA_Y_err": 0.036,
        "VISTA_Y_flux": 0.11041966798730193,
        "VISTA_Y_flux_err": 0.003661209813325151,
        "VISTA_Y_ref": "Gordon2023",
        "VLT_FORS2_I": 19.063123400053236,
        "VLT_FORS2_I_err": 0.0048262883526539,
        "VLT_FORS2_I_flux": 0.08604995236963077,
        "VLT_FORS2_I_flux_err": 0.00038250716983366046,
        "VLT_FORS2_I_ref": "Shannon2024",
        "VLT_FORS2_g": 20.206243548817334,
        "VLT_FORS2_g_err": 0.0041884608732803,
        "VLT_FORS2_g_flux": 0.03002635222294325,
        "VLT_FORS2_g_flux_err": 0.0001158331101993116,
        "VLT_FORS2_g_ref": "Shannon2024",
        "WISE_W1": 18.766204149854097,
        "WISE_W1_err": 0.067,
        "WISE_W1_flux": 0.11311451412094407,
        "WISE_W1_flux_err": 0.006980215279632829,
        "WISE_W1_ref": "Gordon2023",
        "WISE_W2": 19.18008697040607,
        "WISE_W2_err": 0.189,
        "WISE_W2_flux": 0.07726186836195773,
        "WISE_W2_flux_err": 0.01344939319184168,
        "WISE_W2_ref": "Gordon2023",
        "WISE_W3": 17.26265658501071,
        "WISE_W3_err": 0.419,
        "WISE_W3_flux": 0.45179077641767884,
        "WISE_W3_flux_err": 0.17435205208172833,
        "WISE_W3_ref": "Gordon2023"
    },
    "ra": 204.45885899999996,
    "ra_FRB": 204.458770752,
    "redshift": {
        "z": 0.2797,
        "z_FRB": 0.2797,
        "z_spec": 0.2797
    }
}