{
    "FRB": "FRB20180301A",
    "cosmo": "Planck18",
    "dec": 4.670476944444445,
    "dec_FRB": 4.671055556,
    "derived": {
        "AV_old": 0.31,
        "AV_old_loerr": 0.12,
        "AV_old_ref": "Gordon2023",
        "AV_old_uperr": 0.17,
        "AV_young": 1.18,
        "AV_young_loerr": 0.27,
        "AV_young_ref": "Gordon2023",
        "AV_young_uperr": 0.28,
        "Mstar": 4365158322.0,
        "Mstar_loerr": 976716761.0,
        "Mstar_ref": "Gordon2023",
        "Mstar_uperr": 1258254930.0,
        "Mtotal": 6918309709.0,
        "Mtotal_loerr": 1789695869.0,
        "Mtotal_ref": "Gordon2023",
        "Mtotal_uperr": 2201798684.0,
        "SFR_SED": 1.91,
        "SFR_SED_loerr": 0.55,
        "SFR_SED_ref": "Gordon2023",
        "SFR_SED_uperr": 0.64,
        "Z_gas": 0.4677351413,
        "Z_gas_loerr": 0.04115562249,
        "Z_gas_ref": "Gordon2023",
        "Z_gas_uperr": 0.05707231896,
        "Z_stellar": 0.1023292992,
        "Z_stellar_loerr": 0.03923356478,
        "Z_stellar_ref": "Gordon2023",
        "Z_stellar_uperr": 0.08821677257,
        "age_mass": 4.34,
        "age_mass_loerr": 1.29,
        "age_mass_ref": "Gordon2023",
        "age_mass_uperr": 1.1,
        "agn_tau": -999.0,
        "agn_tau_loerr": -999.0,
        "agn_tau_ref": "Gordon2023",
        "agn_tau_uperr": -999.0,
        "f_AGN": -999.0,
        "f_AGN_loerr": -999.0,
        "f_AGN_ref": "Gordon2023",
        "f_AGN_uperr": -999.0,
        "lg_sSFR": -9.26,
        "lg_sSFR_loerr": 0.24,
        "lg_sSFR_ref": "Gordon2023",
        "lg_sSFR_uperr": 0.24,
        "z_SED": 0.3305,
        "z_SED_loerr": 0.0,
        "z_SED_ref": "Gordon2023",
        "z_SED_uperr": 0.0
    },
    "offsets": {
        "ang_avg": 2.1729852333404205,
        "ang_avg_err": 0.6034327691255377,
        "ang_best": 2.083035867377544,
        "ang_best_err": 0.6100999879459416,
        "physical": 10.224471866208653,
        "physical_err": 2.994643664096307
    },
    "photom": {
        "EBV": 0.3956,
        "MMIRS_H": 20.431484646330272,
        "MMIRS_H_err": 0.0827,
        "MMIRS_H_flux": 0.02440091633078583,
        "MMIRS_H_flux_err": 0.0019312224762169526,
        "MMIRS_H_ref": "Gordon2023",
        "MMIRS_J": 20.612393642967668,
        "MMIRS_J_err": 0.066,
        "MMIRS_J_flux": 0.0206558246001515,
        "MMIRS_J_flux_err": 0.0012945803707668162,
        "MMIRS_J_ref": "Gordon2023",
        "MMIRS_K": 20.529439962281412,
        "MMIRS_K_err": 0.076,
        "MMIRS_K_flux": 0.022295848740866334,
        "MMIRS_K_flux_err": 0.0016165976492723071,
        "MMIRS_K_ref": "Gordon2023",
        "NOT_g": 21.644414240464624,
        "NOT_g_err": 0.09,
        "NOT_g_flux": 0.007984253146339564,
        "NOT_g_flux_err": 0.0006900440572889143,
        "NOT_g_ref": "Gordon2023",
        "NOT_i": 21.10933832665068,
        "NOT_i_err": 0.06,
        "NOT_i_flux": 0.013069671250288028,
        "NOT_i_flux_err": 0.0007425861666827272,
        "NOT_i_ref": "Gordon2023",
        "NOT_r": 21.20939749717445,
        "NOT_r_err": 0.06,
        "NOT_r_flux": 0.011919032265168942,
        "NOT_r_flux_err": 0.0006772097255441289,
        "NOT_r_ref": "Gordon2023",
        "NOT_u": 21.771165775790642,
        "NOT_u_err": 0.3,
        "NOT_u_flux": 0.007104502705494002,
        "NOT_u_flux_err": 0.002261055860115691,
        "NOT_u_ref": "Gordon2023",
        "NOT_z": 20.66448171544145,
        "NOT_z_err": 0.11,
        "NOT_z_flux": 0.01968825873798951,
        "NOT_z_flux_err": 0.0020992366465757938,
        "NOT_z_ref": "Gordon2023",
        "Pan-STARRS_r": 20.969356037680406,
        "Pan-STARRS_r_err": 0.13599200546741486,
        "Pan-STARRS_r_flux": 0.014868172092610906,
        "Pan-STARRS_r_flux_err": 0.001983941638071415,
        "Pan-STARRS_r_ref": "Gordon2023",
        "Pan-STARRS_z": 20.954430809530397,
        "Pan-STARRS_z_err": 0.1679369956254959,
        "Pan-STARRS_z_flux": 0.015073970828580882,
        "Pan-STARRS_z_flux_err": 0.0025215638653315604,
        "Pan-STARRS_z_ref": "Gordon2023"
    },
    "ra": 93.22682999999999,
    "ra_FRB": 93.22683333,
    "redshift": {
        "z": 0.3305,
        "z_FRB": 0.3305,
        "z_spec": 0.3305
    }
}