{
    "FRB": "FRB20180301A",
    "cosmo": "Planck18",
    "dec": 4.670476944444445,
    "dec_FRB": 4.671055555555556,
    "derived": {
        "AV_nebular": -0.7320378963820574,
        "EBV_spec": 0.9698040690863088,
        "Mstar_spec": 92965026674.1868,
        "SFR_nebular": 1.9301083213653862,
        "Z_spec": 0.2113762757801206
    },
    "neb_lines": {
        "Halpha": 1.6966844254164578e-15,
        "Halpha_err": 1.7532910003576657e-17,
        "Hbeta": 7.77048982264961e-16,
        "Hbeta_err": 6.072268912520871e-17,
        "Hgamma": 2.722240094399401e-16,
        "Hgamma_err": 7.022315864308002e-17,
        "[NII] 6584": 4.3214761416231567e-16,
        "[NII] 6584_err": 3.239333918843798e-17,
        "[OIII] 5007": 1.2747689345291548e-15,
        "[OIII] 5007_err": 6.461255110876571e-17
    },
    "offsets": {
        "ang_avg": 2.1729837732145887,
        "ang_avg_err": 0.6034327409683835,
        "ang_best": 2.0830343360438874,
        "ang_best_err": 0.6100999705949361,
        "physical": 10.224464349738039,
        "physical_err": 2.994643578929811
    },
    "photom": {
        "EBV": 0.3956,
        "MMIRS_H": 20.431484646330272,
        "MMIRS_H_err": 0.0827,
        "MMIRS_H_flux": 0.02440091633078583,
        "MMIRS_H_flux_err": 0.0019312224762169526,
        "MMIRS_H_ref": "Bhandari2021",
        "MMIRS_J": 20.612393642967668,
        "MMIRS_J_err": 0.066,
        "MMIRS_J_flux": 0.0206558246001515,
        "MMIRS_J_flux_err": 0.0012945803707668162,
        "MMIRS_J_ref": "Bhandari2021",
        "MMIRS_K": 20.529439962281412,
        "MMIRS_K_err": 0.076,
        "MMIRS_K_flux": 0.022295848740866334,
        "MMIRS_K_flux_err": 0.0016165976492723071,
        "MMIRS_K_ref": "Bhandari2021",
        "NOT_g": 21.644414240464624,
        "NOT_g_err": 0.09,
        "NOT_g_flux": 0.007984253146339564,
        "NOT_g_flux_err": 0.0006900440572889143,
        "NOT_g_ref": "Bhandari2021",
        "NOT_i": 21.10933832665068,
        "NOT_i_err": 0.06,
        "NOT_i_flux": 0.013069671250288028,
        "NOT_i_flux_err": 0.0007425861666827272,
        "NOT_i_ref": "Bhandari2021",
        "NOT_r": 21.20939749717445,
        "NOT_r_err": 0.06,
        "NOT_r_flux": 0.011919032265168942,
        "NOT_r_flux_err": 0.0006772097255441289,
        "NOT_r_ref": "Bhandari2021",
        "NOT_u": 21.771165775790642,
        "NOT_u_err": 0.3,
        "NOT_u_flux": 0.007104502705494002,
        "NOT_u_flux_err": 0.002261055860115691,
        "NOT_u_ref": "Bhandari2021",
        "NOT_z": 20.66448171544145,
        "NOT_z_err": 0.11,
        "NOT_z_flux": 0.01968825873798951,
        "NOT_z_flux_err": 0.0020992366465757938,
        "NOT_z_ref": "Bhandari2021",
        "Pan-STARRS_r": 20.969356037680406,
        "Pan-STARRS_r_err": 0.13599200546741486,
        "Pan-STARRS_r_flux": 0.014868172092610906,
        "Pan-STARRS_r_flux_err": 0.001983941638071415,
        "Pan-STARRS_r_ref": "Bhandari2021",
        "Pan-STARRS_z": 20.954430809530397,
        "Pan-STARRS_z_err": 0.1679369956254959,
        "Pan-STARRS_z_flux": 0.015073970828580882,
        "Pan-STARRS_z_flux_err": 0.0025215638653315604,
        "Pan-STARRS_z_ref": "Bhandari2021"
    },
    "ra": 93.22682999999999,
    "ra_FRB": 93.22683333333332,
    "redshift": {
        "z": 0.3305,
        "z_FRB": 0.3305,
        "z_spec": 0.3305
    }
}
