{
    "FRB": "FRB20220725A",
    "cosmo": "Planck18",
    "dec": -35.99026688888889,
    "dec_FRB": -35.990257263,
    "offsets": {
        "ang_avg": 0.7043117656466933,
        "ang_avg_err": 0.35307854596254545,
        "ang_best": 0.46424721322610013,
        "ang_best_err": 0.426960711246275,
        "physical": 1.5360551275476482,
        "physical_err": 1.412685248477352
    },
    "photom": {
        "DECaL_g": 18.50677456637336,
        "DECaL_g_err": 0.0007608499126595689,
        "DECaL_g_flux": 0.14364488558891192,
        "DECaL_g_flux_err": 0.00010066183496079005,
        "DECaL_r": 17.76603409500513,
        "DECaL_r_err": 0.00042220089732090125,
        "DECaL_r_flux": 0.2841753190716546,
        "DECaL_r_flux_err": 0.00011050481155800995,
        "DECaL_z": 17.19519434461506,
        "DECaL_z_err": 0.0006021975525825138,
        "DECaL_z_flux": 0.4807532805519726,
        "DECaL_z_flux_err": 0.0002666471355340928,
        "DELVE_g": 18.514969655581506,
        "DELVE_g_err": 0.003955,
        "DELVE_g_flux": 0.14256474186552937,
        "DELVE_g_flux_err": 0.0005193191049604694,
        "DELVE_i": 17.390517364445206,
        "DELVE_i_err": 0.002451,
        "DELVE_i_flux": 0.4015993937360033,
        "DELVE_i_flux_err": 0.000906592328535477,
        "DELVE_r": 17.754606782492285,
        "DELVE_r_err": 0.00283,
        "DELVE_r_flux": 0.2871820433744741,
        "DELVE_r_flux_err": 0.0007485475562001853,
        "DELVE_z": 17.190856160018253,
        "DELVE_z_err": 0.004207,
        "DELVE_z_flux": 0.4826780286107879,
        "DELVE_z_flux_err": 0.0018702760923570282,
        "EBV": 0.0156,
        "VLT_FORS2_I": 17.20351544398187,
        "VLT_FORS2_I_err": 0.0042589796216458,
        "VLT_FORS2_I_flux": 0.4770828628761976,
        "VLT_FORS2_I_flux_err": 0.0018714363414627114,
        "VLT_FORS2_I_ref": "Shannon2024",
        "VLT_FORS2_R": 17.805766106862468,
        "VLT_FORS2_R_err": 0.0036777945539804,
        "VLT_FORS2_R_flux": 0.27396403347575154,
        "VLT_FORS2_R_flux_err": 0.000928018634625971,
        "VLT_FORS2_R_ref": "Shannon2024",
        "VLT_FORS2_g": 18.471024821462308,
        "VLT_FORS2_g_err": 0.0057525464535596,
        "VLT_FORS2_g_flux": 0.14845337166237654,
        "VLT_FORS2_g_flux_err": 0.0007865491755113872,
        "VLT_FORS2_g_ref": "Shannon2024",
        "VLT_HAWKI_Ks": 16.257915064379645,
        "VLT_HAWKI_Ks_err": 0.0503368518805017,
        "VLT_HAWKI_Ks_flux": 1.1398139516051622,
        "VLT_HAWKI_Ks_flux_err": 0.0528440018872354,
        "VLT_HAWKI_Ks_ref": "Shannon2024",
        "WISE_W1": 17.172870635986328,
        "WISE_W1_err": 0.04699999839067459,
        "WISE_W1_flux": 0.4907402992248535,
        "WISE_W1_flux_err": 0.02124345861375332,
        "WISE_W2": 17.371028900146484,
        "WISE_W2_err": 0.07000000029802322,
        "WISE_W2_flux": 0.4088730812072754,
        "WISE_W2_flux_err": 0.026361022144556046,
        "WISE_W3": 15.586219787597656,
        "WISE_W3_err": 0.08900000154972076,
        "WISE_W3_flux": 2.1159820556640625,
        "WISE_W3_flux_err": 0.17345134913921356,
        "WISE_W4": 14.933252334594727,
        "WISE_W4_err": 0.5370000004768372,
        "WISE_W4_flux": 3.8609933853149414,
        "WISE_W4_flux_err": 1.9096291065216064
    },
    "ra": 353.31537499999996,
    "ra_FRB": 353.315216064,
    "redshift": {
        "z": 0.1926,
        "z_FRB": 0.1926,
        "z_spec": 0.1926
    }
}