{
    "FRB": "FRB20220725A",
    "cosmo": "Planck18",
    "dec": -35.99026688888889,
    "dec_FRB": -35.990257263,
    "offsets": {
        "ang_avg": 0.7043117656466933,
        "ang_avg_err": 0.35307854596254545,
        "ang_best": 0.46424721322610013,
        "ang_best_err": 0.426960711246275,
        "physical": 1.5360551275476482,
        "physical_err": 1.412685248477352
    },
    "photom": {
        "DECaL_g": 18.50677456637336,
        "DECaL_g_err": 0.0007608499126595689,
        "DECaL_g_flux": 18.50677456637336,
        "DECaL_g_flux_err": 0.001482813968411822,
        "DECaL_r": 17.76603409500513,
        "DECaL_r_err": 0.00042220089732090125,
        "DECaL_r_flux": 17.76603409500513,
        "DECaL_r_flux_err": 0.0015013912525250613,
        "DECaL_z": 17.19519434461506,
        "DECaL_z_err": 0.0006021975525825138,
        "DECaL_z_flux": 17.19519434461506,
        "DECaL_z_flux_err": 7.907274184994595e-05,
        "DELVE_g": 18.514969655581506,
        "DELVE_g_err": 0.003955,
        "DELVE_g_flux": 0.14256474186552937,
        "DELVE_g_flux_err": 33440724.220933873,
        "DELVE_i": 17.390517364445206,
        "DELVE_i_err": 0.002451,
        "DELVE_i_flux": 17.390517364445206,
        "DELVE_i_flux_err": 0.0011078238411732998,
        "DELVE_r": 17.754606782492285,
        "DELVE_r_err": 0.00283,
        "DELVE_r_flux": 17.754606782492285,
        "DELVE_r_flux_err": 0.0029793319269328326,
        "DELVE_z": 17.190856160018253,
        "DELVE_z_err": 0.004207,
        "DELVE_z_flux": 17.190856160018253,
        "DELVE_z_flux_err": 0.0015842973950269807,
        "EBV": 0.0156,
        "VLT_FORS2_I": 17.203634982540308,
        "VLT_FORS2_I_flux": 0.47703033938284445,
        "VLT_FORS2_g": 18.470565221900447,
        "VLT_FORS2_g_flux": 0.14851622629247427,
        "VLT_FORS2_u": null,
        "VLT_FORS2_u_flux": null,
        "VLT_FORS2_z": null,
        "VLT_FORS2_z_flux": null,
        "VLT_HAWKI_J": null,
        "VLT_HAWKI_J_flux": null,
        "VLT_HAWKI_Ks": 16.254858048127403,
        "VLT_HAWKI_Ks_flux": 1.1430277523190029,
        "WISE_W1": 17.172870635986328,
        "WISE_W1_err": 0.04699999839067459,
        "WISE_W1_flux": 0.4907402992248535,
        "WISE_W1_flux_err": 33440722.0,
        "WISE_W2": 17.371028900146484,
        "WISE_W2_err": 0.07000000029802322,
        "WISE_W2_flux": 0.4088730812072754,
        "WISE_W2_flux_err": 0.00957519467920065,
        "WISE_W3": 15.586219787597656,
        "WISE_W3_err": 0.08900000154972076,
        "WISE_W3_flux": 2.1159820556640625,
        "WISE_W3_flux_err": 0.03910314664244652,
        "WISE_W4": 14.933252334594727,
        "WISE_W4_err": 0.5370000004768372,
        "WISE_W4_flux": 3.8609933853149414,
        "WISE_W4_flux_err": 33440722.0
    },
    "ra": 353.31537499999996,
    "ra_FRB": 353.315216064,
    "redshift": {
        "z": 0.1926,
        "z_FRB": 0.1926,
        "z_spec": 0.1926
    }
}