{
    "FRB": "FRB20230222A",
    "cosmo": "Planck18",
    "dec": 11.222877777777779,
    "dec_FRB": 11.224524,
    "offsets": {
        "ang_avg": 17.993154370924035,
        "ang_avg_err": 13.11966584342274,
        "ang_best": 5.947574475749951,
        "ang_best_err": 17.810716629436754,
        "physical": 13.51704302332321,
        "physical_err": 40.478387271637814
    },
    "photom": {
        "EBV": 0.061,
        "Pan-STARRS_g": 17.72384333361756,
        "Pan-STARRS_g_err": 0.0034839999862015247,
        "Pan-STARRS_g_flux": 0.2954354872241981,
        "Pan-STARRS_g_flux_err": 0.0009480177863662973,
        "Pan-STARRS_i": 17.059789624991037,
        "Pan-STARRS_i_err": 0.00291600008495152,
        "Pan-STARRS_i_flux": 0.5446081601285665,
        "Pan-STARRS_i_flux_err": 0.001462673377051075,
        "Pan-STARRS_r": 17.366222093189343,
        "Pan-STARRS_r_err": 0.002532999962568283,
        "Pan-STARRS_r_flux": 0.41068719028686834,
        "Pan-STARRS_r_flux_err": 0.0009581246651488912,
        "Pan-STARRS_y": 16.91561559900762,
        "Pan-STARRS_y_err": 0.008608999662101269,
        "Pan-STARRS_y_flux": 0.621947540436516,
        "Pan-STARRS_y_flux_err": 0.00493153506532968,
        "Pan-STARRS_z": 16.98234066550598,
        "Pan-STARRS_z_err": 0.005028000101447105,
        "Pan-STARRS_z_flux": 0.5848759021601401,
        "Pan-STARRS_z_flux_err": 0.002708536458955301,
        "WISE_W1": 16.86707305908203,
        "WISE_W1_err": 0.02800000086426735,
        "WISE_W1_flux": 0.6503856778144836,
        "WISE_W1_flux_err": 0.016772767528891563,
        "WISE_W2": 17.232675552368164,
        "WISE_W2_err": 0.061000000685453415,
        "WISE_W2_flux": 0.46444016695022583,
        "WISE_W2_flux_err": 0.026093678548932076,
        "WISE_W3": 14.865337371826172,
        "WISE_W3_err": 0.08399999886751175,
        "WISE_W3_flux": 4.1102190017700195,
        "WISE_W3_flux_err": 0.31799474358558655,
        "WISE_W4": 15.021892547607422,
        "WISE_W4_err": 0.4580000042915344,
        "WISE_W4_flux": 3.558302879333496,
        "WISE_W4_flux_err": 1.501011610031128
    },
    "ra": 106.96049999999997,
    "ra_FRB": 106.960358,
    "redshift": {
        "z": 0.1223,
        "z_FRB": 0.1223,
        "z_spec": 0.1223
    }
}