{
    "FRB": "FRB171020",
    "cosmo": "Planck15",
    "dec": -19.586,
    "dec_FRB": -19.586,
    "derived": {
        "EBV_photom": 0.12000018259887561,
        "EBV_photom_err": 0.00015412092348453957,
        "Lnu_r": 1.2804893652424268e+20,
        "Lnu_r_err": 6.402446826212135e+18,
        "M_r": -16.168439939760617,
        "M_r_err": 0.054286810237906484,
        "Mstar": 381613857.39275086,
        "Mstar_err": 69744717.20442268,
        "SFR_photom": 1.4358765134031827e-05,
        "SFR_photom_err": 9.680467471627351e-05,
	"SFR_nebular":0.13,
        "Z_photom": 0.00031784541786953306,
        "Z_photom_err": 0.00026104869574746875,
        "age_mass": 20.002323600762526,
        "f_AGN": 0.00450961976433704,
        "f_AGN_err": 0.015298418789110093,
        "u-r": 1.898550109554257,
        "u-r_err": 0.0828225305412587
    },
    "offsets": {
        "ang_avg": NaN,
        "ang_avg_err": NaN,
        "ang_best": 0.0,
        "ang_best_err": NaN,
        "physical": 0.0,
        "physical_err": NaN
    },
    "photom": {
        "EBV": 0.0262,
        "VISTA_J": 14.252855724110784,
        "VISTA_J_err": 0.0142,
        "VISTA_J_flux": 3.0925526975311266,
        "VISTA_J_flux_err": 0.040712167859304337,
        "VISTA_Ks": 14.276065254969216,
        "VISTA_Ks_err": 0.0342,
        "VISTA_Ks_flux": 1.3145232721324984,
        "VISTA_Ks_flux_err": 0.042065690267764626,
        "VISTA_Y": 14.134572549236232,
        "VISTA_Y_err": 0.0079,
        "VISTA_Y_flux": 4.631908959342578,
        "VISTA_Y_flux_err": 0.03382546254440039,
        "WISE_W1": 14.66385837829824,
        "WISE_W1_err": 0.037,
        "WISE_W1_flux": 0.42186493323927277,
        "WISE_W1_flux_err": 0.014624190838470733,
        "WISE_W2": 14.579167244793217,
        "WISE_W2_err": 0.066,
        "WISE_W2_flux": 0.25311821405179563,
        "WISE_W2_flux_err": 0.01586389687839451,
        "WISE_W3": 11.540454430674094,
        "WISE_W3_err": 0.234,
        "WISE_W3_flux": 0.7665158508803304,
        "WISE_W3_flux_err": 0.18435413711038948,
        "WISE_W4": 8.394722747804227,
        "WISE_W4_err": 0.435,
        "WISE_W4_flux": 3.668368855834632,
        "WISE_W4_flux_err": 1.8077516644290046
    },
    "ra": 333.852,
    "ra_FRB": 333.852,
    "redshift": {
        "z": 0.00867,
        "z_FRB": 0.00867,
        "z_spec": 0.00867
    }
}
