{
    "FRB": "FRB171020",
    "cosmo": "Planck15",
    "dec": -19.586,
    "dec_FRB": -19.586,
    "derived": {
        "EBV_photom": 0.12,
        "EBV_photom_err": 3.468266757468214e-14,
        "Lnu_r": 1.851666628750367e+20,
        "Lnu_r_err": 1.5512949616613515e+19,
        "M_r": -16.568906999160596,
        "M_r_err": 0.09096114159983992,
        "Mstar": 248618996.86964998,
        "Mstar_err": 149765417.0310298,
        "SFR_photom": 4.20162315607901e-06,
        "SFR_photom_err": 3.775159839397206e-05,
        "Z_photom": 0.00034474139088035204,
        "Z_photom_err": 0.00011629303168641435,
        "age_mass": 154.85148781723885,
        "f_AGN": 1.3165031231287405e-05,
        "f_AGN_err": 0.000811687059644186,
        "u-r": 1.6347431355507924,
        "u-r_err": 0.14970670101233685
    },
    "offsets": {
        "ang_avg": NaN,
        "ang_avg_err": NaN,
        "ang_best": 1.927959264890968e-10,
        "ang_best_err": NaN,
        "physical": 3.548486522249959e-11,
        "physical_err": NaN
    },
    "photom": {
        "EBV": 0.0262,
        "Pan-STARRS_g": 15.393344968931839,
        "Pan-STARRS_g_err": 0.009,
        "Pan-STARRS_g_flux": 2.527330315107786,
        "Pan-STARRS_g_flux_err": 0.02103688532638249,
        "Pan-STARRS_i": 15.230394439643648,
        "Pan-STARRS_i_err": 0.01,
        "Pan-STARRS_i_flux": 2.936582581606241,
        "Pan-STARRS_i_flux_err": 0.027171864082378636,
        "Pan-STARRS_r": 15.291289847549073,
        "Pan-STARRS_r_err": 0.02,
        "Pan-STARRS_r_flux": 2.776412910769284,
        "Pan-STARRS_r_flux_err": 0.051617369822571896,
        "Pan-STARRS_y": 15.378364885950035,
        "Pan-STARRS_y_err": 0.02,
        "Pan-STARRS_y_flux": 2.5624419754935963,
        "Pan-STARRS_y_flux_err": 0.04763935313255927,
        "Pan-STARRS_z": 15.322609448744478,
        "Pan-STARRS_z_err": 0.005,
        "Pan-STARRS_z_flux": 2.6974674623398194,
        "Pan-STARRS_z_flux_err": 0.01245094408895552,
        "VISTA_J": 14.252855724110784,
        "VISTA_J_err": 0.0142,
        "VISTA_J_flux": 3.0925526975311266,
        "VISTA_J_flux_err": 0.040712167859304337,
        "VISTA_Ks": 14.276065254969216,
        "VISTA_Ks_err": 0.0342,
        "VISTA_Ks_flux": 1.3145232721324984,
        "VISTA_Ks_flux_err": 0.042065690267764626,
        "VISTA_Y": 14.134572549236232,
        "VISTA_Y_err": 0.0079,
        "VISTA_Y_flux": 4.631908959342578,
        "VISTA_Y_flux_err": 0.03382546254440039,
        "WISE_W1": 14.66385837829824,
        "WISE_W1_err": 0.037,
        "WISE_W1_flux": 0.42186493323927277,
        "WISE_W1_flux_err": 0.014624190838470733,
        "WISE_W2": 14.579167244793217,
        "WISE_W2_err": 0.066,
        "WISE_W2_flux": 0.25311821405179563,
        "WISE_W2_flux_err": 0.01586389687839451,
        "WISE_W3": 11.540454430674094,
        "WISE_W3_err": 0.234,
        "WISE_W3_flux": 0.7665158508803304,
        "WISE_W3_flux_err": 0.18435413711038948,
        "WISE_W4": 8.394722747804227,
        "WISE_W4_err": 0.435,
        "WISE_W4_flux": 3.668368855834632,
        "WISE_W4_flux_err": 1.8077516644290046
    },
    "ra": 333.8519999999999,
    "ra_FRB": 333.852,
    "redshift": {
        "z": 0.00867,
        "z_FRB": 0.00867,
        "z_spec": 0.00867
    }
}