,label,xcentroid,ycentroid,sky_centroid,bbox_xmin,bbox_xmax,bbox_ymin,bbox_ymax,area,semimajor_sigma,semiminor_sigma,orientation,eccentricity,min_value,max_value,local_background,segment_flux,segment_fluxerr,kron_flux,kron_fluxerr,VLT_FORS2_I,kron_radius,ra,dec,coords,separation,ang_size,P_c,Sigma_m,mag,P_O,p_xO,P_Ox,P_Ux
3,4,58.29375521892435,54.640640407916464,,42,73,39,72,761.0,5.365324610308371,3.930689068427661,50.965012127068505,0.6806489320336286,-0.05653943185745902,88.16042367035604,0.0,7503.9345818296715,,7504.63429279939,,17.805708399675762,1.4,323.351890501278,-54.748549774025534,"<SkyCoord (ICRS): (ra, dec) in deg
    (323.3518905, -54.74854977)>",1.2119117754581268,1.3520618017977095,0.00035150270409545215,1.2451950029817054e-05,17.805708399675762,0.5081260684403605,0.03568938126530235,0.9790425548873961,0.0
4,5,85.6919028297245,59.20292327989293,,68,105,42,83,984.0,5.754101229528836,4.351870233628731,-45.15022780552414,0.6542162347842421,-0.3084258458449085,131.88372561379876,0.0,7311.506464053162,,7293.215467063948,,17.833913827141117,1.4,323.34857649198597,-54.748231567626036,"<SkyCoord (ICRS): (ra, dec) in deg
    (323.34857649, -54.74823157)>",6.665179053198854,1.4500335098412667,0.00214117245290657,1.2863378209543521e-05,17.833913827141117,0.4918739315596396,0.0007892115942946018,0.020957445112603973,0.0
