,label,xcentroid,ycentroid,sky_centroid,bbox_xmin,bbox_xmax,bbox_ymin,bbox_ymax,area,semimajor_sigma,semiminor_sigma,orientation,eccentricity,min_value,max_value,local_background,segment_flux,segment_fluxerr,kron_flux,kron_fluxerr,VLT_FORS2_R,kron_radius,ra,dec,separation,ang_size,P_c,Sigma_m,mag,P_O,p_xO,P_Ox,P_Ux,P_U
5,6,64.56546972655062,61.9453965293346,,36,103,15,107,3170.0,9.928048811998433,6.638814980872357,-63.72992582912042,0.7435387745710627,-0.034699100866699695,88.53766198450569,0.0,8342.7450998308,,8239.029022252542,,18.34465740438871,1.4,56.70445126053566,-25.56962772605783,1.3309257418189002,2.501868300623605,0.002024991866066861,2.298108262578409e-05,18.34465740438871,0.9446418802862373,0.014856699017634943,0.9707858407774324,0.0,0.0
6,7,47.84126360985492,54.47261484677746,,32,56,37,67,392.0,4.233572051435331,2.875911637472139,-54.713368387518805,0.7338505993081827,0.02733289349473722,22.37119920701553,0.0,675.7348072372369,,721.0835028022235,,21.07348911555458,1.5956631328675956,56.7057355054724,-25.57014131203762,3.240574164514437,1.0668601569617036,0.019907479649052928,0.0003921537294778631,21.07348911555458,0.055358119713762706,0.007629185048928189,0.029214159222567725,0.0,0.0
