,label,xcentroid,ycentroid,sky_centroid,bbox_xmin,bbox_xmax,bbox_ymin,bbox_ymax,area,semimajor_sigma,semiminor_sigma,orientation,eccentricity,min_value,max_value,local_background,segment_flux,segment_fluxerr,kron_flux,kron_fluxerr,VLT_FORS2_I,kron_radius,ra,dec,coords,separation,ang_size,P_c,Sigma_m,mag,P_O,p_xO,P_Ox,P_Ux
69,70,179.0997115930951,187.4123303920727,,143,217,152,220,3646.0,10.80020893033533,9.25601563322439,14.83754726756582,0.5152799764553805,-0.12657953384899656,134.54877782999648,0.0,31587.224501792465,,31603.929144551534,,16.205591934449796,1.4,157.3509423864997,1.3608055120435203,"<SkyCoord (ICRS): (ra, dec) in deg
    (157.35094239, 1.36080551)>",1.4647052864250996,2.7216526504445033,0.00018671720333718334,1.818002776351744e-06,16.205591934449796,1.0,0.012596961432085914,1.0,0.0
