,label,xcentroid,ycentroid,sky_centroid,bbox_xmin,bbox_xmax,bbox_ymin,bbox_ymax,area,semimajor_sigma,semiminor_sigma,orientation,eccentricity,min_value,max_value,local_background,segment_flux,segment_fluxerr,kron_flux,kron_fluxerr,VLT_FORS2_I,kron_radius,ra,dec,coords,separation,ang_size,P_c,Sigma_m,mag,P_O,p_xO,P_Ox,P_Ux
3,4,64.67617099017265,59.931390367594744,,54,77,42,73,492.0,5.76799945801042,2.992902682451321,-57.37434007827697,0.8548467603011677,0.009150878289489128,15.263115262302918,0.0,1316.3234173793103,,1354.6865817450757,,19.57484443359182,1.470652770993657,53.495806926252456,-14.083192293816849,"<SkyCoord (ICRS): (ra, dec) in deg
    (53.49580693, -14.08319229)>",1.2565663650125292,1.453535863418626,0.002960904846155188,8.718328556517556e-05,19.57484443359182,0.9694076395274593,0.030686801890516483,1.0,0.0
6,7,63.312328557788206,92.24767314165011,,61,66,90,95,25.0,1.678660956980416,1.0676607512312333,48.784962703063464,0.7716731573807859,-0.07310758123878713,0.7954377189399509,0.0,10.923121090692248,,32.54838996922862,,24.777384081868696,2.9458021508964283,53.49590052000324,-14.080963983475941,"<SkyCoord (ICRS): (ra, dec) in deg
    (53.49590052, -14.08096398)>",8.043516098038568,0.42302256115906484,0.8561123706008004,0.00932051615557029,24.777384081868696,0.009067753507993787,4.7336394045188234e-26,1.4429019157741176e-26,0.0
4,5,84.78012150449453,80.07818876703271,,81,88,77,83,43.0,1.8449061762384178,1.496147395825295,44.107278396853914,0.5850998813959264,0.13424181271815883,1.3829486358070682,0.0,30.187723623271125,,50.47848671990917,,23.673675039103063,2.3958122535812736,53.494375743867536,-14.081805213756443,"<SkyCoord (ICRS): (ra, dec) in deg
    (53.49437574, -14.08180521)>",7.982531406969217,0.4649163564120813,0.5535878345457229,0.003926489492012172,23.673675039103063,0.021524606964546857,4.659496495509623e-39,3.371445564904492e-39,0.0
