,label,xcentroid,ycentroid,sky_centroid,bbox_xmin,bbox_xmax,bbox_ymin,bbox_ymax,area,semimajor_sigma,semiminor_sigma,orientation,eccentricity,min_value,max_value,local_background,segment_flux,segment_fluxerr,kron_flux,kron_fluxerr,VLT_FORS2_I,kron_radius,ra,dec,separation,ang_size,P_c,Sigma_m,mag,P_O,p_xO,P_Ox,P_Ux,P_U
4,5,59.972355784042236,57.99722188080514,,54,66,48,68,208.0,3.915160309501012,2.509380254497231,-86.77467707047501,0.7675915357808671,-0.08494080618380195,5.727937266672207,0.0,356.79518328897683,,375.8882884896234,,21.11688646706673,1.4,322.4152174511545,-79.47574638963198,0.34962648652121303,0.986620397994255,0.009086865280327872,0.00040881073309649026,21.11688646706673,0.783504449223355,0.06101683782052813,0.9999941115176162,0.0,0.0
2,3,53.82515276975763,33.972960502793796,,49,58,30,40,77.0,2.2149472397198706,1.9237051613990128,86.63194971455052,0.49567058976842654,-0.029582006901755165,3.5635895305008773,0.0,78.81341256950603,,104.07695968871448,,22.75643359260632,2.0194362313940353,322.4175803395668,-79.47742592485119,6.359063508164785,0.5581667044094074,0.22578170200044234,0.001819205340999322,22.75643359260632,0.1760686498949109,1.3527736777608604e-06,4.982111664331354e-06,0.0,0.0
5,6,41.43800202718761,60.909301324162094,,40,43,60,62,10.0,1.0671948454463915,0.5662477837290635,21.85509029203468,0.8476257479850986,0.2165680573201314,1.0751101785812267,0.0,6.099578351489264,,9.394536554752953,,25.534684388152208,2.0990073094134507,322.4223120676963,-79.47554139726891,4.404285757547003,0.2689331010524907,0.6871265731446679,0.016237191180375723,25.534684388152208,0.019726627882443264,2.195566931920201e-06,9.059533021539589e-07,0.0,0.0
6,7,78.74757246355118,71.31643288032382,,78,80,69,73,12.0,1.0936338117957498,0.6659694274299868,-86.07859198574727,0.7932078244426466,0.14722840414098926,1.1674814909701468,0.0,6.490364201110154,,18.935732263489133,,25.467261255212176,2.982212658703817,322.4080249864628,-79.47481621751648,5.936873100994129,0.27559572057252896,0.8471711845509844,0.015473468793495381,25.467261255212176,0.020700272999290822,9.640250732110343e-10,4.174175277713716e-10,0.0,0.0
