,label,xcentroid,ycentroid,sky_centroid,bbox_xmin,bbox_xmax,bbox_ymin,bbox_ymax,area,semimajor_sigma,semiminor_sigma,orientation,eccentricity,min_value,max_value,local_background,segment_flux,segment_fluxerr,kron_flux,kron_fluxerr,VLT_FORS2_I,kron_radius,ra,dec,separation,ang_size,P_c,Sigma_m,mag,P_O,p_xO,P_Ox,P_Ux,P_U
2,3,56.569588318695644,57.96058109890036,,46,68,44,70,399.0,5.391745278700493,3.0012400834374486,-57.43453454585143,0.830756431326348,-0.12564270240673636,13.7614899713179,0.0,1222.9915102205055,,1272.1140869302747,,19.61984912780183,1.4,53.49582164409405,-14.083180001260216,1.1475872592840042,1.3587198102325242,,9.138522483028996e-05,19.61984912780183,0.9859949400553436,-0.03647943138844915,1.0,-0.0,0.0
3,4,77.08845500755685,78.32192199192674,,74,80,76,80,21.0,1.6917053410259222,0.9167231965951068,13.730880384388145,0.8404475185869388,0.2929884537171006,1.4319215100718452,0.0,16.514712848173176,,29.040129244685446,,24.29373016659395,2.2741288730322915,53.49436094516197,-14.081778170419527,6.058371827222869,0.4263097459385324,,0.006433772481842586,24.29373016659395,0.014005059944656348,-6.969685361268902e-17,2.7137847542974444e-17,-0.0,0.0
