,label,xcentroid,ycentroid,sky_centroid,bbox_xmin,bbox_xmax,bbox_ymin,bbox_ymax,area,semimajor_sigma,semiminor_sigma,orientation,eccentricity,min_value,max_value,local_background,segment_flux,segment_fluxerr,kron_flux,kron_fluxerr,VLT_FORS2_I,kron_radius,ra,dec,separation,ang_size,P_c,Sigma_m,mag,P_O,p_xO,P_Ox,P_Ux,P_U
4,5,58.48171222199325,55.093033338512654,,42,73,40,73,762.0,5.391096196093938,3.9252300341629915,51.13278742534197,0.6854762663209095,-0.18927264250129383,83.10347476525628,0.0,7475.314597687549,,7473.340665108961,,17.815926313473817,1.4,323.35190893349636,-54.748539656519725,1.1839077050420448,1.3585562414156722,0.00035579930659024317,1.2599525013744435e-05,17.815926313473817,0.508193779794382,0.060965634969711545,0.9994988347212553,0.0,0.0
5,6,85.95153826130532,59.57755211291759,,70,106,42,83,965.0,5.673984512773343,4.365163906472632,-44.57839668839035,0.6388521392472722,-0.15141750884370708,131.0762182492042,0.0,7276.047698149912,,7267.9091384315125,,17.845261156451496,1.4,323.3485909731399,-54.74822834520578,6.63502048870848,1.4298440972188824,0.002143409277958752,1.3032531709843325e-05,17.845261156451496,0.49130900909395314,3.161974778903278e-05,0.0005011652787447144,0.0,0.0
2,3,77.8487488910231,42.52597079803188,,77,79,41,44,9.0,1.19736380381368,0.5785706148552979,-60.15508494745481,0.8755079603633019,0.6055826116120642,1.2206112675391836,0.0,8.216125929307381,,33.91678602061327,,25.21333228222212,3.395484387630118,323.3495709262637,-54.7494165724136,6.304139994470536,0.3017356785610474,0.8042495940224105,0.012877830141218346,25.21333228222212,0.0004972111116650332,6.145812144147292e-81,9.857980451201973e-83,0.0,0.0
