,label,xcentroid,ycentroid,sky_centroid,bbox_xmin,bbox_xmax,bbox_ymin,bbox_ymax,area,semimajor_sigma,semiminor_sigma,orientation,eccentricity,min_value,max_value,local_background,segment_flux,segment_fluxerr,kron_flux,kron_fluxerr,VLT_FORS2_I,kron_radius,ra,dec,separation,ang_size,P_c,Sigma_m,mag,P_O,p_xO,P_Ox,P_Ux,P_U
7,8,56.99193237402957,58.99306400627875,,51,63,53,67,123.0,2.6410784218969297,2.445801113974177,74.67995016368643,0.3773725610686555,-5.095250508502431,657.2285312337335,0.0,21177.525426524902,,26921.193751832114,,21.485311970390892,1.8856589221311606,327.348647687951,-52.97091026605293,0.4286268570106072,0.6662384427077195,0.061913248038640956,0.0005794310207583627,21.485311970390892,0.07845585001278667,0.017734271198281994,0.9273795938622401,0.0,0.0
8,9,48.84448181319142,77.80146022772745,,38,61,65,90,436.0,4.19403852347766,3.1225612946248993,-58.35740330880584,0.6675959734300545,-29.18760206441584,4600.2586676493265,0.0,190762.26533992554,,193013.4280535391,,19.098768822185015,1.4,327.3495943697024,-52.96959388130781,5.450290096861819,1.0579881579324746,0.011065297256190765,5.260064116371857e-05,19.098768822185015,0.8642433295799817,0.0001257059437582718,0.07241202738805828,0.0,0.0
3,4,59.33028048023488,31.046651101002503,,54,64,26,36,84.0,2.2764380347172954,2.114242007892745,46.047595212302454,0.3707064715597384,-17.147647404390227,359.5713295762853,0.0,13134.755867630338,,15546.192499904177,,22.003944987310177,1.7727182703843938,327.34837613979914,-52.9728661621764,6.920492411876254,0.5742542586377849,0.21476911855640446,0.0009343960919089843,22.003944987310177,0.04865148051347162,6.410474439952249e-06,0.00020787635425531113,0.0,0.0
4,5,73.94237362707862,33.95610255089597,,72,76,32,36,19.0,1.258793087806786,0.9699855809476343,31.444796075582136,0.6373578813784891,51.453862508396924,177.885725683891,0.0,2020.011997182055,,3379.442403894118,,24.036615127999166,2.2951033292010217,327.3466779065577,-52.97266259015362,7.290850890082586,0.3175431443301398,0.7611106283720316,0.005255863894326848,24.036615127999166,0.008649339893759997,8.714528056304343e-08,5.023954461893929e-07,0.0,0.0
