,label,xcentroid,ycentroid,sky_centroid,bbox_xmin,bbox_xmax,bbox_ymin,bbox_ymax,area,semimajor_sigma,semiminor_sigma,orientation,eccentricity,min_value,max_value,local_background,segment_flux,segment_fluxerr,kron_flux,kron_fluxerr,VLT_FORS2_I,kron_radius,ra,dec,separation,ang_size,P_c,Sigma_m,mag,P_O,p_xO,P_Ox,P_Ux,P_U
2,3,58.565098889814855,57.09273785746927,,55,61,53,60,39.0,1.827906236499138,1.4180524161146466,-74.12794843420248,0.6310039399422094,0.25595318795524236,2.4300591719829185,0.0,46.57184093228679,,83.14750195289426,,23.189446032653656,2.525146473336039,329.41945621534296,-80.35812086986233,0.45254839349171655,0.4606323715977828,0.020827348540840562,0.0026311186586311774,23.189446032653656,0.00552417541580802,0.16893861955755154,0.9999999837391595,0.0,0.0
0,1,41.5743330479712,38.95949881670851,,31,51,29,50,334.0,2.1757730763627694,2.1587251066033883,11.97689344512033,0.12493730896672554,0.11462305258018546,376.90204318342956,0.0,5825.829101416726,,5656.808307098168,,17.946360194741438,1.4,329.4265286466029,-80.35938689593262,6.647340113944434,0.5482948152434179,0.0021533795348677165,1.4636221969959542e-05,17.946360194741438,0.9930678176319228,1.5280826375891705e-11,1.6260329433830602e-08,0.0,0.0
1,2,58.51914510425377,37.875491528175914,,57,60,37,39,10.0,1.0829809148985796,0.6645528622664522,-22.46020313254456,0.7895913513952365,0.6801244777380759,1.2128294217583573,0.0,9.515705635483954,,28.35133656367251,,24.913652049139046,2.7795197998108305,329.4194688726484,-80.35946164007895,5.263558784967437,0.2729111905544421,0.6157875312502161,0.010322932700481319,24.913652049139046,0.0014080069522691382,3.3866820362654543e-13,5.109551894802716e-13,0.0,0.0
