,label,xcentroid,ycentroid,sky_centroid,bbox_xmin,bbox_xmax,bbox_ymin,bbox_ymax,area,semimajor_sigma,semiminor_sigma,orientation,eccentricity,min_value,max_value,local_background,segment_flux,segment_fluxerr,kron_flux,kron_fluxerr,VLT_FORS2_R,kron_radius,ra,dec,coords,separation,ang_size,P_c,Sigma_m,mag,P_O,p_xO,P_Ox,P_Ux
7,8,37.62472396944575,49.39179718938396,,35,41,45,53,19.0,2.8377703245361126,0.6078942385192421,-49.9853077757861,0.9767864363676502,0.17125393187682647,0.4826385886441784,0.0,6.217263839752761,,88.69033031594591,,26.168340345619864,3.7835708676368007,149.907181924911,14.087250218375011,"<SkyCoord (ICRS): (ra, dec) in deg
    (149.90718192, 14.08725022)>",6.254828335240413,0.7151181217831004,0.9645600589304661,0.02523731353808427,26.168340345619864,1.0,3.390313310335832e-08,1.0,0.0
