,label,xcentroid,ycentroid,sky_centroid,bbox_xmin,bbox_xmax,bbox_ymin,bbox_ymax,area,semimajor_sigma,semiminor_sigma,orientation,eccentricity,min_value,max_value,local_background,segment_flux,segment_fluxerr,kron_flux,kron_fluxerr,VLT_FORS2_R,kron_radius,ra,dec,coords,separation,ang_size,P_c,Sigma_m,mag,P_O,p_xO,P_Ox,P_Ux
17,18,122.47881841133781,124.23756602294455,,102,133,107,144,577.0,9.558914674958999,4.57958577891905,-61.99350829882949,0.8777654788667523,2.769697100392996,54.60550537844792,0.0,8617.639828797326,,11263.20697307192,,18.253356480730783,1.495820854438799,8.779431583280578,-28.27053949183593,"<SkyCoord (ICRS): (ra, dec) in deg
    (8.77943158, -28.27053949)>",0.8962875325769049,2.4088464980896678,0.0016329295698873647,2.0740698802785546e-05,18.253356480730783,0.2648601926149599,0.018330223810143063,0.5351869522006937,0.0
16,17,111.78250126243104,117.87433201779606,,95,124,108,136,460.0,7.823239835594373,3.9863154011045396,-38.36336204435899,0.8604422939945242,2.108849938836997,40.88053270948514,0.0,6086.040294392206,,7786.814685509106,,18.630990269589873,1.7578694427188726,8.780259431417555,-28.27098013616378,"<SkyCoord (ICRS): (ra, dec) in deg
    (8.78025943, -28.27098014)>",2.316870099259215,1.9714564385697821,0.0021797599419676184,3.1598141308257506e-05,18.630990269589873,0.1738515384903057,0.012990956528241166,0.24896639246061913,0.0
18,19,138.4122019638418,120.92875005288722,,125,148,107,141,316.0,6.221784435082104,4.350851709005388,-44.03596640449983,0.714834934854504,3.89566710249089,62.8395857286981,0.0,9390.424994073914,,12119.661554447972,,18.160114207816946,1.8688516011524754,8.77819148828418,-28.270758368277757,"<SkyCoord (ICRS): (ra, dec) in deg
    (8.77819149, -28.27075837)>",4.38768064712182,1.5678896776406903,0.001766826709841851,1.8668236552819567e-05,18.160114207816946,0.2942637599610314,0.004164540048048124,0.13509052245277797,0.0
15,16,113.840534011311,100.13482762547127,,96,127,78,115,686.0,7.962380312284457,5.4337488958539195,-56.75132954571689,0.7309530984104385,2.0418081471683607,38.74953243333094,0.0,8675.175454714961,,11560.142123426533,,18.2461316602946,1.70261589252681,8.780089888838063,-28.2721933776084,"<SkyCoord (ICRS): (ra, dec) in deg
    (8.78008989, -28.27219338)>",5.432980412113718,2.006519838695683,0.003013026999537649,2.0572589017431925e-05,18.2461316602946,0.2670245089337029,0.002743489676615196,0.08075613288590913,0.0
