,label,xcentroid,ycentroid,sky_centroid,bbox_xmin,bbox_xmax,bbox_ymin,bbox_ymax,area,semimajor_sigma,semiminor_sigma,orientation,eccentricity,min_value,max_value,local_background,segment_flux,segment_fluxerr,kron_flux,kron_fluxerr,VLT_FORS2_I,kron_radius,ra,dec,separation,ang_size,P_c,Sigma_m,mag,P_O,p_xO,P_Ox,P_Ux,P_U
1,2,59.00290968056575,38.70086698348754,,57,61,37,41,20.0,1.3557964394393087,1.038582236264295,37.60331716179119,0.6428035124813021,7.546981577125109,14.139737744394779,0.0,210.84718169312808,,1349.2518581725515,,21.72862521134489,3.4158847138039157,199.8089044565566,-18.8394127087395,5.414083925607299,0.3416607027387058,0.06791799950306765,0.0007264253252741433,21.72862521134489,0.16559265110671081,6.450062293069149e-14,0.9999918474687935,0.0,0.0
5,6,32.0207166308025,57.7646212427634,,30,34,55,62,31.0,1.9192805542366327,1.1789973310668813,-86.2246325446606,0.7890793425053044,7.525630872233577,17.794014805106315,0.0,353.7851388055849,,1186.1130540370837,,21.166695747570436,2.9203447589679508,199.81086641493908,-18.83808253939341,7.042436418336065,0.4836586996676314,0.06710682130757506,0.0004287453606021322,21.166695747570436,0.28056442470715776,3.1036188188459806e-19,8.152531206361389e-06,0.0,0.0
3,4,24.43050213873212,47.8076946152122,,22,27,45,51,33.0,1.622942227673584,1.2518131181589855,-58.508116289136176,0.6364435573292327,7.6319055543643515,29.29645502148493,0.0,512.3282855613227,,643.992881581091,,20.7646738775684,1.4,199.81142562625473,-18.838767500198355,9.437941201810405,0.4089814413737432,0.07958180524945879,0.00029076131413068257,20.7646738775684,0.4137094228055921,6.936373998209787e-46,2.686701423869404e-32,0.0,0.0
4,5,98.85266306965103,52.31423824757261,,97,101,50,55,20.0,1.37873185064938,1.128483999077036,63.699540672799344,0.5745148153904873,8.286899972302095,9.536789969159344,0.0,178.3024280021243,,1991.359288997529,,21.910651569371424,3.7048723039499927,199.80598696663995,-18.83848945966108,9.832174168972335,0.34744042636364375,0.2326457041846799,0.0008584006983208459,21.910651569371424,0.14013350138053926,2.8092699824356556e-55,3.685759073901184e-42,0.0,0.0
