,label,xcentroid,ycentroid,sky_centroid,bbox_xmin,bbox_xmax,bbox_ymin,bbox_ymax,area,semimajor_sigma,semiminor_sigma,orientation,eccentricity,min_value,max_value,local_background,segment_flux,segment_fluxerr,kron_flux,kron_fluxerr,VLT_FORS2_I,kron_radius,ra,dec,separation,ang_size,P_c,Sigma_m,mag,P_O,p_xO,P_Ox,P_Ux,P_U
1,2,54.19059211068509,55.69998285031975,,52,56,54,58,18.0,1.2145577670799956,0.9779038698538718,25.87776256474085,0.5930682248888645,2.997786109176019,8.529885188358946,0.0,92.43453872706608,,129.35140461498028,,22.525397968855927,1.4,344.4308258177926,-29.594293020385074,1.4866104771098236,0.3060685573041589,0.026650282043040208,0.0014876962105028107,22.525397968855927,0.010408364683137314,0.05224060860709863,0.9999998753366729,0.0,0.0
3,4,56.74250102838708,86.12417156065939,,53,63,82,90,79.0,1.3623896076047148,1.2026935878468907,28.53390717748485,0.46978208557707946,0.32761635330989236,560.2013879824746,0.0,4436.0281771433165,,4369.834487323595,,18.32249792446317,1.4,344.43062254043923,-29.592169911276738,6.918379950094573,0.3433221811163881,0.0036224535998464757,2.2417058465111566e-05,18.32249792446317,0.6907456087842079,9.813216122103573e-11,1.2466332723999864e-07,0.0,0.0
0,1,30.10925107165805,34.74470614110548,,27,33,31,39,45.0,1.3584182724314668,1.1696976872383522,-72.07688631617609,0.5084808689286882,1.7284253951131774,71.66724954959984,0.0,602.606596388253,,649.8628815125768,,20.489898961311056,1.6583100164223483,344.43275730996896,-29.595756301757774,9.484535389281774,0.34232140465272964,0.06314696410360654,0.00022177960509838648,20.489898961311056,0.06981924550621053,1.0319321590780492e-19,1.3250599143689467e-17,0.0,0.0
4,5,34.889930378500935,88.51091648675838,,32,38,85,92,43.0,1.079034188685066,1.0691443821375308,-79.14022724616063,0.13508088052835482,0.5845622144531148,229.4724278851873,0.0,1747.886383818637,,1744.76225580363,,19.33370066667904,1.4,344.43237626444966,-29.592004296206376,9.677120892693766,0.27191661554863666,0.020420830670267454,6.760993027643685e-05,19.33370066667904,0.22902678102644428,3.883647222843521e-22,1.635819044093368e-19,0.0,0.0
