,label,xcentroid,ycentroid,sky_centroid,bbox_xmin,bbox_xmax,bbox_ymin,bbox_ymax,area,semimajor_sigma,semiminor_sigma,orientation,eccentricity,min_value,max_value,local_background,segment_flux,segment_fluxerr,kron_flux,kron_fluxerr,VLT_FORS2_I,kron_radius,ra,dec,coords,separation,ang_size,P_c,Sigma_m,mag,P_O,p_xO,P_Ox,P_Ux
7,8,57.785190485883774,59.98424056541898,,49,66,52,67,199.0,3.2292035256303606,3.0406576709706123,23.467157607832675,0.3366991651153569,0.1423420927578931,4.668085729182501,0.0,260.3503839582728,,319.91589169643976,,21.474892414612782,2.0324040404245127,327.34862988856406,-52.970903501681775,"<SkyCoord (ICRS): (ra, dec) in deg
    (327.34862989, -52.9709035)>",0.40013288406453607,0.8137592884588509,0.06276758730753296,0.0005738047431213687,21.474892414612782,0.08519650382867289,0.01403596200637487,0.6163515317037519,0.0
8,9,49.56152523893708,78.8832648518522,,37,64,64,97,643.0,4.79684492268748,3.708687270349665,-63.37994288029164,0.6342215259782538,0.0049480412712199495,37.83030855888246,0.0,2164.8785056796814,,2166.3625685474353,,19.17520414961397,1.4009193394982289,327.34958063902076,-52.969584082878406,"<SkyCoord (ICRS): (ra, dec) in deg
    (327.34958064, -52.96958408)>",5.46846973932936,1.208804920517245,0.012283065038007024,5.709749985135499e-05,19.17520414961397,0.8561873658482129,0.0008655226386684196,0.38195462152028,0.0
1,2,60.193556791250835,31.721416283457977,,54,67,24,38,138.0,2.8534871284042334,2.3872257045699676,71.49652995836344,0.5478151093710174,0.0025987199492938373,3.5937659629115473,0.0,152.04004127452765,,172.24382137185802,,22.058893023785934,1.7099447627203999,327.34835403075084,-52.972875959131294,"<SkyCoord (ICRS): (ra, dec) in deg
    (327.34835403, -52.97287596)>",6.957142221306059,0.7190787563578668,0.22739412839310202,0.0009820404153583634,22.058893023785934,0.04978018952143731,6.58974417348529e-05,0.0016907898145015873,0.0
2,3,74.99277701211851,35.031911951632296,,72,77,32,39,36.0,1.7043038364699614,1.4082618397352442,64.02773289373927,0.5632340510235019,0.13704607397302482,1.360526650735217,0.0,23.17073559402709,,29.830543003099194,,24.10143841731343,1.9672391586327171,327.346638684097,-52.97264594212246,"<SkyCoord (ICRS): (ra, dec) in deg
    (327.34663868, -52.97264594)>",7.285762807912731,0.4294845667904303,0.7794605713916164,0.005532648881596456,24.10143841731343,0.008835940801676928,6.712319872449996e-07,3.0569614665663134e-06,0.0
