,label,xcentroid,ycentroid,sky_centroid,bbox_xmin,bbox_xmax,bbox_ymin,bbox_ymax,area,semimajor_sigma,semiminor_sigma,orientation,eccentricity,min_value,max_value,local_background,segment_flux,segment_fluxerr,kron_flux,kron_fluxerr,VLT_FORS2_I,kron_radius,ra,dec,separation,ang_size,P_c,Sigma_m,mag,P_O,p_xO,P_Ox,P_Ux,P_U
3,4,59.32120902195014,59.42717334998,,34,80,30,84,1836.0,6.5833704966057685,5.783780879260523,57.44059211521525,0.4776613641064945,-0.07462501311228209,314.6382743511093,0.0,13098.556145745191,,12836.794721072882,,17.146308994940775,1.4,334.02041825946833,-7.898838833010753,2.8716220620784,1.6590093651446536,0.00035698998812783156,5.7434673213191735e-06,17.146308994940775,0.8947033796037631,0.007897354851709193,0.9658273409418161,0.03417265905818388,0.1
6,7,84.64190948208173,61.59481762968461,,83,87,60,63,16.0,1.0698767634663533,0.918025392842368,24.029892581120382,0.5135386147828378,0.28566020749783405,1.8406050710479391,0.0,14.141116171860702,,52.29502479313808,,24.56315833470564,3.2513911712268158,334.0186376032953,-7.89868811672321,4.685788315776147,0.269608944393521,0.4327333673285857,0.00792168925683065,24.56315833470564,0.0006486873514505863,8.961765194543818e-21,7.946351204960201e-22,0.03417265905818388,0.1
7,8,84.32787710524643,85.97683041097893,,83,86,84,88,14.0,1.0442948938640169,0.8614826113807906,82.27581796860609,0.5652175383085462,0.30550161751138205,1.3752326125414314,0.0,10.944293621554927,,22.82757111876233,,24.84139821968007,2.5200739048926897,334.01865942508954,-7.89698975992155,6.2746774790625865,0.26316231325373224,0.7090355604593228,0.009779898552037728,24.84139821968007,0.0005254348596445658,4.824282058870995e-43,3.4648970791132075e-44,0.03417265905818388,0.1
8,9,82.9984077810191,100.76618106445277,,79,87,97,104,58.0,1.7344057304774443,1.5585414938294118,-10.263686494011163,0.4387634584693407,0.12258590811799763,5.667758899772551,0.0,111.10467105636812,,116.57347345223545,,22.32503676516746,1.4,334.0187527580891,-7.895959578768351,9.165293027689811,0.437070244080316,0.2839699983636653,0.0012465013669500306,22.32503676516746,0.00412249818514161,3.6608010202021973e-81,2.0628866336616268e-81,0.03417265905818388,0.1
