,label,xcentroid,ycentroid,sky_centroid,bbox_xmin,bbox_xmax,bbox_ymin,bbox_ymax,area,semimajor_sigma,semiminor_sigma,orientation,eccentricity,min_value,max_value,local_background,segment_flux,segment_fluxerr,kron_flux,kron_fluxerr,VLT_FORS2_I,kron_radius,ra,dec,separation,ang_size,P_c,Sigma_m,mag,P_O,p_xO,P_Ox,P_Ux,P_U
3,4,58.28648534347311,59.57421043332339,,51,67,51,66,181.0,3.5606174687783683,2.9835612080671914,71.75048937516823,0.5457721049786947,1.2959209807819718,12.068078226556239,0.0,603.0974478283289,,1238.4475684067588,,20.56803280131348,2.636080526339811,352.37920651466686,-32.49070785950915,0.1723631023555519,0.8972756021321489,0.0029736447908287333,0.00023964030178205407,20.56803280131348,1.0,0.11450815825861697,1.0,0.0,0.0
