,label,xcentroid,ycentroid,sky_centroid,bbox_xmin,bbox_xmax,bbox_ymin,bbox_ymax,area,semimajor_sigma,semiminor_sigma,orientation,eccentricity,min_value,max_value,local_background,segment_flux,segment_fluxerr,kron_flux,kron_fluxerr,VLT_FORS2_I,kron_radius,ra,dec,separation,ang_size,P_c,Sigma_m,mag,P_O,p_xO,P_Ox,P_Ux,P_U
2,3,55.52120924157722,56.1849660374895,,45,68,41,68,384.0,5.3691967583249856,2.692871213396891,-55.8766631718939,0.8651339956581978,-0.03870769428441179,16.880215110314907,0.0,1279.7433340606199,,1316.1414198449636,,19.627454670982743,1.4,53.49580544989906,-14.083190981343794,1.1198871082073247,1.3530375830978965,0.0027557069389093636,9.211398348646329e-05,19.627454670982743,0.8822298622501359,0.0697218233636108,0.9959521167550309,0.004047883244969031,0.1
3,4,75.31206705046478,76.08715647592085,,73,78,73,79,30.0,1.6285469700918165,1.1841203038851702,79.2672690997122,0.6865290926724202,0.1862036859765226,1.5504350276138865,0.0,25.892847873355265,,42.83053141532281,,23.862312311775785,2.33517184880783,53.49437744898822,-14.081802822274557,5.956403933466612,0.41039383646313776,0.4132623906832853,0.004573161339911113,23.862312311775785,0.017770137749864155,1.002015603688141e-18,2.8830571255994246e-19,0.004047883244969031,0.1
