,label,xcentroid,ycentroid,sky_centroid,bbox_xmin,bbox_xmax,bbox_ymin,bbox_ymax,area,semimajor_sigma,semiminor_sigma,orientation,eccentricity,min_value,max_value,local_background,segment_flux,segment_fluxerr,kron_flux,kron_fluxerr,VLT_FORS2_I,kron_radius,ra,dec,separation,ang_size,P_c,Sigma_m,mag,P_O,p_xO,P_Ox,P_Ux,P_U
4,5,60.80576055393671,59.5399158767964,,55,66,51,67,143.0,3.4217286539965728,2.3185695533154123,-89.21893930904757,0.7354289752002507,-0.07463930189754679,5.662313692670087,0.0,293.86444497664013,,330.8872551969133,,20.729632391441005,1.4,322.4149127748917,-79.47562637897023,0.5529894850368251,0.8622756208071364,0.005608124172323703,0.0002809591953981466,20.729632391441005,0.8425594903412235,0.11497064341980133,0.9999996297250425,0.0,0.0
1,2,54.49791411728917,35.41769511043831,,51,59,32,39,43.0,2.2400124535833483,1.3633974997897271,34.97884971533288,0.7934340633593744,0.13248856038918827,2.463264780337282,0.0,55.58983825528524,,86.200797004387,,22.537511473967246,2.0772107318648834,322.41735538289726,-79.47731569692526,5.941195746686038,0.5644831383030038,0.1708538685244474,0.0015035827627489279,22.537511473967246,0.15744050965877662,2.2782194283072543e-07,3.702749574667958e-07,0.0,0.0
