,label,xcentroid,ycentroid,sky_centroid,bbox_xmin,bbox_xmax,bbox_ymin,bbox_ymax,area,semimajor_sigma,semiminor_sigma,orientation,eccentricity,min_value,max_value,local_background,segment_flux,segment_fluxerr,kron_flux,kron_fluxerr,VLT_FORS2_I,kron_radius,ra,dec,separation,ang_size,P_c,Sigma_m,mag,P_O,p_xO,P_Ox,P_Ux,P_U
3,4,60.87789528767917,63.390619142200805,,55,67,56,70,139.0,2.756813249246135,1.9150022836909968,-70.24874080992608,0.7193542025244757,0.028358696983303844,17.55988936619474,0.0,487.617765896705,,522.8557538250675,,20.68620688607154,1.6192534461566985,229.70637100351635,12.376614575356495,1.0692371898881932,0.694716938810026,0.003262418585302962,0.00026924249939376467,20.68620688607154,0.8342468136299557,0.09319253757851557,0.9967946900590978,0.003205309940902141,0.1
2,3,97.70765124852495,50.76560340250217,,95,99,48,53,18.0,1.6085827019729435,0.8571738058905388,-64.00797198265917,0.8461938528233502,0.3503292783930476,1.8622731108557389,0.0,16.59640747440892,,78.90136916827983,,24.356370464263545,3.316458861442375,229.70374596693512,12.375739316128277,9.756619947293972,0.4053628408971818,0.8713685775277127,0.00675498882166456,24.356370464263545,0.03325167563455183,2.2865777616053106e-68,9.748314513581479e-69,0.003205309940902141,0.1
4,5,27.795259797616126,79.2301304278672,,26,29,77,81,16.0,1.2776375451439475,0.893614777982045,87.22512623250486,0.7147035984887145,0.4528287728712428,1.669663174339746,0.0,16.152544928766986,,23.32493855048089,,24.38580329264889,1.4,229.7087293953409,12.37771383793835,9.426856324723873,0.3219646613762748,0.8585098607076878,0.006910900205255015,24.38580329264889,0.03250151073549254,2.1246261926059584e-68,8.853522622131443e-69,0.003205309940902141,0.1
