,label,xcentroid,ycentroid,sky_centroid,bbox_xmin,bbox_xmax,bbox_ymin,bbox_ymax,area,semimajor_sigma,semiminor_sigma,orientation,eccentricity,min_value,max_value,local_background,segment_flux,segment_fluxerr,kron_flux,kron_fluxerr,VLT_FORS2_R,kron_radius,ra,dec,separation,ang_size,P_c,Sigma_m,mag,P_O,p_xO,P_Ox,P_Ux,P_U
44,45,174.74090291576195,194.8954146936787,,98,230,155,254,6787.0,19.823085412383236,6.563055818868444,-28.22132709423073,0.943602180423592,-0.07973375846394504,101.40710226084997,0.0,31224.14681475546,,30373.351925082534,,16.916112139222843,1.4,149.90619087289534,14.088849096252316,3.6564940579272913,4.995417523920575,0.0015609408629911892,4.356366786012081e-06,16.916112139222843,1.0,0.003113107993102884,1.0,0.0,0.0
