,label,xcentroid,ycentroid,sky_centroid,bbox_xmin,bbox_xmax,bbox_ymin,bbox_ymax,area,semimajor_sigma,semiminor_sigma,orientation,eccentricity,min_value,max_value,local_background,segment_flux,segment_fluxerr,kron_flux,kron_fluxerr,VLT_FORS2_I,kron_radius,ra,dec,separation,ang_size,P_c,Sigma_m,mag,P_O,p_xO,P_Ox,P_Ux,P_U
1,2,59.10387530973041,55.84456873555813,,49,73,43,71,372.0,3.976674807674539,3.442953133387651,-87.01280655114181,0.5004127952966377,-0.1570649860693436,20.75011264434127,0.0,1098.7894431144355,,1181.5153200778034,,19.982700548521994,1.531975578343694,326.10524847156915,-40.900246996275236,0.7909189091485385,1.0021220515339837,0.0019891597900870694,0.000132984708649993,19.982700548521994,0.8739755168294365,0.13580817827998187,0.9978981532996992,0.0021018467003007975,0.1
2,3,97.29284786578499,62.36964508455766,,94,101,59,67,39.0,1.8187970840829322,1.692275701766744,-82.74685871937434,0.36645245129260806,0.16223861049341792,1.614471680474054,0.0,31.686092908576114,,103.17825935874986,,23.832815015736763,3.0631023952938214,326.1017176694584,-40.89979544397637,9.591679636497,0.45833686518889893,0.7286425830391722,0.004466001446063416,23.832815015736763,0.02602448317056351,0.0,0.0,0.0021018467003007975,0.1
