,label,xcentroid,ycentroid,sky_centroid,bbox_xmin,bbox_xmax,bbox_ymin,bbox_ymax,area,semimajor_sigma,semiminor_sigma,orientation,eccentricity,min_value,max_value,local_background,segment_flux,segment_fluxerr,kron_flux,kron_fluxerr,VLT_FORS2_I,kron_radius,ra,dec,coords,separation,ang_size,P_c,Sigma_m,mag,P_O,p_xO,P_Ox,P_Ux
3,4,59.886746144607486,57.3954062807809,,54,66,50,64,140.0,2.754485689823842,1.9276745667103075,-70.35033564922578,0.7143084240951444,0.02852993667798387,17.559625258531298,0.0,488.4051504545424,,522.1643323814903,,20.684455099115215,1.6088224348719047,229.70637037338844,12.376614909277201,"<SkyCoord (ICRS): (ra, dec) in deg
    (229.70637037, 12.37661491)>",0.5128839336028859,0.6941303938356082,0.0028784401196212395,0.00026877962327384255,20.684455099115215,0.9638707665168962,0.11100336854333227,1.0,0.0
4,5,26.856049431887037,73.23877914173332,,25,28,71,75,15.0,1.297119098827286,0.8451054892550264,88.38285750716433,0.7586271852022876,0.4404897918576296,1.6584221046749406,0.0,15.458075549381789,,22.25104154692045,,24.433517123124446,1.4,229.70872506524628,12.37771444527235,"<SkyCoord (ICRS): (ra, dec) in deg
    (229.70872507, 12.37771445)>",8.828361277723369,0.3268740129044761,0.8335323805447671,0.00717061494344288,24.433517123124446,0.03612923348310384,2.5962800258886656e-97,8.76708693345273e-98,0.0
