,label,xcentroid,ycentroid,sky_centroid,bbox_xmin,bbox_xmax,bbox_ymin,bbox_ymax,area,semimajor_sigma,semiminor_sigma,orientation,eccentricity,min_value,max_value,local_background,segment_flux,segment_fluxerr,kron_flux,kron_fluxerr,VLT_FORS2_I,kron_radius,ra,dec,coords,separation,ang_size,P_c,Sigma_m,mag,P_O,p_xO,P_Ox,P_Ux
1,2,59.021316672690546,56.48454259536764,,48,75,43,68,439.0,4.016967524418459,3.7989359688493005,28.602571349286283,0.3249757465890632,-0.31178827949627674,18.794815364688496,0.0,1043.8738428742085,,1102.7678884901193,,19.96674964149758,1.4904073578104926,326.1052059051498,-40.900220418273264,"<SkyCoord (ICRS): (ra, dec) in deg
    (326.10520591, -40.90022042)>",0.6963885910172607,1.0122758161534517,0.0019328615178136888,0.0001308308571945918,19.96674964149758,0.977234015558967,0.078828928584045,1.0,0.0
3,4,48.601440028146946,70.43939616442637,,47,50,69,73,12.0,1.4070229030519532,0.8981157169726932,63.29837507625467,0.7697800444252965,0.2969827818085946,0.9871671670130908,0.0,7.273749564799438,,29.075860584888275,,25.358973819157736,2.9807802534072465,326.10616601045655,-40.899244239422835,"<SkyCoord (ICRS): (ra, dec) in deg
    (326.10616601, -40.89924424)>",3.801938904115701,0.3545697715690922,0.4924594812999046,0.014314073918247815,25.358973819157736,0.008931934029787597,1.5340741031272609e-24,1.7787202365810248e-25,0.0
2,3,96.80171602841196,62.527903356985405,,95,99,61,65,17.0,1.2308095214366979,0.9689184053678582,-44.418821132610866,0.6166717024777362,0.2544818070849857,1.1425760108174714,0.0,12.557192458027338,,36.371733019601464,,24.766138303386956,3.1294744587691232,326.1017137347579,-40.89980382096959,"<SkyCoord (ICRS): (ra, dec) in deg
    (326.10171373, -40.89980382)>",9.599765089903986,0.31016399940204786,0.9321470938320859,0.009241860491657995,24.766138303386956,0.013834050411245274,0.0,0.0,0.0
