{
    "FRB": "FRB20190523A",
    "cosmo": "Planck18",
    "dec": 72.47075555555556,
    "dec_FRB": 72.46972222222223,
    "derived": {
        "EBV_photom": 0.6572559467659147,
        "EBV_photom_err": 0.14949971029530068,
        "Lnu_r": 5.20435053140832e+22,
        "Lnu_r_err": 6.63675216593647e+21,
        "M_r": -22.690916350358727,
        "M_r_err": 0.13845650989642788,
        "Mstar": 464928340305.81287,
        "Mstar_err": 355059859309.3333,
        "SFR_nebular": 0.0854118546615529,
        "SFR_photom": 4.185263593380288,
        "SFR_photom_err": 12.224801997560938,
        "Z_photom": 0.017963900274155786,
        "Z_photom_err": 0.01924492324819412,
        "age_mass": 1196.238780074247,
        "f_AGN": 0.1278791239551078,
        "f_AGN_err": 0.05763724983103045,
        "u-r": 2.1991485330065164,
        "u-r_err": 0.2202275949744626
    },
    "morphology": {
        "PA": 18.83,
        "PA_err": 6.36,
        "b/a": 0.69,
        "b/a_err": 0.05,
        "dec": 72.47065141347403,
        "dec_err": 0.011200000000000002,
        "n": 1.71,
        "n_err": 0.42,
        "ra": 207.06429376567363,
        "ra_err": 0.011200000000000002,
        "reff_ang": 0.45640000000000003,
        "reff_ang_err": 0.0252,
        "reff_kpc": 3.277347778499893,
        "reff_kpc_err": 0.18095785280060755
    },
    "neb_lines": {
        "Hbeta": 3e-18,
        "Hbeta_err": -999.0,
        "Hbeta_ref": "Heintz2020"
    },
    "offsets": {
        "ang_avg": 4.886758357037461,
        "ang_avg_err": 2.9558140266234822,
        "ang_best": 3.790450089557492,
        "ang_best_err": 3.15257488052688,
        "physical": 27.218718625166442,
        "physical_err": 22.638221475130003
    },
    "photom": {
        "DECaL_g": 22.71085269650502,
        "DECaL_g_err": 0.05982072427798323,
        "DECaL_g_flux": 0.002989915507441921,
        "DECaL_g_flux_err": 0.00016935785263138935,
        "DECaL_r": 21.476756942128414,
        "DECaL_r_err": 0.034676724566041144,
        "DECaL_r_flux": 0.009317453144211776,
        "DECaL_r_flux_err": 0.0003023881512517537,
        "DECaL_z": 20.364959619707612,
        "DECaL_z_err": 0.022493959602044655,
        "DECaL_z_flux": 0.025942758115722275,
        "DECaL_z_flux_err": 0.0005430806088505201,
        "EBV": 0.0163,
        "Pan-STARRS_g": 22.102481013100682,
        "Pan-STARRS_g_err": 0.1447030007839203,
        "Pan-STARRS_g_flux": 0.005236095862914577,
        "Pan-STARRS_g_flux_err": 0.0007464879196623356,
        "Pan-STARRS_g_ref": "Bhandari2021",
        "Pan-STARRS_i": 20.862836049790307,
        "Pan-STARRS_i_err": 0.07934699952602386,
        "Pan-STARRS_i_flux": 0.01640082045880564,
        "Pan-STARRS_i_flux_err": 0.0012434771384360582,
        "Pan-STARRS_i_ref": "Bhandari2021",
        "Pan-STARRS_r": 21.90534661373048,
        "Pan-STARRS_r_err": 0.14754100143909454,
        "Pan-STARRS_r_flux": 0.0062785787930380015,
        "Pan-STARRS_r_flux_err": 0.0009138860773805289,
        "Pan-STARRS_r_ref": "Bhandari2021",
        "Pan-STARRS_y": 19.884517802173104,
        "Pan-STARRS_y_err": 0.1120460033416748,
        "Pan-STARRS_y_flux": 0.04038246947148549,
        "Pan-STARRS_y_flux_err": 0.00439002327414358,
        "Pan-STARRS_y_ref": "Bhandari2021",
        "Pan-STARRS_z": 20.62801447899944,
        "Pan-STARRS_z_err": 0.09241700172424316,
        "Pan-STARRS_z_flux": 0.02036077021787483,
        "Pan-STARRS_z_flux_err": 0.001808990380604157,
        "Pan-STARRS_z_ref": "Bhandari2021"
    },
    "ra": 207.06432916666665,
    "ra_FRB": 207.065,
    "redshift": {
        "z": 0.66,
        "z_FRB": 0.66,
        "z_spec": 0.66
    }
}
