{
    "FRB": "FRB20220914A",
    "cosmo": "Planck18",
    "dec": 73.3363,
    "dec_FRB": 73.336914,
    "derived": {
        "AV_old": 0.5838,
        "AV_old_loerr": -0.1131,
        "AV_old_ref": "Sharma2024",
        "AV_old_uperr": 0.1521,
        "Mtotal": 1749041039.9663072,
        "Mtotal_loerr": -171395673.9770472,
        "Mtotal_ref": "Sharma2024",
        "Mtotal_uperr": 346036012.39887786,
        "SFR_SED": 0.4635,
        "SFR_SED_loerr": -0.0579,
        "SFR_SED_ref": "Sharma2024",
        "SFR_SED_uperr": 0.0512
    },
    "offsets": {
        "ang_avg": 2.7967891918688332,
        "ang_avg_err": 0.774129176039553,
        "ang_best": 2.6501936340160714,
        "ang_best_err": 0.7878871992727388,
        "physical": 5.663532757538922,
        "physical_err": 1.6837354467434709
    },
    "photom": {
        "DECaL_g": 20.04599623459192,
        "DECaL_g_err": 0.007126344780475003,
        "DECaL_g_flux": 0.03480178345905512,
        "DECaL_g_flux_err": 0.0002284251983288225,
        "DECaL_r": 19.434031421082096,
        "DECaL_r_err": 0.007199520070260746,
        "DECaL_r_flux": 0.06114872778548683,
        "DECaL_r_flux_err": 0.0004054773996051798,
        "DECaL_z": 19.019729103028368,
        "DECaL_z_err": 0.010639902928581323,
        "DECaL_z_flux": 0.08955881799378437,
        "DECaL_z_flux_err": 0.0008776506905419313,
        "DECam_g": 20.448820760621317,
        "DECam_g_err": 0.2,
        "DECam_g_flux": 0.02401439722344783,
        "DECam_g_flux_err": 0.0044236154451158865,
        "DECam_g_ref": "Sharma2024",
        "DECam_r": 20.032161244496603,
        "DECam_r_err": 0.19,
        "DECam_r_flux": 0.035248082516114575,
        "DECam_r_flux_err": 0.00616828991122544,
        "DECam_r_ref": "Sharma2024",
        "DECam_z": 19.60458574620469,
        "DECam_z_err": 0.18,
        "DECam_z_flux": 0.0522595536167863,
        "DECam_z_flux_err": 0.008663908976966535,
        "DECam_z_ref": "Sharma2024",
        "EBV": 0.0666,
        "Pan-STARRS_g": 20.31107455673554,
        "Pan-STARRS_g_err": 0.04,
        "Pan-STARRS_g_flux": 0.02726278204689097,
        "Pan-STARRS_g_flux_err": 0.0010043980085554694,
        "Pan-STARRS_g_ref": "Sharma2024",
        "Pan-STARRS_i": 19.667885187227096,
        "Pan-STARRS_i_err": 0.03,
        "Pan-STARRS_i_flux": 0.04929988649701057,
        "Pan-STARRS_i_flux_err": 0.00136220620481178,
        "Pan-STARRS_i_ref": "Sharma2024",
        "Pan-STARRS_r": 19.87425166410059,
        "Pan-STARRS_r_err": 0.04,
        "Pan-STARRS_r_flux": 0.04076611531721135,
        "Pan-STARRS_r_flux_err": 0.0015018791908589938,
        "Pan-STARRS_r_ref": "Sharma2024",
        "Pan-STARRS_y": 19.133502173751314,
        "Pan-STARRS_y_err": 0.08502399921417236,
        "Pan-STARRS_y_flux": 0.08064902563245376,
        "Pan-STARRS_y_flux_err": 0.006315624975889128,
        "Pan-STARRS_z": 19.624797028780062,
        "Pan-STARRS_z_err": 0.02,
        "Pan-STARRS_z_flux": 0.05129572622663611,
        "Pan-STARRS_z_flux_err": 0.0009449021963500483,
        "Pan-STARRS_z_ref": "Sharma2024",
        "WISE_W1": 18.870027611710793,
        "WISE_W1_err": 0.09,
        "WISE_W1_flux": 0.10279901411361612,
        "WISE_W1_flux_err": 0.00852132518900989,
        "WISE_W1_ref": "Sharma2024",
        "WISE_W2": 19.403614308668345,
        "WISE_W2_err": 0.13,
        "WISE_W2_flux": 0.0628860433618459,
        "WISE_W2_flux_err": 0.007529624232122904,
        "WISE_W2_ref": "Sharma2024",
        "WISE_W3": 18.27136889242418,
        "WISE_W3_err": 0.27,
        "WISE_W3_flux": 0.17842365734114973,
        "WISE_W3_flux_err": 0.04437025059217058,
        "WISE_W3_ref": "Sharma2024",
        "WISE_W4": 15.39923095703125,
        "WISE_W4_err": 999.0,
        "WISE_W4_flux": 2.513666868209839,
        "WISE_W4_flux_err": -99.0
    },
    "ra": 282.0582083333333,
    "ra_FRB": 282.056792,
    "redshift": {
        "z": 0.1139,
        "z_FRB": 0.1139,
        "z_spec": 0.1139
    }
}