{
    "FRB": "FRB20231025B",
    "cosmo": "Planck18",
    "dec": 63.98556666666667,
    "dec_FRB": 63.989077,
    "offsets": {
        "ang_avg": 23.245067255361,
        "ang_avg_err": 17.009888764572647,
        "ang_best": 13.03704527469868,
        "ang_best_err": 19.83784334399331,
        "physical": 63.124483711223114,
        "physical_err": 96.05348394885007
    },
    "photom": {
        "DECaL_g": 21.71499087718481,
        "DECaL_g_err": 0.030935620611452247,
        "DECaL_g_flux": 0.007481757771449146,
        "DECaL_g_flux_err": 0.00021317592515568382,
        "DECaL_r": 20.861704307501423,
        "DECaL_r_err": 0.025506119274903774,
        "DECaL_r_flux": 0.0164179251471934,
        "DECaL_r_flux_err": 0.00038568996337747067,
        "DECaL_z": 20.333988617905383,
        "DECaL_z_err": 0.02507601763364457,
        "DECaL_z_flux": 0.026693440119331526,
        "DECaL_z_flux_err": 0.0006165081096140732,
        "EBV": 0.0271,
        "Pan-STARRS_g": 21.718814505534617,
        "Pan-STARRS_g_err": 0.07811799645423889,
        "Pan-STARRS_g_flux": 0.007455455667175752,
        "Pan-STARRS_g_flux_err": 0.0005364150673255974,
        "Pan-STARRS_i": 20.74402972560273,
        "Pan-STARRS_i_err": 0.04305899888277054,
        "Pan-STARRS_i_flux": 0.018297346145616726,
        "Pan-STARRS_i_flux_err": 0.0007256508568002389,
        "Pan-STARRS_r": 21.026461576348737,
        "Pan-STARRS_r_err": 0.04782700166106224,
        "Pan-STARRS_r_flux": 0.014106373016294952,
        "Pan-STARRS_r_flux_err": 0.0006213899128768559,
        "Pan-STARRS_y": 20.25549532443626,
        "Pan-STARRS_y_err": 0.1498979926109314,
        "Pan-STARRS_y_flux": 0.028694711623063394,
        "Pan-STARRS_y_flux_err": 0.003961624980356037,
        "Pan-STARRS_z": 20.40908837133412,
        "Pan-STARRS_z_err": 0.07602699846029282,
        "Pan-STARRS_z_flux": 0.02490947909844217,
        "Pan-STARRS_z_flux_err": 0.0017442477470720808,
        "SDSS_g": 21.7658667,
        "SDSS_g_err": 0.08907095,
        "SDSS_g_flux": 0.007139261903006872,
        "SDSS_g_flux_err": 0.0005856863179222159,
        "SDSS_i": 20.65188177,
        "SDSS_i_err": 0.06516115,
        "SDSS_i_flux": 0.01991807146640387,
        "SDSS_i_flux_err": 0.001195395747922207,
        "SDSS_r": 20.8427169,
        "SDSS_r_err": 0.05360277,
        "SDSS_r_flux": 0.0167075678811735,
        "SDSS_r_flux_err": 0.0008248522195991774,
        "SDSS_u": 23.4956498,
        "SDSS_u_err": 0.9954309,
        "SDSS_u_flux": 0.0014512427872760386,
        "SDSS_u_flux_err": 0.0013305367432032103,
        "SDSS_z": 20.43488071,
        "SDSS_z_err": 0.1993751,
        "SDSS_z_flux": 0.024324712184168103,
        "SDSS_z_flux_err": 0.004466777383803017
    },
    "ra": 270.7860416666667,
    "ra_FRB": 270.788071,
    "redshift": {
        "z": 0.3238,
        "z_FRB": 0.3238,
        "z_spec": 0.3238
    }
}