{
    "FRB": "FRB20180924",
    "cosmo": "Planck18",
    "dec": -40.90022222222222,
    "dec_FRB": -40.90002777777778,
    "derived": {
        "IR_SB": 0.0206866399853523,
        "IR_SB_err": 9.63087138118237e-05,
        "IR_SB_ref": "Mannings2021",
        "IR_global": 19.349,
        "IR_global_err": 0.002,
        "IR_global_ref": "Mannings2021",
        "IRfe": 0.6553838155658194,
        "IRfe_err": 0.0655383815565819,
        "IRfe_ref": "Mannings2021",
        "IRff": 0.2437134822697229,
        "IRff_err": 0.1073310301220951,
        "IRff_ref": "Mannings2021",
        "SMStar": 80961923.96507531,
        "SMStar_err": 1016790.8896832824,
        "SMStar_ref": "Mannings2021",
        "SSFR": 0.0055585713782495,
        "SSFR_err": NaN,
        "SSFR_ref": "Mannings2021",
        "UV_SB": 0.0008454895495425,
        "UV_SB_err": NaN,
        "UV_SB_ref": "Mannings2021",
        "UV_global": 23.478,
        "UV_global_err": 0.0579999999999999,
        "UV_global_ref": "Mannings2021",
        "UVff": NaN,
        "UVff_err": NaN,
        "UVff_ref": "Mannings2021",
        "reff_iso": 0.527755300479335,
        "reff_iso_err": 0.0851700984080873,
        "reff_iso_ref": "Mannings2021"
    },
    "offsets": {
        "ang_avg": 0.7229508018475943,
        "ang_avg_err": 0.17403070545276678,
        "ang_best": 0.700091812003102,
        "ang_best_err": 0.17552555328811312,
        "physical": 3.3715316393306143,
        "physical_err": 0.845303353468249
    },
    "photom": {
        "DECaL_g": 21.42281739197631,
        "DECaL_g_err": 0.016928986161172194,
        "DECaL_g_flux": 0.009792036812465198,
        "DECaL_g_flux_err": 0.00015387563709122446,
        "DECaL_r": 20.326066507023583,
        "DECaL_r_err": 0.007441419968529305,
        "DECaL_r_flux": 0.026888922009390658,
        "DECaL_r_flux_err": 0.0001849243159461304,
        "DECaL_z": 19.564837125433797,
        "DECaL_z_err": 0.010642853929013851,
        "DECaL_z_flux": 0.05420821965686622,
        "DECaL_z_flux_err": 0.0005339852185049103,
        "DES_Y": 19.652473983065683,
        "DES_Y_err": 0.045026816,
        "DES_Y_flux": 0.05000465106195218,
        "DES_Y_flux_err": 0.002117355607463569,
        "DES_g": 21.398763806498007,
        "DES_g_err": 0.018184263,
        "DES_g_flux": 0.010011392115630374,
        "DES_g_flux_err": 0.00016908605213325058,
        "DES_i": 20.005314259951366,
        "DES_i_err": 0.011742518,
        "DES_i_flux": 0.036130526507375645,
        "DES_i_flux_err": 0.0003928817224710439,
        "DES_r": 20.393608914516832,
        "DES_r_err": 0.009535181,
        "DES_r_flux": 0.025267159885357368,
        "DES_r_flux_err": 0.00022287916999593393,
        "DES_z": 19.758666667943604,
        "DES_z_err": 0.017072726,
        "DES_z_flux": 0.045345409384102586,
        "DES_z_flux_err": 0.0007186722851821165,
        "EBV": 0.0166,
        "WFC3_F160W": 19.34049607671388,
        "WFC3_F160W_err": 0.002,
        "WFC3_F160W_flux": 0.06665021636757432,
        "WFC3_F160W_flux_err": 0.00012288738443745042,
        "WFC3_F160W_ref": "Mannings2021",
        "WFC3_F300X": 23.372686479056508,
        "WFC3_F300X_err": 0.058,
        "WFC3_F300X_flux": 0.0016252695645897245,
        "WFC3_F300X_flux_err": 8.918272010276147e-05,
        "WFC3_F300X_ref": "Mannings2021",
        "WISE_W1": 19.46128273010254,
        "WISE_W1_err": 0.2150000035762787,
        "WISE_W1_flux": 0.0596330501139164,
        "WISE_W1_flux_err": 0.013059019111096859,
        "WISE_W2": 19.291427612304688,
        "WISE_W2_err": -999.0,
        "WISE_W2_flux": 0.06973151862621307,
        "WISE_W2_flux_err": -99.0,
        "WISE_W3": 16.384963989257812,
        "WISE_W3_err": -999.0,
        "WISE_W3_flux": 1.0139449834823608,
        "WISE_W3_flux_err": -99.0,
        "WISE_W4": 14.614984512329102,
        "WISE_W4_err": -999.0,
        "WISE_W4_flux": 5.1761393547058105,
        "WISE_W4_flux_err": -99.0
    },
    "positional_error": {
        "dec_astrometric": 0.0228,
        "dec_source": 0.00026,
        "ra_astrometric": 0.0243,
        "ra_source": 0.000329
    },
    "ra": 326.1052333333333,
    "ra_FRB": 326.1052291666667,
    "redshift": {
        "z": 0.3212,
        "z_FRB": 0.3212,
        "z_spec": 0.3212
    }
}