{
    "FRB": "FRB20180924",
    "cosmo": "Planck18",
    "dec": -40.90022222222222,
    "dec_FRB": -40.90002777777778,
    "derived": {
        "AV_nebular": 0.7917584440105081,
        "EBV_photom": 0.30680281982249247,
        "EBV_photom_err": 0.11099262185447464,
        "EBV_spec": 0.17217024497708244,
        "Lnu_r": 9.1812362986915e+21,
        "Lnu_r_err": 4.59061814934575e+20,
        "M_r": -20.807252912575215,
        "M_r_err": 0.05428681023790647,
        "Mstar": 13234909371.953825,
        "Mstar_err": 5055043404.296791,
        "Mstar_spec": 12560336857.112703,
        "SFR_nebular": 0.8775458051717678,
        "SFR_photom": 2.029897092912971,
        "SFR_photom_err": 2.841465247802765,
        "Z_photom": 0.005666169778486658,
        "Z_photom_err": 0.009809029187362926,
        "Z_spec": -0.07485665291622498,
        "age_mass": 383.42075323101426,
        "f_AGN": 0.0998315418958591,
        "f_AGN_err": 0.07622276151999985,
        "u-r": 1.7815692371447855,
        "u-r_err": 0.14557622154188526
    },
    "morphology": {
        "PA": 83.05,
        "PA_err": 12.04,
        "b/a": 0.89,
        "b/a_err": 0.02,
        "dec": -40.900216358441874,
        "dec_err": 0.005132515516873788,
        "n": 4.05,
        "n_err": 0.9,
        "ra": 326.10519772980297,
        "ra_err": 0.005132515516873788,
        "reff_ang": 0.5851067689236118,
        "reff_ang_err": 0.11034908361278643,
        "reff_kpc": 2.8177818251697007,
        "reff_kpc_err": 0.531423765273233
    },
    "neb_lines": {
        "Halpha": 2.793917587884555e-16,
        "Halpha_err": 3.013472394842759e-18,
        "Hbeta": 7.242965230541272e-17,
        "Hbeta_err": 1.5593501300981236e-18,
        "Hgamma": 3.52957234235739e-17,
        "Hgamma_err": 1.8936419894150185e-18,
        "[NII] 6584": 1.9436203074257232e-16,
        "[NII] 6584_err": 2.883753521518385e-18,
        "[OIII] 5007": 7.872197042791452e-17,
        "[OIII] 5007_err": 1.8660434494152508e-18,
        "[OII] 3726": 3.977909646683979e-17,
        "[OII] 3726_err": 2.348287321814086e-18,
        "[OII] 3729": 6.947411709871694e-17,
        "[OII] 3729_err": 2.5078099684377433e-18
    },
    "offsets": {
        "ang_avg": 0.7229508018365346,
        "ang_avg_err": 0.1740307054526543,
        "ang_best": 0.7000918119916533,
        "ang_best_err": 0.17552555328805247,
        "physical": 3.371531639275479,
        "physical_err": 0.8453033534679569
    },
    "photom": {
        "DES_Y": 19.808304,
        "DES_Y_err": 0.05643164,
        "DES_Y_flux": 0.04331899717936577,
        "DES_Y_flux_err": 0.002311063919380581,
        "DES_g": 21.622192,
        "DES_g_err": 0.026982881,
        "DES_g_flux": 0.008149354201741605,
        "DES_g_flux_err": 0.00020506660660955244,
        "DES_i": 20.13791,
        "DES_i_err": 0.018629342,
        "DES_i_flux": 0.03197687316308854,
        "DES_i_flux_err": 0.0005534015685655942,
        "DES_r": 20.541481,
        "DES_r_err": 0.015638849,
        "DES_r_flux": 0.022049949252955874,
        "DES_r_flux_err": 0.00031990393694078935,
        "DES_z": 19.854736,
        "DES_z_err": 0.02003895,
        "DES_z_flux": 0.04150549467635725,
        "DES_z_flux_err": 0.0007731614468690722,
        "EBV": 0.0194,
        "WFC3_F160W": 19.349,
        "WFC3_F160W_err": 0.002,
        "WFC3_F160W_flux": 0.06613022407936106,
        "WFC3_F160W_flux_err": 0.00012192864047968494,
        "WFC3_F160W_ref": "Mannings2021",
        "WFC3_F300X": 23.478,
        "WFC3_F300X_err": 0.057999999999999996,
        "WFC3_F300X_flux": 0.0014750270823809225,
        "WFC3_F300X_flux_err": 8.093852878194872e-05,
        "WFC3_F300X_ref": "Mannings2021"
    },
    "positional_error": {
        "dec_astrometric": 0.0228,
        "dec_source": 0.00026000000000000003,
        "ra_astrometric": 0.0243,
        "ra_source": 0.00032900000000000003
    },
    "ra": 326.1052333333333,
    "ra_FRB": 326.1052291666667,
    "redshift": {
        "z": 0.3212,
        "z_FRB": 0.3212,
        "z_spec": 0.3212
    }
}