{
    "FRB": "FRB20230311A",
    "cosmo": "Planck18",
    "dec": 55.94489722222222,
    "dec_FRB": 55.945953,
    "offsets": {
        "ang_avg": 13.453032229208464,
        "ang_avg_err": 9.368260138478684,
        "ang_best": 4.1259244691487,
        "ang_best_err": 13.219653444397691,
        "physical": 13.606664412104484,
        "physical_err": 43.59638413336106
    },
    "photom": {
        "DECaL_g": 19.764231824626886,
        "DECaL_g_err": 0.0072934488730931404,
        "DECaL_g_flux": 0.04511357713562182,
        "DECaL_g_flux_err": 0.00030305111580423034,
        "DECaL_r": 19.064749071249967,
        "DECaL_r_err": 0.006022231972866221,
        "DECaL_r_flux": 0.08592120631424226,
        "DECaL_r_flux_err": 0.0004765774905039064,
        "DECaL_z": 18.569157534914034,
        "DECaL_z_err": 0.004430654228521864,
        "DECaL_z_flux": 0.13562413469491078,
        "DECaL_z_flux_err": 0.0005534527109275952,
        "EBV": 0.1241,
        "Pan-STARRS_g": 19.8197217989943,
        "Pan-STARRS_g_err": 0.020942000672221184,
        "Pan-STARRS_g_flux": 0.04286583369348062,
        "Pan-STARRS_g_flux_err": 0.0008268088639672592,
        "Pan-STARRS_i": 18.808100655369042,
        "Pan-STARRS_i_err": 0.011323000304400921,
        "Pan-STARRS_i_flux": 0.10883278233365805,
        "Pan-STARRS_i_flux_err": 0.0011350027954233441,
        "Pan-STARRS_r": 19.24518233575572,
        "Pan-STARRS_r_err": 0.017903000116348267,
        "Pan-STARRS_r_flux": 0.07276575837638684,
        "Pan-STARRS_r_flux_err": 0.0011998544167262366,
        "Pan-STARRS_y": 18.7529142961669,
        "Pan-STARRS_y_err": 0.04291100054979324,
        "Pan-STARRS_y_flux": 0.11450759039604272,
        "Pan-STARRS_y_flux_err": 0.004525625334134182,
        "Pan-STARRS_z": 18.737497560358676,
        "Pan-STARRS_z_err": 0.019161999225616455,
        "Pan-STARRS_z_flux": 0.11614512083507411,
        "Pan-STARRS_z_flux_err": 0.0020498282232345863,
        "WISE_W1": 18.24562644958496,
        "WISE_W1_err": 0.11500000208616257,
        "WISE_W1_flux": 0.18270453810691833,
        "WISE_W1_flux_err": 0.019351866096258163,
        "WISE_W2": 18.37062644958496,
        "WISE_W2_err": 0.10400000214576721,
        "WISE_W2_flux": 0.16283570230007172,
        "WISE_W2_flux_err": 0.0155976302921772,
        "WISE_W3": 16.63016700744629,
        "WISE_W3_err": 0.3100000023841858,
        "WISE_W3_flux": 0.808971643447876,
        "WISE_W3_flux_err": 0.23097802698612213,
        "WISE_W4": 15.098442077636719,
        "WISE_W4_err": 0.4740000069141388,
        "WISE_W4_flux": 3.3160667419433594,
        "WISE_W4_flux_err": 1.4476956129074097
    },
    "ra": 91.11045833333331,
    "ra_FRB": 91.109662,
    "redshift": {
        "z": "0.1918",
        "z_FRB": "0.1918",
        "z_spec": "0.1918"
    }
}