{
    "FRB": "FRB20231230D",
    "cosmo": "Planck18",
    "dec": 8.514047222222223,
    "dec_FRB": 8.514104,
    "offsets": {
        "ang_avg": 0.791731685542606,
        "ang_avg_err": 0.4185592492588425,
        "ang_best": 0.3583347629645313,
        "ang_best_err": 0.6025153422447193,
        "physical": 2.268514141830039,
        "physical_err": 3.814351036566892
    },
    "photom": {
        "DECaL_g": 21.661051834987184,
        "DECaL_g_err": 0.040882354471346916,
        "DECaL_g_flux": 0.007862836776434113,
        "DECaL_g_flux_err": 0.0002960675704059553,
        "DECaL_r": 20.553324814933422,
        "DECaL_r_err": 0.023855623647565917,
        "DECaL_r_flux": 0.021810723308789522,
        "DECaL_r_flux_err": 0.0004792217524436205,
        "DECaL_z": 19.838043270626834,
        "DECaL_z_err": 0.0238849115642301,
        "DECaL_z_flux": 0.04214855460816465,
        "DECaL_z_flux_err": 0.0009272183196657814,
        "DELVE_g": 23.06501179571173,
        "DELVE_g_err": 0.13502,
        "DELVE_g_flux": 0.002157720938652973,
        "DELVE_g_flux_err": 0.0002683298943704521,
        "DELVE_i": 20.597675353266858,
        "DELVE_i_err": 0.067229,
        "DELVE_i_flux": 0.020937742432415203,
        "DELVE_i_flux_err": 0.001296469142154488,
        "DELVE_r": 20.88736137636026,
        "DELVE_r_err": 0.059546,
        "DELVE_r_flux": 0.016034500803990916,
        "DELVE_r_flux_err": 0.0008793944428583761,
        "DELVE_z": 20.559561898728777,
        "DELVE_z_err": 0.053564,
        "DELVE_z_flux": 0.021685789348307564,
        "DELVE_z_flux_err": 0.0010698525254682024,
        "EBV": 0.015,
        "Pan-STARRS_g": 22.410340557933885,
        "Pan-STARRS_g_err": 0.14005300402641296,
        "Pan-STARRS_g_flux": 0.0039433358867038875,
        "Pan-STARRS_g_flux_err": 0.0005086650278380184,
        "Pan-STARRS_i": 21.03563497017642,
        "Pan-STARRS_i_err": 0.07777199894189835,
        "Pan-STARRS_i_flux": 0.013987690240386888,
        "Pan-STARRS_i_flux_err": 0.0010019474581464403,
        "Pan-STARRS_r": 21.512898890516073,
        "Pan-STARRS_r_err": 0.07396099716424942,
        "Pan-STARRS_r_flux": 0.009012399568124468,
        "Pan-STARRS_r_flux_err": 0.0006139300282886193,
        "Pan-STARRS_y": 20.658202339678873,
        "Pan-STARRS_y_err": 0.17897500097751617,
        "Pan-STARRS_y_flux": 0.0198024560656106,
        "Pan-STARRS_y_flux_err": 0.003264277803547512,
        "Pan-STARRS_z": 21.243003276038678,
        "Pan-STARRS_z_err": 0.13416799902915955,
        "Pan-STARRS_z_flux": 0.011555764534442431,
        "Pan-STARRS_z_flux_err": 0.0014279838859971106,
        "SDSS_g": 21.83545358,
        "SDSS_g_err": 0.1171503,
        "SDSS_g_flux": 0.006696048063185769,
        "SDSS_g_flux_err": 0.0007224996605795081,
        "SDSS_i": 20.532470879999998,
        "SDSS_i_err": 0.08261085,
        "SDSS_i_flux": 0.022233694925482918,
        "SDSS_i_flux_err": 0.0016917041435898362,
        "SDSS_r": 21.022274850000002,
        "SDSS_r_err": 0.08552013,
        "SDSS_r_flux": 0.014160873861040051,
        "SDSS_r_flux_err": 0.0011154088518025716,
        "SDSS_u": 22.82702878,
        "SDSS_u_err": 0.7371877,
        "SDSS_u_flux": 0.0026865101287386747,
        "SDSS_u_flux_err": 0.0018240731166119276,
        "SDSS_z": 20.22236716,
        "SDSS_z_err": 0.2192477,
        "SDSS_z_flux": 0.02958374363128552,
        "SDSS_z_flux_err": 0.0059739812673870706,
        "VLT_FORS2_R": 20.949479031204234,
        "VLT_FORS2_R_err": 0.005697,
        "VLT_FORS2_R_flux": 0.015142876548917853,
        "VLT_FORS2_R_flux_err": 7.94566556048513e-05,
        "VLT_FORS2_R_ref": "Muller2025",
        "VLT_HAWKI_Ks": 19.221020812990094,
        "VLT_HAWKI_Ks_err": 0.017108,
        "VLT_HAWKI_Ks_flux": 0.07440320935773673,
        "VLT_HAWKI_Ks_flux_err": 0.0011723751129545533,
        "VLT_HAWKI_Ks_ref": "Muller2025"
    },
    "ra": 118.76070833333333,
    "ra_FRB": 118.760791,
    "redshift": {
        "z": 0.506,
        "z_FRB": 0.506,
        "z_spec": 0.506
    }
}