{
    "FRB": "FRB20231223C",
    "cosmo": "Planck18",
    "dec": 29.495847222222224,
    "dec_FRB": 29.497937,
    "offsets": {
        "ang_avg": 11.317378020026498,
        "ang_avg_err": 7.8410632089845205,
        "ang_best": 7.558340065122628,
        "ang_best_err": 8.695552805526432,
        "physical": 15.156546662764322,
        "physical_err": 17.436970382379105
    },
    "photom": {
        "DECaL_g": 17.26290919546864,
        "DECaL_g_err": 0.0023519151525503374,
        "DECaL_g_flux": 0.4516856737243307,
        "DECaL_g_flux_err": 0.0009784387547975492,
        "DECaL_r": 16.42381507688271,
        "DECaL_r_err": 0.0019259621140129389,
        "DECaL_r_flux": 0.9783043025467886,
        "DECaL_r_flux_err": 0.0017353911699948391,
        "DECaL_z": 15.775973594825071,
        "DECaL_z_err": 0.002351369381451516,
        "DECaL_z_flux": 1.7766854934432057,
        "DECaL_z_flux_err": 0.0038477521993310433,
        "DELVE_g": 17.53522672775823,
        "DELVE_g_err": 0.00679,
        "DELVE_g_flux": 0.351487029323991,
        "DELVE_g_flux_err": 0.0021981370047815282,
        "DELVE_i": 98,
        "DELVE_i_err": 99,
        "DELVE_i_flux": 0,
        "DELVE_i_flux_err": 0,
        "DELVE_r": 16.96054799946147,
        "DELVE_r_err": 0.0054,
        "DELVE_r_flux": 0.5967340154526825,
        "DELVE_r_flux_err": 0.002967906632681863,
        "DELVE_z": 98,
        "DELVE_z_err": 99,
        "DELVE_z_flux": 0,
        "DELVE_z_flux_err": 0,
        "EBV": 0.0295,
        "Pan-STARRS_g": 17.654903384802665,
        "Pan-STARRS_g_err": 0.006287999916821718,
        "Pan-STARRS_g_flux": 0.31480283903760425,
        "Pan-STARRS_g_flux_err": 0.0018231686638143074,
        "Pan-STARRS_i": 16.783168100753105,
        "Pan-STARRS_i_err": 0.004689999856054783,
        "Pan-STARRS_i_flux": 0.7026398127277387,
        "Pan-STARRS_i_flux_err": 0.003035157717049298,
        "Pan-STARRS_r": 17.05472895920592,
        "Pan-STARRS_r_err": 0.004887999966740608,
        "Pan-STARRS_r_flux": 0.5471525286114796,
        "Pan-STARRS_r_flux_err": 0.00246328853172097,
        "Pan-STARRS_y": 16.58566169798713,
        "Pan-STARRS_y_err": 0.011680000461637974,
        "Pan-STARRS_y_flux": 0.842820935971735,
        "Pan-STARRS_y_flux_err": 0.009066796223693217,
        "Pan-STARRS_z": 16.665396587980332,
        "Pan-STARRS_z_err": 0.006914000026881695,
        "Pan-STARRS_z_flux": 0.7831435205832131,
        "Pan-STARRS_z_flux_err": 0.004987080930556966,
        "SDSS_g": 17.9233323,
        "SDSS_g_err": 0.008748336,
        "SDSS_g_flux": 0.2458482234263922,
        "SDSS_g_flux_err": 0.001980925803258332,
        "SDSS_i": 16.66077371,
        "SDSS_i_err": 0.006170998,
        "SDSS_i_flux": 0.7864851198986061,
        "SDSS_i_flux_err": 0.004470144847942374,
        "SDSS_r": 17.074777070000003,
        "SDSS_r_err": 0.006240362,
        "SDSS_r_flux": 0.5371420672883369,
        "SDSS_r_flux_err": 0.0030872701219853862,
        "SDSS_u": 19.8985815,
        "SDSS_u_err": 0.08946282,
        "SDSS_u_flux": 0.03986276269865163,
        "SDSS_u_flux_err": 0.0032846239707062528,
        "SDSS_z": 16.37027672,
        "SDSS_z_err": 0.01612329,
        "SDSS_z_flux": 1.0277543089982417,
        "SDSS_z_flux_err": 0.015262253114622582,
        "WISE_W1": 16.809789657592773,
        "WISE_W1_err": 0.01600000075995922,
        "WISE_W1_flux": 0.6856207251548767,
        "WISE_W1_flux_err": 0.010103680193424225,
        "WISE_W2": 17.366695404052734,
        "WISE_W2_err": 0.05400000140070915,
        "WISE_W2_flux": 0.4105082154273987,
        "WISE_W2_flux_err": 0.020416969433426857,
        "WISE_W3": 17.1544189453125,
        "WISE_W3_err": 0.3779999911785126,
        "WISE_W3_flux": 0.499151349067688,
        "WISE_W3_flux_err": 0.17377997934818268,
        "WISE_W4": 15.281611442565918,
        "WISE_W4_err": 999.0,
        "WISE_W4_flux": 2.801272392272949,
        "WISE_W4_flux_err": -99.0
    },
    "ra": 259.5444166666667,
    "ra_FRB": 259.544649,
    "redshift": {
        "z": 0.1059,
        "z_FRB": 0.1059,
        "z_spec": 0.1059
    }
}