{
    "FRB": "FRB20220825A",
    "cosmo": "Planck18",
    "dec": 72.58513888888888,
    "dec_FRB": 72.584969,
    "derived": {
        "AV_old": 1.5014,
        "AV_old_loerr": -0.0675,
        "AV_old_ref": "Sharma2024",
        "AV_old_uperr": 0.06,
        "Mtotal": 16330519478.943314,
        "Mtotal_loerr": -2627807090.527771,
        "Mtotal_ref": "Sharma2024",
        "Mtotal_uperr": 2545047251.7419662,
        "SFR_SED": 7.9097,
        "SFR_SED_loerr": -0.9359,
        "SFR_SED_ref": "Sharma2024",
        "SFR_SED_uperr": 1.2597
    },
    "offsets": {
        "ang_avg": 1.0997861719004087,
        "ang_avg_err": 0.550913809554819,
        "ang_best": 0.6546385110157904,
        "ang_best_err": 0.7082813463230913,
        "physical": 2.5753560262101147,
        "physical_err": 2.786387606001059
    },
    "photom": {
        "EBV": 0.4813,
        "Pan-STARRS_g": 19.645150976799005,
        "Pan-STARRS_g_err": 0.1,
        "Pan-STARRS_g_flux": 0.05034305928798263,
        "Pan-STARRS_g_flux_err": 0.004636767114088971,
        "Pan-STARRS_g_ref": "Sharma2024",
        "Pan-STARRS_i": 19.38745608322634,
        "Pan-STARRS_i_err": 0.03,
        "Pan-STARRS_i_flux": 0.06382892953466428,
        "Pan-STARRS_i_flux_err": 0.001763658499779424,
        "Pan-STARRS_i_ref": "Sharma2024",
        "Pan-STARRS_r": 19.474520145515633,
        "Pan-STARRS_r_err": 0.16,
        "Pan-STARRS_r_flux": 0.05891039518379804,
        "Pan-STARRS_r_flux_err": 0.008681356657446501,
        "Pan-STARRS_r_ref": "Sharma2024",
        "Pan-STARRS_y": 18.93195025161911,
        "Pan-STARRS_y_err": 0.1,
        "Pan-STARRS_y_flux": 0.09710014839946433,
        "Pan-STARRS_y_flux_err": 0.00894325416928465,
        "Pan-STARRS_y_ref": "Sharma2024",
        "Pan-STARRS_z": 19.210527703125184,
        "Pan-STARRS_z_err": 0.07,
        "Pan-STARRS_z_flux": 0.07512576597267118,
        "Pan-STARRS_z_flux_err": 0.004843537127196097,
        "Pan-STARRS_z_ref": "Sharma2024",
        "WISE_W1": 18.727974323466256,
        "WISE_W1_err": 0.09,
        "WISE_W1_flux": 0.11716833672853899,
        "WISE_W1_flux_err": 0.009712442358793462,
        "WISE_W1_ref": "Sharma2024",
        "WISE_W2": 18.933856690700974,
        "WISE_W2_err": 0.1,
        "WISE_W2_flux": 0.09692980030726414,
        "WISE_W2_flux_err": 0.008927564530175843,
        "WISE_W2_ref": "Sharma2024",
        "WISE_W3": 17.657860726246067,
        "WISE_W3_err": 0.3,
        "WISE_W3_flux": 0.31394654197197697,
        "WISE_W3_flux_err": 0.08674663530500444,
        "WISE_W3_ref": "Sharma2024"
    },
    "ra": 311.9816666666666,
    "ra_FRB": 311.98145,
    "redshift": {
        "z": 0.2414,
        "z_FRB": 0.2414,
        "z_spec": 0.2414
    }
}