{
    "FRB": "FRB20191228A",
    "cosmo": "Planck18",
    "dec": -29.594203999999998,
    "dec_FRB": -29.594083333333334,
    "derived": {
        "AV_nebular": 4.058379555564465,
        "EBV_photom": 0.47439201893826777,
        "EBV_photom_err": 0.25313770586248646,
        "EBV_spec": 0.6858030649230903,
        "Lnu_r": 8.824226752713792e+20,
        "Lnu_r_err": 4.412113376356896e+19,
        "M_r": -18.26419164867867,
        "M_r_err": 0.05428681023790647,
        "Mstar": 5353407506.427006,
        "Mstar_err": 6041608284.575709,
        "Mstar_spec": 28461985085.124126,
        "SFR_nebular": 0.5073686161951242,
        "SFR_photom": 0.2002482571709272,
        "SFR_photom_err": 0.4562859736679772,
        "Z_photom": 0.012285008624873826,
        "Z_photom_err": 0.016855468136521046,
        "Z_spec": -0.4641005688287729,
        "age_mass": 760.7114527097034,
        "f_AGN": 0.09774771965207694,
        "f_AGN_err": 0.07542189704574626,
        "u-r": 2.1324868391184695,
        "u-r_err": 0.7422042727886725
    },
    "morphology": {
        "PA": -66.52,
        "PA_err": 3.75,
        "b/a": 0.6,
        "b/a_err": 0.03,
        "dec": -29.59420391092428,
        "dec_err": 0.007558596000000001,
        "n": 0.29,
        "n_err": 0.17,
        "ra": 344.43085441057696,
        "ra_err": 0.010078128000000002,
        "reff_ang": 0.4509962280000001,
        "reff_ang_err": 0.015117192000000002,
        "reff_kpc": 1.7840279446047402,
        "reff_kpc_err": 0.05979981937222592
    },
    "neb_lines": {
        "Halpha": 3.004182313912709e-17,
        "Halpha_err": 1.776185487993526e-18,
        "Hbeta": 2.2994069886900283e-18,
        "Hbeta_err": 2.490798795915987e-18,
        "[NII] 6584": 8.052280405069888e-18,
        "[NII] 6584_err": 2.136178126883877e-18,
        "[OIII] 5007": 1.2520609814797582e-17,
        "[OIII] 5007_err": 3.099397217991115e-18
    },
    "offsets": {
        "ang_avg": 1.7484010515608717,
        "ang_avg_err": 0.7777056638457908,
        "ang_best": 1.4367765316619356,
        "ang_best_err": 0.8378161737398391,
        "physical": 5.683527540804997,
        "physical_err": 3.3141906153452187
    },
    "photom": {
        "EBV": 0.0208,
        "VLT_FORS2_I": 21.964323345947307,
        "VLT_FORS2_I_err": 0.4,
        "VLT_FORS2_I_flux": 0.005946626418392909,
        "VLT_FORS2_I_flux_err": 0.002648863908520613,
        "VLT_FORS2_I_ref": "Bhandari2021",
        "VLT_FORS2_g": 22.62082825421085,
        "VLT_FORS2_g_err": 0.5,
        "VLT_FORS2_g_flux": 0.003248393947356901,
        "VLT_FORS2_g_flux_err": 0.0018999635062409365,
        "VLT_FORS2_g_ref": "Bhandari2021"
    },
    "ra": 344.4308541666666,
    "ra_FRB": 344.43041666666664,
    "redshift": {
        "z": 0.2432,
        "z_FRB": 0.2432,
        "z_spec": 0.2432
    }
}
