{
    "FRB": "FRB20191228A",
    "cosmo": "Planck18",
    "dec": -29.594203999999998,
    "dec_FRB": -29.59408333,
    "morphology": {
        "PA": -66.52,
        "PA_err": 3.75,
        "b/a": 0.6,
        "b/a_err": 0.03,
        "dec": -29.59420391092428,
        "dec_err": 0.007558596000000001,
        "n": 0.29,
        "n_err": 0.17,
        "ra": 344.43085441057696,
        "ra_err": 0.010078128000000002,
        "reff_ang": 0.4509962280000001,
        "reff_ang_err": 0.015117192000000002,
        "reff_kpc": 1.78402794460474,
        "reff_kpc_err": 0.059799819372225914
    },
    "offsets": {
        "ang_avg": 1.7483277599021076,
        "ang_avg_err": 0.7776933892366447,
        "ang_best": 1.4366806983335656,
        "ang_best_err": 0.8378131645221908,
        "physical": 5.68314844819796,
        "physical_err": 3.3141787116350705
    },
    "photom": {
        "EBV": 0.0208,
        "VLT_FORS2_I": 21.858494510038312,
        "VLT_FORS2_I_err": 0.0657321135495212,
        "VLT_FORS2_I_flux": 0.006555445185008094,
        "VLT_FORS2_I_flux_err": 0.00039687657589405597,
        "VLT_FORS2_I_ref": "Shannon2024",
        "VLT_FORS2_g": 23.29038730190293,
        "VLT_FORS2_g_err": -800.0,
        "VLT_FORS2_g_flux": 0.0017532549492256337,
        "VLT_FORS2_g_flux_err": -99.0,
        "VLT_FORS2_g_ref": "Shannon2024"
    },
    "ra": 344.4308541666666,
    "ra_FRB": 344.4304167,
    "redshift": {
        "z": 0.2432,
        "z_FRB": 0.2432,
        "z_spec": 0.2432
    }
}