{
    "FRB": "FRB190102",
    "cosmo": "Planck15",
    "dec": -79.47566666666667,
    "dec_FRB": -79.47569444444444,
    "derived": {
        "AV_nebular": 0.09422530624456558,
        "EBV_photom": 0.20053323138419576,
        "EBV_photom_err": 0.09634641386124163,
        "EBV_spec": 0.6095129619225207,
        "Lnu_r": 3.8101827203797546e+21,
        "Lnu_r_err": 2.021937354562558e+20,
        "M_r": -19.85236450779133,
        "M_r_err": 0.05761641240613897,
        "Mstar": 3393330381.1872044,
        "Mstar_err": 1020245902.9123191,
        "Mstar_spec": 5105947472.478045,
        "SFR_nebular": 0.8620848678095931,
        "SFR_photom": 0.86030891713917,
        "SFR_photom_err": 1.111952750692373,
        "Z_photom": 0.001902198911669189,
        "Z_photom_err": 0.004331081110186106,
        "Z_spec": -0.7090828379438994,
        "age_mass": 55.65150253782397,
        "f_AGN": 0.0852228287403994,
        "f_AGN_err": 0.0727905645583949,
        "u-r": 1.3967019988624383,
        "u-r_err": 0.11649815163496167
    },
    "morphology": {
        "PA": 5.43,
        "PA_err": 6.39,
        "b/a": 0.36,
        "b/a_err": 0.13,
        "dec": -79.47561739479985,
        "dec_err": 0.07307999999999999,
        "n": 0.26,
        "n_err": 0.34,
        "ra": 322.41548237766614,
        "ra_err": 0.0504,
        "reff_ang": 0.9853200000000001,
        "reff_ang_err": 0.1134,
        "reff_kpc": 4.433560711388345,
        "reff_kpc_err": 0.5102563478579936
    },
    "neb_lines": {
        "Halpha": 5.655757627032969e-16,
        "Halpha_err": 1.6781747091141434e-17,
        "Hbeta": 1.9024753210906382e-16,
        "Hbeta_err": 1.7485149666906062e-17,
        "Hgamma": 1.0730660091756928e-16,
        "Hgamma_err": 2.017538231040787e-17,
        "[NII] 6584": 1.6863897601231456e-16,
        "[NII] 6584_err": 1.87477577034731e-17,
        "[OIII] 5007": 3.7954865779378286e-16,
        "[OIII] 5007_err": 2.6595122418963888e-17,
        "[OII] 3726": 3.2014276314441683e-16,
        "[OII] 3726_err": 2.805009113047901e-17,
        "[OII] 3729": 4.209401699199515e-16,
        "[OII] 3729_err": 2.971751917243715e-17
    },
    "offsets": {
        "ang_avg": 0.7043282267007869,
        "ang_avg_err": 0.3688914901354884,
        "ang_best": 0.4496281784536408,
        "ang_best_err": 0.44827786703280303,
        "physical": 2.0231537233844525,
        "physical_err": 2.0170778417789186
    },
    "photom": {
        "EBV": 0.1927,
        "VLT_FORS2_I": 20.76995024195376,
        "VLT_FORS2_I_err": 0.05,
        "VLT_FORS2_g": 21.86896533382052,
        "VLT_FORS2_g_err": 0.1,
        "VLT_FORS2_u": 22.774678443254338,
        "VLT_FORS2_u_err": 0.2,
        "VLT_FORS2_z": 20.544227323149684,
        "VLT_FORS2_z_err": 0.2,
        "WFC3_F160W": 20.45132209076566,
        "WFC3_F160W_err": 0.006
    },
    "ra": 322.41499999999996,
    "ra_FRB": 322.41566666666665,
    "redshift": {
        "z": 0.29116841268957017,
        "z_FRB": 0.29116841268957017,
        "z_spec": 0.29116841268957017
    }
}
