{
    "FRB": "FRB190102",
    "cosmo": "Planck15",
    "dec": -79.4757,
    "dec_FRB": -79.47569444444444,
    "derived": {
        "AV_nebular": 0.09427130033655942,
        "EBV_photom": 0.2749057999180598,
        "EBV_photom_err": 0.17043260786874093,
        "EBV_spec": 0.6094787256151387,
        "Lnu_r": 3.8810223905041374e+21,
        "Lnu_r_err": 2.159552516330269e+20,
        "M_r": -19.872365370728126,
        "M_r_err": 0.06041460515129164,
        "Mstar": 4735151612.3161545,
        "Mstar_err": 5442755343.36205,
        "Mstar_spec": 5104978902.866098,
        "SFR_nebular": 0.8621184031863307,
        "SFR_photom": 1.4339039114168322,
        "SFR_photom_err": 1.806074997570883,
        "Z_photom": 0.007529382331480944,
        "Z_photom_err": 0.013913477541271396,
        "Z_spec": -0.7091252559036231,
        "age_mass": 92.83188122797827,
        "f_AGN": 0.09340799356844967,
        "f_AGN_err": 0.07253001215487212,
        "u-r": 1.4414247783997614,
        "u-r_err": 0.15382267077152761
    },
    "morphology": {
        "PA": 9.37,
        "PA_err": 1.72,
        "b/a": 0.62,
        "b/a_err": 0.02,
        "dec": -79.47570760821041,
        "dec_err": 0.023752956768158074,
        "n": 0.38,
        "n_err": 0.03,
        "ra": 322.41499479654254,
        "ra_err": 0.017333238722709945,
        "reff_ang": 1.1118951654716158,
        "reff_ang_err": 0.03402450564087508,
        "reff_kpc": 5.003100232226661,
        "reff_kpc_err": 0.15309717800693595
    },
    "neb_lines": {
        "Halpha": 5.655757627032969e-16,
        "Halpha_err": 1.6781747091141434e-17,
        "Hbeta": 1.9024753210906382e-16,
        "Hbeta_err": 1.7485149666906062e-17,
        "Hgamma": 1.0730660091756928e-16,
        "Hgamma_err": 2.017538231040787e-17,
        "[NII] 6584": 1.6863897601231456e-16,
        "[NII] 6584_err": 1.87477577034731e-17,
        "[OIII] 5007": 3.7954865779378286e-16,
        "[OIII] 5007_err": 2.6595122418963888e-17,
        "[OII] 3726": 3.2014276314441683e-16,
        "[OII] 3726_err": 2.805009113047901e-17,
        "[OII] 3729": 4.209401699199515e-16,
        "[OII] 3729_err": 2.971751917243715e-17
    },
    "offsets": {
        "ang_avg": 0.8010192931144872,
        "ang_avg_err": 0.39141020335426413,
        "ang_best": 0.5017800438751012,
        "ang_best_err": 0.49269267862956656,
        "physical": 2.25781704246677,
        "physical_err": 2.216927396947915
    },
    "photom": {
        "EBV": 0.1927,
        "VLT_FORS2_I": 20.76995024195376,
        "VLT_FORS2_I_err": 0.05,
        "VLT_FORS2_I_flux": 1.786569425934902e-05,
        "VLT_FORS2_I_flux_err": 8.419842303644117e-07,
        "VLT_FORS2_g": 21.86896533382052,
        "VLT_FORS2_g_err": 0.1,
        "VLT_FORS2_g_flux": 6.492528441022668e-06,
        "VLT_FORS2_g_flux_err": 6.263874323981926e-07,
        "VLT_FORS2_u": 22.774678443254338,
        "VLT_FORS2_u_err": -999,
        "VLT_FORS2_u_flux": 2.8192177233999512e-06,
        "VLT_FORS2_u_flux_err": -99,
        "VLT_FORS2_z": 20.544227323149684,
        "VLT_FORS2_z_err": 0.2,
        "VLT_FORS2_z_flux": 2.1994245332346235e-05,
        "VLT_FORS2_z_flux_err": 4.448653596983685e-06,
        "WFC3_F160W": 20.45132209076566,
        "WFC3_F160W_err": 0.006,
        "WFC3_F160W_flux": 2.3959136289941357e-05,
        "WFC3_F160W_flux_err": 1.3276959821990165e-07
    },
    "positional_error": {
        "dec_astrometric": 0.0656,
        "dec_source": 0.0039,
        "ra_astrometric": 0.0394,
        "ra_source": 0.0137
    },
    "ra": 322.41490416666664,
    "ra_FRB": 322.41566666666665,
    "redshift": {
        "z": 0.29116841268957017,
        "z_FRB": 0.29116841268957017,
        "z_spec": 0.29116841268957017
    }
}