{
    "FRB": "FRB190102",
    "cosmo": "Planck15",
    "dec": -79.47566666666667,
    "dec_FRB": -79.47569444444444,
    "derived": {
        "AV_nebular": 0.09427130033655942,
        "EBV_photom": 0.2749057999180598,
        "EBV_photom_err": 0.17043260786874093,
        "EBV_spec": 0.6094787256151387,
        "Lnu_r": 3.8810223905041374e+21,
        "Lnu_r_err": 2.159552516330269e+20,
        "M_r": -19.872365370728126,
        "M_r_err": 0.06041460515129164,
        "Mstar": 4735151612.3161545,
        "Mstar_err": 5442755343.36205,
        "Mstar_spec": 5104978902.866098,
        "SFR_nebular": 0.8621184031728303,
        "SFR_photom": 1.4339039114168322,
        "SFR_photom_err": 1.806074997570883,
        "Z_photom": 0.007529382331480944,
        "Z_photom_err": 0.013913477541271396,
        "Z_spec": -0.7091252559036231,
        "age_mass": 92.83188122797827,
        "f_AGN": 0.09340799356844967,
        "f_AGN_err": 0.07253001215487212,
        "u-r": 1.4414247783997614,
        "u-r_err": 0.15382267077152761
    },
    "morphology": {
        "PA": 5.43,
        "PA_err": 6.39,
        "b/a": 0.36,
        "b/a_err": 0.13,
        "dec": -79.47561739479985,
        "dec_err": 0.07307999999999999,
        "n": 0.26,
        "n_err": 0.34,
        "ra": 322.41548237766614,
        "ra_err": 0.0504,
        "reff_ang": 0.9853200000000001,
        "reff_ang_err": 0.1134,
        "reff_kpc": 4.433560711388345,
        "reff_kpc_err": 0.5102563478579936
    },
    "neb_lines": {
        "Halpha": 5.655757627032969e-16,
        "Halpha_err": 1.6781747091141434e-17,
        "Hbeta": 1.9024753210906382e-16,
        "Hbeta_err": 1.7485149666906062e-17,
        "Hgamma": 1.0730660091756928e-16,
        "Hgamma_err": 2.017538231040787e-17,
        "[NII] 6584": 1.6863897601231456e-16,
        "[NII] 6584_err": 1.87477577034731e-17,
        "[OIII] 5007": 3.7954865779378286e-16,
        "[OIII] 5007_err": 2.6595122418963888e-17,
        "[OII] 3726": 3.2014276314441683e-16,
        "[OII] 3726_err": 2.805009113047901e-17,
        "[OII] 3729": 4.209401699199515e-16,
        "[OII] 3729_err": 2.971751917243715e-17
    },
    "offsets": {
        "ang_avg": 0.7484119973494391,
        "ang_avg_err": 0.3888926603133522,
        "ang_best": 0.4496281784536408,
        "ang_best_err": 0.49041744634500156,
        "physical": 2.0231537233844525,
        "physical_err": 2.2066897274942154
    },
    "photom": {
        "EBV": 0.1927,
        "VLT_FORS2_I": 20.76995024195376,
        "VLT_FORS2_I_err": 0.05,
        "VLT_FORS2_g": 21.86896533382052,
        "VLT_FORS2_g_err": 0.1,
        "VLT_FORS2_u": 22.774678443254338,
        "VLT_FORS2_u_err": -999,
        "VLT_FORS2_z": 20.544227323149684,
        "VLT_FORS2_z_err": 0.2,
        "WFC3_F160W": 20.45132209076566,
        "WFC3_F160W_err": 0.006
    },
    "ra": 322.41499999999996,
    "ra_FRB": 322.41566666666665,
    "redshift": {
        "z": 0.29116841268957017,
        "z_FRB": 0.29116841268957017,
        "z_spec": 0.29116841268957017
    }
}
