{
    "FRB": "190102",
    "cosmo": "Planck15",
    "dec": -79.47566666666667,
    "derived": {
        "AV_nebular": 0.09427130033655942,
        "EBV_photom": 0.10874369730986228,
        "EBV_photom_err": 0.046784733194462205,
        "EBV_spec": 0.6094787256151387,
        "Lnu_r": 3.997132381967197e+21,
        "Lnu_r_err": 2.6143450055200063e+20,
        "M_r": -19.90437132999839,
        "M_r_err": 0.07101313524233827,
        "Mstar": 3178839293.9744,
        "Mstar_err": 2129235298.7722566,
        "Mstar_spec": 5104978902.866098,
        "SFR_nebular": 0.8621184031728303,
        "SFR_photom": 1.066722803676849,
        "SFR_photom_err": 1.4764566475305756,
        "Z_photom": 0.011124311994211948,
        "Z_photom_err": 0.01602539455461222,
        "Z_spec": -0.7091252559036231,
        "f_AGN": 0.04840567171094815,
        "f_AGN_err": 0.04087590818796955,
        "u-r": 1.3260292984909408,
        "u-r_err": 0.22774992012342385
    },
    "morphology": {
        "PA": 5.43,
        "PA_err": 6.39,
        "b/a": 0.36,
        "b/a_err": 0.13,
        "dec": -79.47561739479985,
        "dec_err": 0.07307999999999999,
        "n": 0.26,
        "n_err": 0.34,
        "ra": 322.41548237766614,
        "ra_err": 0.0504,
        "reff_ang": 0.9853200000000001,
        "reff_ang_err": 0.1134,
        "reff_kpc": 4.433560711388345,
        "reff_kpc_err": 0.5102563478579936
    },
    "neb_lines": {
        "Halpha": 5.655757627032969e-16,
        "Halpha_err": 1.6781747091141434e-17,
        "Hbeta": 1.9024753210906382e-16,
        "Hbeta_err": 1.7485149666906062e-17,
        "Hgamma": 1.0730660091756928e-16,
        "Hgamma_err": 2.017538231040787e-17,
        "[NII] 6584": 1.6863897601231456e-16,
        "[NII] 6584_err": 1.87477577034731e-17,
        "[OIII] 5007": 3.7954865779378286e-16,
        "[OIII] 5007_err": 2.6595122418963888e-17,
        "[OII] 3726": 3.2014276314441683e-16,
        "[OII] 3726_err": 2.805009113047901e-17,
        "[OII] 3729": 4.209401699199515e-16,
        "[OII] 3729_err": 2.971751917243715e-17
    },
    "photom": {
        "VLT_FORS2_I": 20.716269843416345,
        "VLT_FORS2_I_err": 0.05,
        "VLT_FORS2_g": 21.750362403249547,
        "VLT_FORS2_g_err": 0.1,
        "VLT_FORS2_u": 22.623995165495597,
        "VLT_FORS2_u_err": -999.0,
        "VLT_FORS2_z": 20.50261074741079,
        "VLT_FORS2_z_err": 0.2
    },
    "ra": 322.41499999999996,
    "redshift": {
        "z": 0.29116841268957017,
        "z_FRB": 0.29116841268957017,
        "z_spec": 0.29116841268957017
    }
}
