{
    "FRB": "FRB20221027A",
    "cosmo": "Planck18",
    "dec": 72.1009,
    "dec_FRB": 72.100944,
    "derived": {
        "AV_old": 0.2024,
        "AV_old_loerr": -0.0681,
        "AV_old_ref": "Sharma2024",
        "AV_old_uperr": 0.0569,
        "Mtotal": 13963683610.559362,
        "Mtotal_loerr": -2525532120.948965,
        "Mtotal_ref": "Sharma2024",
        "Mtotal_uperr": 1649806769.137148,
        "SFR_SED": 2.5508,
        "SFR_SED_loerr": -0.3049,
        "SFR_SED_ref": "Sharma2024",
        "SFR_SED_uperr": 0.3787
    },
    "offsets": {
        "ang_avg": 1.391989306143298,
        "ang_avg_err": 0.6645481128991432,
        "ang_best": 1.1177097216119076,
        "ang_best_err": 0.718925228969275,
        "physical": 7.330989947000084,
        "physical_err": 4.715386763047674
    },
    "photom": {
        "DECaL_g": 23.70691048485077,
        "DECaL_g_err": 0.13932340376562274,
        "DECaL_g_flux": 0.0011946365567820133,
        "DECaL_g_flux_err": 0.00015329767085623888,
        "DECaL_r": 22.990726966612147,
        "DECaL_r_err": 0.10554740524406117,
        "DECaL_r_flux": 0.0023105172095691973,
        "DECaL_r_flux_err": 0.0002246117382592989,
        "DECaL_z": 22.630488991596504,
        "DECaL_z_err": 0.10942207964929487,
        "DECaL_z_flux": 0.0032196183774046536,
        "DECaL_z_flux_err": 0.00032447784000275387,
        "DECam_g": 22.72223793871922,
        "DECam_g_err": 0.2,
        "DECam_g_flux": 0.002958726481509326,
        "DECam_g_flux_err": 0.0005450175592456078,
        "DECam_g_ref": "Sharma2024",
        "DECam_r": 22.758069355145338,
        "DECam_r_err": 0.19,
        "DECam_r_flux": 0.0028626763640917977,
        "DECam_r_flux_err": 0.0005009582500738369,
        "DECam_r_ref": "Sharma2024",
        "DECam_z": 22.503431251237572,
        "DECam_z_err": 0.18,
        "DECam_z_flux": 0.0036193242594718612,
        "DECam_z_flux_err": 0.0006000337502331568,
        "DECam_z_ref": "Sharma2024",
        "EBV": 0.0325,
        "Pan-STARRS_i": 22.26031772086712,
        "Pan-STARRS_i_err": 0.14469200372695923,
        "Pan-STARRS_i_flux": 0.0045276506114123385,
        "Pan-STARRS_i_flux_err": 0.0006033830651219593
    },
    "ra": 130.873,
    "ra_FRB": 130.872,
    "redshift": {
        "z": 0.5422,
        "z_FRB": 0.5422,
        "z_spec": 0.5422
    }
}