{
    "FRB": "FRB20190711A",
    "cosmo": "Planck18",
    "dec": -80.35806944444444,
    "dec_FRB": -80.358,
    "derived": {
        "AV_old": 0.28,
        "AV_old_loerr": 0.16,
        "AV_old_ref": "Gordon2023",
        "AV_old_uperr": 0.34,
        "AV_young": 1.06,
        "AV_young_loerr": 0.28,
        "AV_young_ref": "Gordon2023",
        "AV_young_uperr": 0.26,
        "EBV_photom": 0.18690004225363024,
        "EBV_photom_err": 0.11082622182007512,
        "IR_SB": 0.0061672244772472,
        "IR_SB_err": 0.0001081161989048,
        "IR_SB_ref": "Mannings2021",
        "IR_global": 22.899,
        "IR_global_err": 0.014,
        "IR_global_ref": "Mannings2021",
        "IRfe": 0.6078785963273794,
        "IRfe_err": 0.2200443527252064,
        "IRfe_ref": "Mannings2021",
        "IRff": 0.5483126605017508,
        "IRff_err": 0.2723809443592766,
        "IRff_ref": "Mannings2021",
        "Lnu_r": 1.7556838091147775e+21,
        "Lnu_r_err": 1.2631517547353653e+20,
        "M_r": -19.01111576024455,
        "M_r_err": 0.07811483964823014,
        "Mstar": 1258925412.0,
        "Mstar_loerr": 517615170.5,
        "Mstar_ref": "Gordon2023",
        "Mstar_uperr": 519353998.2,
        "Mtotal": 1949844600.0,
        "Mtotal_loerr": 853366403.6,
        "Mtotal_ref": "Gordon2023",
        "Mtotal_uperr": 934186903.4,
        "SFR_SED": 0.95,
        "SFR_SED_loerr": 0.5,
        "SFR_SED_ref": "Gordon2023",
        "SFR_SED_uperr": 0.96,
        "SFR_nebular": 0.4159134256496358,
        "SFR_photom": 0.8913675637700837,
        "SFR_photom_err": 0.40953161123472515,
        "SMStar": 4476896.412225556,
        "SMStar_err": 376384.35501629184,
        "SMStar_ref": "Mannings2021",
        "SSFR": 0.0161425059401357,
        "SSFR_err": NaN,
        "SSFR_ref": "Mannings2021",
        "UV_SB": 0.0016061191110947,
        "UV_SB_err": NaN,
        "UV_SB_ref": "Mannings2021",
        "UV_global": 25.008000000000003,
        "UV_global_err": 0.121,
        "UV_global_ref": "Mannings2021",
        "UVff": NaN,
        "UVff_err": NaN,
        "UVff_ref": "Mannings2021",
        "Z_gas": -999.0,
        "Z_gas_loerr": -999.0,
        "Z_gas_ref": "Gordon2023",
        "Z_gas_uperr": -999.0,
        "Z_photom": 0.005804349534818569,
        "Z_photom_err": 0.009274557777466552,
        "Z_stellar": 0.1023292992,
        "Z_stellar_loerr": 0.07281720696,
        "Z_stellar_ref": "Gordon2023",
        "Z_stellar_uperr": 0.2444075512,
        "age_mass": 3.54,
        "age_mass_loerr": 1.36,
        "age_mass_ref": "Gordon2023",
        "age_mass_uperr": 0.96,
        "agn_tau": -999.0,
        "agn_tau_loerr": -999.0,
        "agn_tau_ref": "Gordon2023",
        "agn_tau_uperr": -999.0,
        "f_AGN": -999.0,
        "f_AGN_loerr": -999.0,
        "f_AGN_ref": "Gordon2023",
        "f_AGN_uperr": -999.0,
        "lg_sSFR": -9.27,
        "lg_sSFR_loerr": 0.36,
        "lg_sSFR_ref": "Gordon2023",
        "lg_sSFR_uperr": 0.36,
        "reff_iso": 0.4473653752856953,
        "reff_iso_err": 0.0505191877942278,
        "reff_iso_ref": "Mannings2021",
        "u-r": 0.9451190969975987,
        "u-r_err": 0.1576050023184267,
        "z_SED": 0.5218,
        "z_SED_loerr": 0.01,
        "z_SED_ref": "Gordon2023",
        "z_SED_uperr": 0.0
    },
    "morphology": {
        "PA": 79.43,
        "PA_err": 4.45,
        "b/a": 0.65,
        "b/a_err": 0.04,
        "dec": -80.3580701466259,
        "dec_err": 0.0140907429163588,
        "n": 0.57,
        "n_err": 0.08,
        "ra": 329.41921227311957,
        "ra_err": 0.017933672802638474,
        "reff_ang": 0.3855739652567271,
        "reff_ang_err": 0.020495626060158253,
        "reff_kpc": 2.4807663985998443,
        "reff_kpc_err": 0.13186798132092195
    },
    "neb_lines": {
        "Hbeta": 2.575e-17,
        "Hbeta_err": 5.34e-18,
        "Hbeta_ref": "Heintz2020"
    },
    "offsets": {
        "ang_avg": 0.8026173343123982,
        "ang_avg_err": 0.41824615208326454,
        "ang_best": 0.250617809507745,
        "ang_best_err": 0.6925556433363467,
        "physical": 1.6124642655879189,
        "physical_err": 4.455873383477962
    },
    "photom": {
        "DELVE_g": 98,
        "DELVE_g_err": 99,
        "DELVE_g_flux": 0,
        "DELVE_g_flux_err": 0,
        "DELVE_i": 22.009010295755886,
        "DELVE_i_err": 0.095711,
        "DELVE_i_flux": 0.005706842357183067,
        "DELVE_i_flux_err": 0.0005259158031734843,
        "DELVE_r": 98,
        "DELVE_r_err": 99,
        "DELVE_r_flux": 0,
        "DELVE_r_flux_err": 0,
        "DELVE_z": 98,
        "DELVE_z_err": 99,
        "DELVE_z_flux": 0,
        "DELVE_z_flux_err": 0,
        "EBV": 0.1209,
        "GMOS_S_g": 23.546544841400454,
        "GMOS_S_g_err": 0.2,
        "GMOS_S_g_flux": 0.0013847840661334355,
        "GMOS_S_g_flux_err": 0.0002800925662036815,
        "GMOS_S_g_ref": "Heintz2020",
        "GMOS_S_i": 22.983823785119345,
        "GMOS_S_i_err": 0.15,
        "GMOS_S_i_flux": 0.0023252544289022515,
        "GMOS_S_i_flux_err": 0.00034449486454353457,
        "GMOS_S_i_ref": "Heintz2020",
        "GMOS_S_r": 23.542287234751313,
        "GMOS_S_r_err": 0.15,
        "GMOS_S_r_flux": 0.0013902250203662269,
        "GMOS_S_r_flux_err": 0.0002059668714628342,
        "GMOS_S_r_ref": "Heintz2020",
        "WFC3_F160W": 22.837079413138728,
        "WFC3_F160W_err": 0.014,
        "WFC3_F160W_flux": 0.002661755922365125,
        "WFC3_F160W_flux_err": 3.45441852074709e-05,
        "WFC3_F160W_ref": "Mannings2021",
        "WFC3_F300X": 24.24652159432398,
        "WFC3_F300X_err": 0.121,
        "WFC3_F300X_flux": 0.0007267605694992261,
        "WFC3_F300X_flux_err": 8.567954101329264e-05,
        "WFC3_F300X_ref": "Mannings2021"
    },
    "positional_error": {
        "dec_astrometric": 0.0355,
        "dec_source": 0.00299,
        "ra_astrometric": 0.027,
        "ra_source": 0.00425
    },
    "ra": 329.41922083333327,
    "ra_FRB": 329.41925,
    "redshift": {
        "z": 0.522,
        "z_FRB": 0.522,
        "z_spec": 0.522
    }
}