{
    "FRB": "FRB190523",
    "cosmo": "Planck15",
    "dec": 72.470756,
    "dec_FRB": 72.46972222222223,
    "derived": {
        "EBV_photom": 0.2986320100874673,
        "EBV_photom_err": 0.15439804196279525,
        "Lnu_r": 2.9191615458541855e+22,
        "Lnu_r_err": 3.185671461136694e+21,
        "M_r": -22.063145323571213,
        "M_r_err": 0.1184860374285572,
        "Mstar": 61185166845.10849,
        "Mstar_err": 40058246787.14623,
        "SFR_nebular": 0.0853694371774484,
        "SFR_photom": 4.277496907516434,
        "SFR_photom_err": 11.386562435061064,
        "Z_photom": 0.005811967492726315,
        "Z_photom_err": 0.011915224812438613,
        "age_mass": 685.9228734960669,
        "f_AGN": 0.09601011421543373,
        "f_AGN_err": 0.07251547252611529,
        "u-r": 1.9162042451149555,
        "u-r_err": 0.19483274729755728
    },
    "morphology": {
        "PA": 18.83,
        "PA_err": 6.36,
        "b/a": 0.69,
        "b/a_err": 0.05,
        "dec": 72.47065141347403,
        "dec_err": 0.011200000000000002,
        "n": 1.71,
        "n_err": 0.42,
        "ra": 207.06429376567363,
        "ra_err": 0.011200000000000002,
        "reff_ang": 0.45640000000000003,
        "reff_ang_err": 0.0252,
        "reff_kpc": 3.276533874435431,
        "reff_kpc_err": 0.18091291331238574
    },
    "neb_lines": {
        "Hbeta": 3e-18,
        "Hbeta_err": -999
    },
    "offsets": {
        "ang_avg": 4.887685185351174,
        "ang_avg_err": 2.956073430852297,
        "ang_best": 3.791847133134328,
        "ang_best_err": 3.15265462194597,
        "physical": 27.221988559148773,
        "physical_err": 22.633171917619187
    },
    "photom": {
        "EBV": 0.0163,
        "Pan-STARRS_g": 22.91868126944834,
        "Pan-STARRS_g_err": 0.16809199750423431,
        "Pan-STARRS_g_flux": 2.4690363653704466e-06,
        "Pan-STARRS_g_flux_err": 4.134302467117026e-07,
        "Pan-STARRS_i": 21.140336202378197,
        "Pan-STARRS_i_err": 0.058139000087976456,
        "Pan-STARRS_i_flux": 1.2701807112868111e-05,
        "Pan-STARRS_i_flux_err": 6.986962904554015e-07,
        "Pan-STARRS_r": 22.013947230185558,
        "Pan-STARRS_r_err": 0.1003049984574318,
        "Pan-STARRS_r_flux": 5.6809517698611625e-06,
        "Pan-STARRS_r_flux_err": 5.498380491572281e-07,
        "Pan-STARRS_y": 20.585018290454354,
        "Pan-STARRS_y_err": 0.10481999814510345,
        "Pan-STARRS_y_flux": 2.118325421529407e-05,
        "Pan-STARRS_y_flux_err": 2.1470648031368382e-06,
        "Pan-STARRS_z": 20.794915113765065,
        "Pan-STARRS_z_err": 0.06288400292396545,
        "Pan-STARRS_z_flux": 1.74595862912641e-05,
        "Pan-STARRS_z_flux_err": 1.0410876848230372e-06
    },
    "ra": 207.06433,
    "ra_FRB": 207.065,
    "redshift": {
        "z": 0.66,
        "z_FRB": 0.66,
        "z_spec": 0.66
    }
}