{
    "FRB": "FRB190523",
    "cosmo": "Planck15",
    "dec": 72.470756,
    "dec_FRB": 72.46972222222223,
    "derived": {
        "EBV_photom": 0.6572559467659147,
        "EBV_photom_err": 0.14949971029530068,
        "Lnu_r": 5.20435053140832e+22,
        "Lnu_r_err": 6.63675216593647e+21,
        "M_r": -22.690916350358727,
        "M_r_err": 0.13845650989642788,
        "Mstar": 464928340305.81287,
        "Mstar_err": 355059859309.3333,
        "SFR_nebular": 0.0853694371774484,
        "SFR_photom": 4.185263593380288,
        "SFR_photom_err": 12.224801997560938,
        "Z_photom": 0.017963900274155786,
        "Z_photom_err": 0.01924492324819412,
        "age_mass": 1196.238780074247,
        "f_AGN": 0.1278791239551078,
        "f_AGN_err": 0.05763724983103045,
        "u-r": 2.1991485330065164,
        "u-r_err": 0.2202275949744626
    },
    "morphology": {
        "PA": 18.83,
        "PA_err": 6.36,
        "b/a": 0.69,
        "b/a_err": 0.05,
        "dec": 72.47065141347403,
        "dec_err": 0.011200000000000002,
        "n": 1.71,
        "n_err": 0.42,
        "ra": 207.06429376567363,
        "ra_err": 0.011200000000000002,
        "reff_ang": 0.45640000000000003,
        "reff_ang_err": 0.0252,
        "reff_kpc": 3.276533874435431,
        "reff_kpc_err": 0.18091291331238574
    },
    "neb_lines": {
        "Hbeta": 3e-18,
        "Hbeta_err": -999
    },
    "offsets": {
        "ang_avg": 4.887685185351174,
        "ang_avg_err": 2.956073430852297,
        "ang_best": 3.791847133134328,
        "ang_best_err": 3.15265462194597,
        "physical": 27.221988559148773,
        "physical_err": 22.633171917619187
    },
    "photom": {
        "EBV": 0.0163,
        "Pan-STARRS_g": 22.102481013100682,
        "Pan-STARRS_g_err": 0.1447030007839203,
        "Pan-STARRS_g_flux": 0.005236095862914577,
        "Pan-STARRS_g_flux_err": 0.0007464879196623356,
        "Pan-STARRS_i": 20.862836049790307,
        "Pan-STARRS_i_err": 0.07934699952602386,
        "Pan-STARRS_i_flux": 0.01640082045880564,
        "Pan-STARRS_i_flux_err": 0.0012434771384360582,
        "Pan-STARRS_r": 21.90534661373048,
        "Pan-STARRS_r_err": 0.14754100143909454,
        "Pan-STARRS_r_flux": 0.0062785787930380015,
        "Pan-STARRS_r_flux_err": 0.0009138860773805289,
        "Pan-STARRS_y": 19.884517802173104,
        "Pan-STARRS_y_err": 0.1120460033416748,
        "Pan-STARRS_y_flux": 0.04038246947148549,
        "Pan-STARRS_y_flux_err": 0.00439002327414358,
        "Pan-STARRS_z": 20.62801447899944,
        "Pan-STARRS_z_err": 0.09241700172424316,
        "Pan-STARRS_z_flux": 0.02036077021787483,
        "Pan-STARRS_z_flux_err": 0.001808990380604157
    },
    "ra": 207.06433,
    "ra_FRB": 207.065,
    "redshift": {
        "z": 0.66,
        "z_FRB": 0.66,
        "z_spec": 0.66
    }
}