{
    "FRB": "190523",
    "cosmo": "Planck15",
    "dec": 72.470756,
    "derived": {
        "EBV_photom": 0.30037593825743913,
        "EBV_photom_err": 0.15208458616339954,
        "Lnu_r": 2.8940025009350273e+22,
        "Lnu_r_err": 3.1675101594782217e+21,
        "M_r": -22.053747255227947,
        "M_r_err": 0.11883474385297058,
        "Mstar": 125593780706.51276,
        "Mstar_err": 86539948924.39392,
        "SFR_nebular": 0.08536943717611253,
        "SFR_photom": 12.61819472896052,
        "SFR_photom_err": 32.555019878720714,
        "Z_photom": 0.007629025869678679,
        "Z_photom_err": 0.01327365192264198,
        "f_AGN": 0.07950435656472606,
        "f_AGN_err": 0.0704900060380915,
        "u-r": 1.9531768136045813,
        "u-r_err": 0.1932605048375288
    },
    "neb_lines": {
        "Hbeta": 3e-18,
        "Hbeta_err": -999
    },
    "photom": {
        "Pan-STARRS_i": 21.0578,
        "Pan-STARRS_i_err": 0.0574,
        "Pan-STARRS_y": 20.0666,
        "Pan-STARRS_y_err": 0.1505,
        "Pan-STARRS_z": 20.6865,
        "Pan-STARRS_z_err": 0.0995
    },
    "ra": 207.06433,
    "redshift": {
        "z": 0.66,
        "z_FRB": 0.66,
        "z_spec": 0.66
    }
}