{
    "FRB": "190523",
    "cosmo": "Planck15",
    "dec": 72.470756,
    "derived": {
        "EBV_photom": 0.2902044578419523,
        "EBV_photom_err": 0.14762599200337906,
        "Lnu_r": 2.9370926198747986e+22,
        "Lnu_r_err": 3.2108528789997984e+21,
        "M_r": -22.069794105042362,
        "M_r_err": 0.1186935405200317,
        "Mstar": 72206622602.61674,
        "Mstar_err": 51056690025.54027,
        "SFR_nebular": 0.08536943717611253,
        "SFR_photom": 5.066739305507007,
        "SFR_photom_err": 17.134087766595595,
        "Z_photom": 0.005690694766987993,
        "Z_photom_err": 0.011539201099373142,
        "age_mass": 411.1569774849322,
        "f_AGN": 0.0900951928055725,
        "f_AGN_err": 0.07121492001722558,
        "u-r": 1.9221894548810088,
        "u-r_err": 0.19375615928148052
    },
    "morphology": {
        "PA": 18.83,
        "PA_err": 6.36,
        "b/a": 0.69,
        "b/a_err": 0.05,
        "dec": 72.47065141347403,
        "dec_err": 0.011200000000000002,
        "n": 1.71,
        "n_err": 0.42,
        "ra": 207.06429376567363,
        "ra_err": 0.011200000000000002,
        "reff_ang": 0.45640000000000003,
        "reff_ang_err": 0.0252,
        "reff_kpc": 3.2765338744354646,
        "reff_kpc_err": 0.18091291331238762
    },
    "neb_lines": {
        "Hbeta": 3e-18,
        "Hbeta_err": -999
    },
    "photom": {
        "EBV": 0.0163,
        "Pan-STARRS_g": 22.91868126944834,
        "Pan-STARRS_g_err": 0.16809199750423431,
        "Pan-STARRS_i": 21.140336202378197,
        "Pan-STARRS_i_err": 0.058139000087976456,
        "Pan-STARRS_r": 22.013947230185558,
        "Pan-STARRS_r_err": 0.1003049984574318,
        "Pan-STARRS_y": 20.585018290454354,
        "Pan-STARRS_y_err": 0.10481999814510345,
        "Pan-STARRS_z": 20.794915113765065,
        "Pan-STARRS_z_err": 0.06288400292396545
    },
    "ra": 207.06433,
    "redshift": {
        "z": 0.66,
        "z_FRB": 0.66,
        "z_spec": 0.66
    }
}