{
    "FRB": "FRB20230731A",
    "cosmo": "Planck18",
    "dec": -56.79888758333333,
    "dec_FRB": -56.799060822,
    "offsets": {
        "ang_avg": 2.3682481802996374,
        "ang_avg_err": 0.5403024272458817,
        "ang_best": 2.299247958698158,
        "ang_best_err": 0.5446905024588226,
        "physical": NaN,
        "physical_err": NaN
    },
    "photom": {
        "EBV": 0.2961,
        "VISTA_J": 19.232553801023542,
        "VISTA_J_err": 0.143306,
        "VISTA_J_flux": 0.07361706077701932,
        "VISTA_J_flux_err": 0.009716694041773907,
        "VISTA_Ks": 19.61283035721535,
        "VISTA_Ks_err": 0.36961,
        "VISTA_Ks_flux": 0.05186422007157432,
        "VISTA_Ks_flux_err": 0.01765579364181284
    },
    "ra": 174.6025783333333,
    "ra_FRB": 174.601455688,
    "redshift": {
        "z": NaN,
        "z_FRB": NaN,
        "z_spec": NaN
    }
}