{
    "FRB": "FRB20220501C",
    "cosmo": "Planck18",
    "dec": -32.49070786111111,
    "dec_FRB": -32.490715027,
    "offsets": {
        "ang_avg": 0.5484383976465711,
        "ang_avg_err": 0.28614054554725027,
        "ang_best": 0.1728186050053506,
        "ang_best_err": 0.4721934353947669,
        "physical": 0.9294393601416847,
        "physical_err": 2.5395134073835868
    },
    "photom": {
        "DECaL_g": 23.00782015424447,
        "DECaL_g_err": 0.06624905610617624,
        "DECaL_g_flux": 0.0022744266350856706,
        "DECaL_g_flux_err": 0.00013878013563224507,
        "DECaL_r": 22.033465553894676,
        "DECaL_r_err": 0.04443226887189788,
        "DECaL_r_flux": 0.005579737561661385,
        "DECaL_r_flux_err": 0.00022834312652362553,
        "DECaL_z": 21.052404204541453,
        "DECaL_z_err": 0.05736630770087638,
        "DECaL_z_flux": 0.013773309685599037,
        "DECaL_z_flux_err": 0.0007277310252903946,
        "EBV": 0.0144,
        "VLT_FORS2_I": 20.441958393930147,
        "VLT_FORS2_I_err": 0.0134479522751305,
        "VLT_FORS2_I_flux": 0.02416666026021424,
        "VLT_FORS2_I_flux_err": 0.0002993287802363123,
        "VLT_FORS2_I_ref": "Shannon2024",
        "VLT_FORS2_g": 21.440046026334958,
        "VLT_FORS2_g_err": 0.0105046324262188,
        "VLT_FORS2_g_flux": 0.00963788153360246,
        "VLT_FORS2_g_flux_err": 9.324769905825297e-05,
        "VLT_FORS2_g_ref": "Shannon2024"
    },
    "ra": 352.3792066666667,
    "ra_FRB": 352.379150391,
    "redshift": {
        "z": 0.381,
        "z_FRB": 0.381,
        "z_spec": 0.381
    }
}