{
    "FRB": "FRB20230926A",
    "cosmo": "Planck18",
    "dec": 41.809999999999995,
    "dec_FRB": 41.814304,
    "offsets": {
        "ang_avg": 19.649986151985466,
        "ang_avg_err": 13.575119681152367,
        "ang_best": 15.610859385901101,
        "ang_best_err": 14.163277141612022,
        "physical": 17.34361879464977,
        "physical_err": 15.735359185218654
    },
    "photom": {
        "DECaL_g": 16.162064226435128,
        "DECaL_g_err": 0.0013072997138429048,
        "DECaL_g_flux": 1.2450141968975816,
        "DECaL_g_flux_err": 0.0014990811729421382,
        "DECaL_r": 15.3886615301424,
        "DECaL_r_err": 0.001207843845945836,
        "DECaL_r_flux": 2.538255770791701,
        "DECaL_r_flux_err": 0.0028237214516303576,
        "DECaL_z": 14.809708596317915,
        "DECaL_z_err": 0.0010011111544616588,
        "DECaL_z_flux": 4.326299244896451,
        "DECaL_z_flux_err": 0.003989096442233622,
        "EBV": 0.0279,
        "Pan-STARRS_g": 16.291644734635483,
        "Pan-STARRS_g_err": 0.0035989999305456877,
        "Pan-STARRS_g_flux": 1.1049486622325124,
        "Pan-STARRS_g_flux_err": 0.0036626854121690256,
        "Pan-STARRS_i": 15.37664275383161,
        "Pan-STARRS_i_err": 0.0008750000270083547,
        "Pan-STARRS_i_flux": 2.5665095981575106,
        "Pan-STARRS_i_flux_err": 0.00206836242345377,
        "Pan-STARRS_r": 15.693451031893893,
        "Pan-STARRS_r_err": 0.002056000055745244,
        "Pan-STARRS_r_flux": 1.9169888265510036,
        "Pan-STARRS_r_flux_err": 0.003630098284444597,
        "Pan-STARRS_y": 14.983850898076854,
        "Pan-STARRS_y_err": 0.004945000167936087,
        "Pan-STARRS_y_flux": 3.6851878876057658,
        "Pan-STARRS_y_flux_err": 0.01678423786848497,
        "Pan-STARRS_z": 15.161224483681213,
        "Pan-STARRS_z_err": 0.002742999931797385,
        "Pan-STARRS_z_flux": 3.129753983176119,
        "Pan-STARRS_z_flux_err": 0.007906998886812622,
        "SDSS_g": 16.4266453,
        "SDSS_g_err": 0.004163928,
        "SDSS_g_flux": 0.9757574465153961,
        "SDSS_g_flux_err": 0.0037421463288673097,
        "SDSS_i": 15.28978259,
        "SDSS_i_err": 0.003531898,
        "SDSS_i_flux": 2.780269902336885,
        "SDSS_i_flux_err": 0.00904421319330635,
        "SDSS_r": 15.702483619999999,
        "SDSS_r_err": 0.003508152,
        "SDSS_r_flux": 1.9011069358518176,
        "SDSS_r_flux_err": 0.0061427187101199855,
        "SDSS_u": 17.904147599999998,
        "SDSS_u_err": 0.02530704,
        "SDSS_u_flux": 0.2502309094259165,
        "SDSS_u_flux_err": 0.005832543491067212,
        "SDSS_z": 15.00200268,
        "SDSS_z_err": 0.007198,
        "SDSS_z_flux": 3.624089565774796,
        "SDSS_z_flux_err": 0.024026275056617672,
        "WISE_W1": 15.475029945373535,
        "WISE_W1_err": 0.007000000216066837,
        "WISE_W1_flux": 2.3441641330718994,
        "WISE_W1_flux_err": 0.01511338446289301,
        "WISE_W2": 15.940848350524902,
        "WISE_W2_err": 0.010999999940395355,
        "WISE_W2_flux": 1.5263726711273193,
        "WISE_W2_flux_err": 0.015464252792298794,
        "WISE_W3": 14.05162525177002,
        "WISE_W3_err": 0.020999999716877937,
        "WISE_W3_flux": 8.696603775024414,
        "WISE_W3_flux_err": 0.16820721328258514,
        "WISE_W4": 13.14780044555664,
        "WISE_W4_err": 0.07599999755620956,
        "WISE_W4_flux": 19.993093490600586,
        "WISE_W4_flux_err": 1.3994882106781006
    },
    "ra": 269.12416666666667,
    "ra_FRB": 269.124876,
    "redshift": {
        "z": 0.0553,
        "z_FRB": 0.0553,
        "z_spec": 0.0553
    }
}