{
    "FRB": "FRB20230526A",
    "cosmo": "Planck18",
    "dec": -52.71747177777778,
    "dec_FRB": -52.717330933,
    "offsets": {
        "ang_avg": 0.7078080229259622,
        "ang_avg_err": 0.34287744787087265,
        "ang_best": 0.5072104581467103,
        "ang_best_err": 0.3972459279260256,
        "physical": 1.4229575426746222,
        "physical_err": 1.1144566922072714
    },
    "photom": {
        "DECaL_g": 21.08839272700075,
        "DECaL_g_err": 0.007264465969420259,
        "DECaL_g_flux": 21.08839272700075,
        "DECaL_g_flux_err": 0.00022912265140356467,
        "DECaL_r": 20.404038228848535,
        "DECaL_r_err": 0.0050285846052006925,
        "DECaL_r_flux": 20.404038228848535,
        "DECaL_r_flux_err": 0.0001847788363927513,
        "DECaL_z": 19.904451007435977,
        "DECaL_z_err": 0.015338943091128543,
        "DECaL_z_flux": 19.904451007435977,
        "DECaL_z_flux_err": 0.0005654688248127523,
        "DELVE_g": 21.078986714482564,
        "DELVE_g_err": 0.029099,
        "DELVE_g_flux": 21.078986714482564,
        "DELVE_g_flux_err": -2653.3157753929363,
        "DELVE_i": 20.104323354148537,
        "DELVE_i_err": 0.021082,
        "DELVE_i_flux": 20.104323354148537,
        "DELVE_i_flux_err": 0.0002510350700999422,
        "DELVE_r": 20.440979308545792,
        "DELVE_r_err": 0.019018,
        "DELVE_r_flux": 20.440979308545792,
        "DELVE_r_flux_err": 0.0014864712973789186,
        "DELVE_z": 19.80000901972063,
        "DELVE_z_err": 0.049107,
        "DELVE_z_flux": 19.80000901972063,
        "DELVE_z_flux_err": 0.001141189466448078,
        "DES_Y": 19.89415610979125,
        "DES_Y_err": 0.06619627,
        "DES_Y_flux": 0.04002557230402156,
        "DES_Y_flux_err": 0.004440319913331665,
        "DES_g": 21.121132714482567,
        "DES_g_err": 0.011825868,
        "DES_g_flux": 0.01292846334652795,
        "DES_g_flux_err": 33440724.220933873,
        "DES_i": 20.063528354148538,
        "DES_i_err": 0.01052525,
        "DES_i_flux": 0.034244328352037015,
        "DES_i_flux_err": 0.005119925491926581,
        "DES_r": 20.39515330854579,
        "DES_r_err": 0.00838995,
        "DES_r_flux": 0.025231244429740996,
        "DES_r_flux_err": 33440724.220933873,
        "DES_z": 19.897673019720628,
        "DES_z_err": 0.022186494,
        "DES_z_flux": 0.03989613147548549,
        "DES_z_flux_err": -2023.017097867993,
        "EBV": 0.0209,
        "VISTA_J": 19.244237329980248,
        "VISTA_J_err": 0.089968,
        "VISTA_J_flux": 0.07282911998837197,
        "VISTA_J_flux_err": 33440724.220933873,
        "VISTA_Ks": 19.078209974138783,
        "VISTA_Ks_err": 0.191223,
        "VISTA_Ks_flux": 0.08486253575024082,
        "VISTA_Ks_flux_err": 33440724.220933873,
        "VLT_FORS2_I": null,
        "VLT_FORS2_I_flux": null,
        "VLT_FORS2_R": 21.029829709730883,
        "VLT_FORS2_R_flux": 0.014062680518498799,
        "VLT_FORS2_g": null,
        "VLT_FORS2_g_flux": null,
        "VLT_FORS2_u": null,
        "VLT_FORS2_u_flux": null,
        "VLT_FORS2_z": null,
        "VLT_FORS2_z_flux": null,
        "VLT_HAWKI_J": null,
        "VLT_HAWKI_J_flux": null,
        "VLT_HAWKI_Ks": 17.093111133923173,
        "VLT_HAWKI_Ks_flux": 0.5281478798364662
    },
    "ra": 22.232610416666667,
    "ra_FRB": 22.232616425,
    "redshift": {
        "z": 0.157,
        "z_FRB": 0.157,
        "z_spec": 0.157
    }
}