{
    "FRB": "FRB180924",
    "cosmo": "Planck15",
    "dec": -40.900225,
    "dec_FRB": -40.90002777777778,
    "derived": {
        "AV_nebular": 0.7917584440105083,
        "EBV_photom": 0.30680281982249247,
        "EBV_photom_err": 0.11099262185447464,
        "EBV_spec": 0.17217024497708244,
        "Lnu_r": 9.1812362986915e+21,
        "Lnu_r_err": 4.59061814934575e+20,
        "M_r": -20.807252912575215,
        "M_r_err": 0.05428681023790647,
        "Mstar": 13234909371.953825,
        "Mstar_err": 5055043404.296791,
        "Mstar_spec": 12560336857.112703,
        "SFR_nebular": 0.8763484887409293,
        "SFR_nebular_err": -999.0,
        "SFR_photom": 2.029897092912971,
        "SFR_photom_err": 2.841465247802765,
        "Z_photom": 0.005666169778486658,
        "Z_photom_err": 0.009809029187362926,
        "Z_spec": -0.07485665291622498,
        "age_mass": 383.42075323101426,
        "f_AGN": 0.0998315418958591,
        "f_AGN_err": 0.07622276151999985,
        "u-r": 1.7815692371447855,
        "u-r_err": 0.14557622154188526
    },
    "morphology": {
        "PA": 23.83,
        "PA_err": 3.96,
        "b/a": 0.71,
        "b/a_err": 0.03,
        "dec": -40.900230171796345,
        "dec_err": 0.00789,
        "n": 2.3,
        "n_err": 0.26,
        "ra": 326.1051997590707,
        "ra_err": 0.00526,
        "reff_ang": 0.527755300479335,
        "reff_ang_err": 0.08517009840808737,
        "reff_kpc": 2.539851755849455,
        "reff_kpc_err": 0.40988583874227114
    },
    "neb_lines": {
        "Halpha": 2.793917587884555e-16,
        "Halpha_err": 3.013472394842759e-18,
        "Hbeta": 7.242965230541272e-17,
        "Hbeta_err": 1.5593501300981236e-18,
        "Hgamma": 3.52957234235739e-17,
        "Hgamma_err": 1.8936419894150185e-18,
        "[NII] 6584": 1.9436203074257232e-16,
        "[NII] 6584_err": 2.883753521518385e-18,
        "[OIII] 5007": 7.872197042791452e-17,
        "[OIII] 5007_err": 1.8660434494152508e-18,
        "[OII] 3726": 3.977909646683979e-17,
        "[OII] 3726_err": 2.348287321814086e-18,
        "[OII] 3729": 6.947411709871694e-17,
        "[OII] 3729_err": 2.5078099684377433e-18
    },
    "offsets": {
        "ang_avg": 0.725085622954903,
        "ang_avg_err": 0.13328142858924338,
        "ang_best": 0.7122595254390114,
        "ang_best_err": 0.13389715450403236,
        "physical": 3.4277886070755015,
        "physical_err": 0.6443875081149064
    },
    "photom": {
        "DES_Y": 19.789268983065682,
        "DES_Y_err": 0.056431600000000005,
        "DES_g": 21.561015806498006,
        "DES_g_err": 0.0269829,
        "DES_i": 20.108418259951364,
        "DES_i_err": 0.0186293,
        "DES_r": 20.50024091451683,
        "DES_r_err": 0.0156388,
        "DES_z": 19.832713667943604,
        "DES_z_err": 0.020038900000000002,
        "EBV": 0.0166,
        "VLT_FORS2_I": 20.071526286300077,
        "VLT_FORS2_I_err": 0.02,
        "VLT_FORS2_g": 21.31680969253246,
        "VLT_FORS2_g_err": 0.04,
        "WISE_W1": 16.844009482391797,
        "WISE_W1_err": 0.102,
        "WISE_W2": 16.060838784312814,
        "WISE_W2_err": 0.185,
        "WISE_W3": 11.69065433198682,
        "WISE_W3_err": -999.0,
        "WISE_W4": 8.500824336350021,
        "WISE_W4_err": -999.0
    },
    "ra": 326.1052083333333,
    "ra_FRB": 326.1052291666667,
    "redshift": {
        "z": 0.3212,
        "z_FRB": 0.3212,
        "z_spec": 0.3212
    }
}