{
    "FRB": "191001",
    "cosmo": "Planck15",
    "dec": -54.748515,
    "derived": {
        "AV_nebular": 1.7228824476944598,
        "EBV_photom": 0.2537914806829159,
        "EBV_photom_err": 0.1529497741487169,
        "EBV_spec": 0.0,
        "Lnu_r": 2.921569117749753e+22,
        "Lnu_r_err": 1.4607845588748767e+21,
        "M_r": -22.064040412994494,
        "M_r_err": 0.05428681023790647,
        "Mstar": 53169557781.23423,
        "Mstar_err": 21226145608.389267,
        "Mstar_spec": 653357005.8914059,
        "SFR_nebular": 8.060124722383973,
        "SFR_photom": 7.799795736394642,
        "SFR_photom_err": 16.182747790952625,
        "Z_photom": 0.005782836910043121,
        "Z_photom_err": 0.012103749684969798,
        "Z_spec": 0.22,
        "f_AGN": 0.08927671958703781,
        "f_AGN_err": 0.07293657154775741,
        "u-r": 1.7162608181427799,
        "u-r_err": 0.18459590196281409
    },
    "morphology": {
        "PA": -40.83,
        "PA_err": 1.21,
        "b/a": 0.48,
        "b/a_err": 0.01,
        "n": 0.53,
        "n_err": 0.04,
        "reff_ang": 1.45152,
        "reff_ang_err": 0.03024,
        "reff_kpc": 5.574667788221399,
        "reff_kpc_err": 0.11613891225461247
    },
    "neb_lines": {
        "Halpha": 2.73763194724966e-15,
        "Halpha_err": 2.585608398766268e-17,
        "Hbeta": 5.012551825111125e-16,
        "Hbeta_err": 3.021912043349463e-17,
        "Hgamma": 1.4943638299304037e-17,
        "Hgamma_err": 4.2957240901460776e-17,
        "[NII] 6584": 1.3908518920407386e-15,
        "[NII] 6584_err": 1.946529971625527e-17,
        "[OIII] 5007": 3.6177312160783686e-16,
        "[OIII] 5007_err": 3.4581101653134785e-17
    },
    "photom": {
        "DES_Y": 17.6651,
        "DES_Y_err": 0.0113256,
        "DES_g": 19.2255,
        "DES_g_err": 0.00344122,
        "DES_i": 17.9605,
        "DES_i_err": 0.00236334,
        "DES_r": 18.4104,
        "DES_r_err": 0.00211333,
        "DES_z": 17.7775,
        "DES_z_err": 0.00412872,
        "VLT_I": 17.89,
        "VLT_I_err": 0.1,
        "VLT_g": 19.0,
        "VLT_g_err": 0.1
    },
    "ra": 323.351851,
    "redshift": {
        "z": 0.234,
        "z_FRB": 0.234,
        "z_spec": 0.234
    }
}