{
    "FRB": "FRB191001",
    "cosmo": "Planck15",
    "dec": -54.748515,
    "dec_FRB": -54.74773888888889,
    "derived": {
        "AV_nebular": 1.7228824476944598,
        "EBV_photom": 0.26542420843705694,
        "EBV_photom_err": 0.16481057006212957,
        "EBV_spec": 0.0,
        "Lnu_r": 3.1143538142557143e+22,
        "Lnu_r_err": 1.5571769071278573e+21,
        "M_r": -22.133419875469542,
        "M_r_err": 0.054286810237906484,
        "Mstar": 46445517522.465294,
        "Mstar_err": 18802977064.76731,
        "Mstar_spec": 653357005.8914059,
        "SFR_nebular": 8.060124722383973,
        "SFR_photom": 8.798661549443842,
        "SFR_photom_err": 15.347683341365677,
        "Z_photom": 0.006268033897455279,
        "Z_photom_err": 0.012796764888744974,
        "Z_spec": 0.22,
        "age_mass": 639.6613773405304,
        "f_AGN": 0.09164472227578531,
        "f_AGN_err": 0.07266262293011874,
        "u-r": 1.6732980598610738,
        "u-r_err": 0.18902955715934988
    },
    "morphology": {
        "PA": 40.04,
        "PA_err": 0.42,
        "b/a": 0.55,
        "b/a_err": 0.0,
        "dec": -54.74866159039601,
        "dec_err": 0.00504,
        "n": 0.6,
        "n_err": 0.01,
        "ra": 323.35252332452,
        "ra_err": 0.00504,
        "reff_ang": 1.4439600000000001,
        "reff_ang_err": 0.00756,
        "reff_kpc": 5.545633060157744,
        "reff_kpc_err": 0.02903472806365311
    },
    "neb_lines": {
        "Halpha": 2.73763194724966e-15,
        "Halpha_err": 2.585608398766268e-17,
        "Hbeta": 5.012551825111125e-16,
        "Hbeta_err": 3.021912043349463e-17,
        "Hgamma": 1.4943638299304037e-17,
        "Hgamma_err": 4.2957240901460776e-17,
        "[NII] 6584": 1.3908518920407386e-15,
        "[NII] 6584_err": 1.946529971625527e-17,
        "[OIII] 5007": 3.6177312160783686e-16,
        "[OIII] 5007_err": 3.4581101653134785e-17
    },
    "offsets": {
        "ang_avg": 2.8614088134248545,
        "ang_avg_err": 0.12693109145697523,
        "ang_best": 2.8612647812293455,
        "ang_best_err": 0.1269311731755928,
        "physical": 10.98889482025158,
        "physical_err": 0.48748837248066096
    },
    "photom": {
        "DES_Y": 17.632807014354885,
        "DES_Y_err": 0.0113256406039,
        "DES_g": 19.121534307534954,
        "DES_g_err": 0.0034412236418575,
        "DES_i": 17.910412487388758,
        "DES_i_err": 0.00236334139481187,
        "DES_r": 18.34030324047322,
        "DES_r_err": 0.00211333343759179,
        "DES_z": 17.740134690324975,
        "DES_z_err": 0.00412872433662415,
        "EBV": 0.0282,
        "VLT_FORS2_I": 17.841633681128524,
        "VLT_FORS2_I_err": 0.1,
        "VLT_FORS2_g": 18.892676837320526,
        "VLT_FORS2_g_err": 0.1
    },
    "ra": 323.351851,
    "ra_FRB": 323.35155416666663,
    "redshift": {
        "z": 0.234,
        "z_FRB": 0.234,
        "z_spec": 0.234
    }
}
