{
    "FRB": "FRB20230124A",
    "cosmo": "Planck18",
    "dec": 70.96822777777778,
    "dec_FRB": 70.968086,
    "derived": {
        "AV_old": 0.028,
        "AV_old_loerr": -0.005,
        "AV_old_ref": "Sharma2024",
        "AV_old_uperr": 0.0043,
        "Mtotal": 4775292736.576912,
        "Mtotal_loerr": -70892385.82491207,
        "Mtotal_ref": "Sharma2024",
        "Mtotal_uperr": 78709811.76795387,
        "SFR_SED": 0.7524,
        "SFR_SED_loerr": -0.0381,
        "SFR_SED_ref": "Sharma2024",
        "SFR_SED_uperr": 0.0406
    },
    "offsets": {
        "ang_avg": 1.9585385040537726,
        "ang_avg_err": 1.0345915253618125,
        "ang_best": 1.4616064401273912,
        "ang_best_err": 1.1477460958367995,
        "physical": 2.635106276429338,
        "physical_err": 2.069252609904493
    },
    "photom": {
        "DECaL_g": 19.07548616640043,
        "DECaL_g_err": 0.0037438333542333543,
        "DECaL_g_flux": 0.08507569933222489,
        "DECaL_g_flux_err": 0.00029335785193390185,
        "DECaL_r": 18.48814630217429,
        "DECaL_r_err": 0.0034719274667243875,
        "DECaL_r_flux": 0.146130702946431,
        "DECaL_r_flux_err": 0.00046729140933868024,
        "DECaL_z": 18.053973151022117,
        "DECaL_z_err": 0.0038220639103597226,
        "DECaL_z_flux": 0.21797703149896247,
        "DECaL_z_flux_err": 0.0007673338530376486,
        "DECam_g": 19.517153045624905,
        "DECam_g_err": 0.2,
        "DECam_g_flux": 0.05664202561198383,
        "DECam_g_flux_err": 0.010433846704891274,
        "DECam_g_ref": "Sharma2024",
        "DECam_r": 19.049322894996763,
        "DECam_r_err": 0.2,
        "DECam_r_flux": 0.0871506912817015,
        "DECam_r_flux_err": 0.016053750607149763,
        "DECam_r_ref": "Sharma2024",
        "DECam_z": 18.641197279914493,
        "DECam_z_err": 0.19,
        "DECam_z_flux": 0.1269173753536779,
        "DECam_z_flux_err": 0.02221009229637946,
        "DECam_z_ref": "Sharma2024",
        "EBV": 0.0201,
        "Pan-STARRS_g": 19.297835761916367,
        "Pan-STARRS_g_err": 0.05,
        "Pan-STARRS_g_flux": 0.06932113894134537,
        "Pan-STARRS_g_flux_err": 0.0031923564231142176,
        "Pan-STARRS_g_ref": "Sharma2024",
        "Pan-STARRS_i": 18.810117113140656,
        "Pan-STARRS_i_err": 0.04,
        "Pan-STARRS_i_flux": 0.10863084281602466,
        "Pan-STARRS_i_flux_err": 0.004002108148920923,
        "Pan-STARRS_i_ref": "Sharma2024",
        "Pan-STARRS_r": 19.12693719426697,
        "Pan-STARRS_r_err": 0.03,
        "Pan-STARRS_r_flux": 0.08113815285641628,
        "Pan-STARRS_r_flux_err": 0.002241930014883076,
        "Pan-STARRS_r_ref": "Sharma2024",
        "Pan-STARRS_y": 18.703740513618552,
        "Pan-STARRS_y_err": 0.07,
        "Pan-STARRS_y_flux": 0.11981295757972961,
        "Pan-STARRS_y_flux_err": 0.0077246268419771755,
        "Pan-STARRS_y_ref": "Sharma2024",
        "Pan-STARRS_z": 18.718245803411147,
        "Pan-STARRS_z_err": 0.05,
        "Pan-STARRS_z_flux": 0.11822291757742222,
        "Pan-STARRS_z_flux_err": 0.005444366553280723,
        "Pan-STARRS_z_ref": "Sharma2024",
        "WISE_W1": 18.056990117860924,
        "WISE_W1_err": 0.03,
        "WISE_W1_flux": 0.21737217312600915,
        "WISE_W1_flux_err": 0.006006215105660034,
        "WISE_W1_ref": "Sharma2024",
        "WISE_W2": 18.291597366333008,
        "WISE_W2_err": 0.10400000214576721,
        "WISE_W2_flux": 0.1751302033662796,
        "WISE_W2_flux_err": 0.01677529141306877,
        "WISE_W3": 17.02963638305664,
        "WISE_W3_err": 0.22200000286102295,
        "WISE_W3_flux": 0.5599453449249268,
        "WISE_W3_flux_err": 0.1144917756319046,
        "WISE_W4": 15.79172134399414,
        "WISE_W4_err": 999.0,
        "WISE_W4_flux": 1.751102089881897,
        "WISE_W4_flux_err": -99.0
    },
    "ra": 231.9158333333333,
    "ra_FRB": 231.917,
    "redshift": {
        "z": 0.0939,
        "z_FRB": 0.0939,
        "z_spec": 0.0939
    }
}