{
    "FRB": "190714",
    "cosmo": "Planck15",
    "dec": -13.02111222,
    "derived": {
        "AV_nebular": 0.8937382578274335,
        "EBV_photom": 0.8029029944430206,
        "EBV_photom_err": 0.08410162574481256,
        "EBV_spec": 0.7679064402192043,
        "Lnu_r": 3.9311779406216005e+21,
        "Lnu_r_err": 1.9655889703108005e+20,
        "M_r": -19.88630675536622,
        "M_r_err": 0.054286810237906484,
        "Mstar": 28816386370.64004,
        "Mstar_err": 17125151350.351105,
        "Mstar_spec": 35974297330.31314,
        "SFR_nebular": 0.6507352621009223,
        "SFR_photom": 2.84141082572419,
        "SFR_photom_err": 4.439237713116448,
        "Z_photom": 0.006342333612934429,
        "Z_photom_err": 0.011119690164866667,
        "Z_spec": 0.021165056925555672,
        "f_AGN": 0.17164158766119714,
        "f_AGN_err": 0.04960797827187954,
        "u-r": 1.0897125268509755,
        "u-r_err": 0.15461258700687064
    },
    "morphology": {
        "PA": -45.6,
        "PA_err": 0.38,
        "b/a": 0.39,
        "b/a_err": 0.0,
        "n": 0.54,
        "n_err": 0.02,
        "reff_ang": 1.01556,
        "reff_ang_err": 0.00756,
        "reff_kpc": 3.931486399063117,
        "reff_kpc_err": 0.0292666481319835
    },
    "neb_lines": {
        "Halpha": 3.8872853356681775e-16,
        "Halpha_err": 2.673153504459208e-18,
        "Hbeta": 9.700835133796142e-17,
        "Hbeta_err": 2.5168661264971823e-18,
        "[NII] 6584": 1.6956091609306122e-16,
        "[NII] 6584_err": 2.7625773658311128e-18,
        "[OIII] 5007": 3.061831927752732e-17,
        "[OIII] 5007_err": 2.8560377998839207e-18
    },
    "photom": {
        "Pan-STARRS_g": 21.418399810791016,
        "Pan-STARRS_g_err": 0.03726400062441826,
        "Pan-STARRS_i": 20.493799209594727,
        "Pan-STARRS_i_err": 0.01815599948167801,
        "Pan-STARRS_r": 20.84950065612793,
        "Pan-STARRS_r_err": 0.025129999965429306,
        "Pan-STARRS_y": 20.112199783325195,
        "Pan-STARRS_y_err": 0.053711000829935074,
        "Pan-STARRS_z": 20.13719940185547,
        "Pan-STARRS_z_err": 0.025147000327706337,
        "VISTA_H": 17.5673,
        "VISTA_H_err": 0.104844,
        "VISTA_J": 18.2058,
        "VISTA_J_err": 0.088091,
        "VISTA_Ks": 17.0566,
        "VISTA_Ks_err": 0.20064,
        "VISTA_Y": 18.9259,
        "VISTA_Y_err": 0.122342,
        "WFC3_F160W": 18.879,
        "WFC3_F160W_err": 0.002
    },
    "ra": 183.97955878,
    "redshift": {
        "z": 0.2365,
        "z_FRB": 0.2365,
        "z_spec": 0.2365
    }
}