{
    "FRB": "FRB190714",
    "cosmo": "Planck15",
    "dec": -13.02111222,
    "dec_FRB": -13.021027777777778,
    "derived": {
        "AV_nebular": 0.8937382578274335,
        "EBV_photom": 0.7951065617403013,
        "EBV_photom_err": 0.094822846007049,
        "EBV_spec": 0.7679064402192043,
        "Lnu_r": 4.0452813509357947e+21,
        "Lnu_r_err": 2.0226406754678974e+20,
        "M_r": -19.9173718308841,
        "M_r_err": 0.05428681023790647,
        "Mstar": 14921719140.801702,
        "Mstar_err": 7059485336.6699295,
        "Mstar_spec": 35974297330.31314,
        "SFR_nebular": 0.6507352621009223,
        "SFR_photom": 3.792011527201167,
        "SFR_photom_err": 3.447362817390108,
        "Z_photom": 0.010301406229677587,
        "Z_photom_err": 0.013541015560233112,
        "Z_spec": 0.021165056925555672,
        "age_mass": 1593.169794078287,
        "f_AGN": 0.16865649786329612,
        "f_AGN_err": 0.04872826602454149,
        "u-r": 1.1902857592287053,
        "u-r_err": 0.1727341673061109
    },
    "morphology": {
        "PA": 45.42,
        "PA_err": 0.63,
        "b/a": 0.41,
        "b/a_err": 0.01,
        "dec": -13.021239152963043,
        "dec_err": 0.00756,
        "n": 0.56,
        "n_err": 0.03,
        "ra": 183.97948550403416,
        "ra_err": 0.00756,
        "reff_ang": 1.01808,
        "reff_ang_err": 0.0126,
        "reff_kpc": 3.941241948440445,
        "reff_kpc_err": 0.04877774688663917
    },
    "neb_lines": {
        "Halpha": 3.8872853356681775e-16,
        "Halpha_err": 2.673153504459208e-18,
        "Hbeta": 9.700835133796142e-17,
        "Hbeta_err": 2.5168661264971823e-18,
        "[NII] 6584": 1.6956091609306122e-16,
        "[NII] 6584_err": 2.7625773658311128e-18,
        "[OIII] 5007": 3.061831927752732e-17,
        "[OIII] 5007_err": 2.8560377998839207e-18
    },
    "offsets": {
        "ang_avg": 0.5109772411961073,
        "ang_avg_err": 0.15845594286489859,
        "ang_best": 0.48538826747889924,
        "ang_best_err": 0.16050882033428557,
        "physical": 1.8790592105420678,
        "physical_err": 0.6213697310586368
    },
    "photom": {
        "EBV": 0.061,
        "Pan-STARRS_g": 21.195810664288608,
        "Pan-STARRS_g_err": 0.03726400062441826,
        "Pan-STARRS_i": 20.378333249140336,
        "Pan-STARRS_i_err": 0.01815599948167801,
        "Pan-STARRS_r": 20.689597183083286,
        "Pan-STARRS_r_err": 0.025129999965429306,
        "Pan-STARRS_y": 20.038550910856415,
        "Pan-STARRS_y_err": 0.053711000829935074,
        "Pan-STARRS_z": 20.047825513658342,
        "Pan-STARRS_z_err": 0.025147000327706337,
        "VISTA_H": 17.0623564700173,
        "VISTA_H_err": 0.104844,
        "VISTA_J": 17.56133442579171,
        "VISTA_J_err": 0.088091,
        "VISTA_Ks": 16.46553785345754,
        "VISTA_Ks_err": 0.20064,
        "VISTA_Y": 18.00803666488599,
        "VISTA_Y_err": 0.122342,
        "VLT_FORS2_I": 19.49540648459909,
        "VLT_FORS2_I_err": 0.1,
        "VLT_FORS2_g": 20.467995135524177,
        "VLT_FORS2_g_err": 0.1,
        "WFC3_F160W": 18.87975378245366,
        "WFC3_F160W_err": 0.002
    },
    "ra": 183.97955878,
    "ra_FRB": 183.97966666666665,
    "redshift": {
        "z": 0.2365,
        "z_FRB": 0.2365,
        "z_spec": 0.2365
    }
}
