{
    "FRB": "190714",
    "cosmo": "Planck15",
    "dec": -13.02111222,
    "derived": {
        "AV_nebular": 0.8937382578274335,
        "EBV_photom": 0.6716746196984157,
        "EBV_photom_err": 0.1524438320920928,
        "EBV_spec": 0.7679064402192043,
        "Lnu_r": 3.9466910906606305e+21,
        "Lnu_r_err": 1.9733455453303154e+20,
        "M_r": -19.89058283823882,
        "M_r_err": 0.05428681023790647,
        "Mstar": 13141282931.868006,
        "Mstar_err": 5424105437.235581,
        "Mstar_spec": 35974297330.31314,
        "SFR_nebular": 0.6507352621009223,
        "SFR_photom": 3.7450000730919752,
        "SFR_photom_err": 4.046640681276824,
        "Z_photom": 0.007003801601473363,
        "Z_photom_err": 0.013330263812648773,
        "Z_spec": 0.021165056925555672,
        "f_AGN": 0.1482861416804625,
        "f_AGN_err": 0.060346981807527685,
        "u-r": 1.1944632142081475,
        "u-r_err": 0.22205283848817245
    },
    "morphology": {
        "PA": -45.6,
        "PA_err": 0.38,
        "b/a": 0.39,
        "b/a_err": 0.0,
        "n": 0.54,
        "n_err": 0.02,
        "reff_ang": 1.01556,
        "reff_ang_err": 0.00756,
        "reff_kpc": 3.931486399063117,
        "reff_kpc_err": 0.0292666481319835
    },
    "neb_lines": {
        "Halpha": 3.8872853356681775e-16,
        "Halpha_err": 2.673153504459208e-18,
        "Hbeta": 9.700835133796142e-17,
        "Hbeta_err": 2.5168661264971823e-18,
        "[NII] 6584": 1.6956091609306122e-16,
        "[NII] 6584_err": 2.7625773658311128e-18,
        "[OIII] 5007": 3.061831927752732e-17,
        "[OIII] 5007_err": 2.8560377998839207e-18
    },
    "photom": {
        "Pan-STARRS_g": 21.195810664288608,
        "Pan-STARRS_g_err": 0.03726400062441826,
        "Pan-STARRS_i": 20.378333249140336,
        "Pan-STARRS_i_err": 0.01815599948167801,
        "Pan-STARRS_r": 20.689597183083286,
        "Pan-STARRS_r_err": 0.025129999965429306,
        "Pan-STARRS_y": 20.038550910856415,
        "Pan-STARRS_y_err": 0.053711000829935074,
        "Pan-STARRS_z": 20.047825513658342,
        "Pan-STARRS_z_err": 0.025147000327706337,
        "VISTA_H": 17.5673,
        "VISTA_H_err": 0.104844,
        "VISTA_J": 18.2058,
        "VISTA_J_err": 0.088091,
        "VISTA_Ks": 17.0566,
        "VISTA_Ks_err": 0.20064,
        "VISTA_Y": 18.9259,
        "VISTA_Y_err": 0.122342,
        "WFC3_F160W": 18.879,
        "WFC3_F160W_err": 0.002
    },
    "ra": 183.97955878,
    "redshift": {
        "z": 0.2365,
        "z_FRB": 0.2365,
        "z_spec": 0.2365
    }
}
