{
    "FRB": "FRB20231005A",
    "cosmo": "Planck18",
    "dec": 35.44698888888889,
    "dec_FRB": 35.448712,
    "offsets": {
        "ang_avg": 10.792045673995178,
        "ang_avg_err": 7.568295542061378,
        "ang_best": 6.324689493758033,
        "ang_best_err": 8.788422421179419,
        "physical": 8.889933099816684,
        "physical_err": 12.352936449183888
    },
    "photom": {
        "DECaL_g": 18.707999944674746,
        "DECaL_g_err": 0.00410310077031203,
        "DECaL_g_flux": 0.1193438424344835,
        "DECaL_g_flux_err": 0.0004510117740192823,
        "DECaL_r": 17.786098088917818,
        "DECaL_r_err": 0.0033101680666392666,
        "DECaL_r_flux": 0.27897209169647164,
        "DECaL_r_flux_err": 0.0008505238246365178,
        "DECaL_z": 17.03997809609549,
        "DECaL_z_err": 0.002371597491587827,
        "DECaL_z_flux": 0.5546368949371178,
        "DECaL_z_flux_err": 0.0012115055784364828,
        "EBV": 0.0132,
        "Pan-STARRS_g": 18.760502559120102,
        "Pan-STARRS_g_err": 0.010557999834418297,
        "Pan-STARRS_g_flux": 0.11371008145799087,
        "Pan-STARRS_g_flux_err": 0.0011057483539223107,
        "Pan-STARRS_i": 17.6299065592546,
        "Pan-STARRS_i_err": 0.003868000116199255,
        "Pan-STARRS_i_flux": 0.32213459728575045,
        "Pan-STARRS_i_flux_err": 0.0011476237545294523,
        "Pan-STARRS_r": 17.992250284109303,
        "Pan-STARRS_r_err": 0.006364999804645777,
        "Pan-STARRS_r_flux": 0.23072777639760902,
        "Pan-STARRS_r_flux_err": 0.001352614240237382,
        "Pan-STARRS_y": 17.066855385572474,
        "Pan-STARRS_y_err": 0.01231900043785572,
        "Pan-STARRS_y_flux": 0.5410754633999881,
        "Pan-STARRS_y_flux_err": 0.006139160545007636,
        "Pan-STARRS_z": 17.331446776224467,
        "Pan-STARRS_z_err": 0.006912000011652708,
        "Pan-STARRS_z_flux": 0.4240541168227961,
        "Pan-STARRS_z_flux_err": 0.0026996079227859042,
        "SDSS_g": 18.73227697,
        "SDSS_g_err": 0.01156422,
        "SDSS_g_flux": 0.11670493103038884,
        "SDSS_g_flux_err": 0.001243028915869021,
        "SDSS_i": 17.43164454,
        "SDSS_i_err": 0.008818334,
        "SDSS_i_flux": 0.3866715134797287,
        "SDSS_i_flux_err": 0.0031405405283591466,
        "SDSS_r": 17.91276814,
        "SDSS_r_err": 0.009863137,
        "SDSS_r_flux": 0.24825198987838407,
        "SDSS_r_flux_err": 0.002255191800699489,
        "SDSS_u": 20.953147180000002,
        "SDSS_u_err": 0.1339375,
        "SDSS_u_flux": 0.015091802818147156,
        "SDSS_u_flux_err": 0.0018617398324723678,
        "SDSS_z": 17.08410986,
        "SDSS_z_err": 0.02044168,
        "SDSS_z_flux": 0.5325446796989751,
        "SDSS_z_flux_err": 0.010026475934395183,
        "WISE_W1": 16.90323257446289,
        "WISE_W1_err": 0.013000000268220901,
        "WISE_W1_flux": 0.629081666469574,
        "WISE_W1_flux_err": 0.007532273884862661,
        "WISE_W2": 17.1452579498291,
        "WISE_W2_err": 0.02800000086426735,
        "WISE_W2_flux": 0.5033808350563049,
        "WISE_W2_flux_err": 0.012981665320694447,
        "WISE_W3": 15.240530967712402,
        "WISE_W3_err": 0.06300000101327896,
        "WISE_W3_flux": 2.9092938899993896,
        "WISE_W3_flux_err": 0.16881220042705536,
        "WISE_W4": 14.345536231994629,
        "WISE_W4_err": 0.27399998903274536,
        "WISE_W4_flux": 6.634153366088867,
        "WISE_W4_flux_err": 1.6742169857025146
    },
    "ra": 246.02758333333327,
    "ra_FRB": 246.028004,
    "redshift": {
        "z": "0.0713",
        "z_FRB": "0.0713",
        "z_spec": "0.0713"
    }
}