{
    "FRB": "FRB20231123A",
    "cosmo": "Planck18",
    "dec": 4.474383333333334,
    "dec_FRB": 4.475541,
    "offsets": {
        "ang_avg": 13.904685508185674,
        "ang_avg_err": 9.860992966963925,
        "ang_best": 4.731224206752712,
        "ang_best_err": 13.468168938033136,
        "physical": 6.786620977827596,
        "physical_err": 19.319176993837
    },
    "photom": {
        "EBV": 0.2454,
        "Pan-STARRS_g": 17.790950117243707,
        "Pan-STARRS_g_err": 0.013059999793767929,
        "Pan-STARRS_g_flux": 0.27772817951146184,
        "Pan-STARRS_g_flux_err": 0.0033407101570783974,
        "Pan-STARRS_i": 17.38008580789805,
        "Pan-STARRS_i_err": 0.00622300012037158,
        "Pan-STARRS_i_flux": 0.405476483239185,
        "Pan-STARRS_i_flux_err": 0.0023240269532758253,
        "Pan-STARRS_r": 17.647737304410708,
        "Pan-STARRS_r_err": 0.008833000436425209,
        "Pan-STARRS_r_flux": 0.31688747392065364,
        "Pan-STARRS_r_flux_err": 0.0025780361594024276,
        "Pan-STARRS_y": 17.305883797284366,
        "Pan-STARRS_y_err": 0.020030999556183815,
        "Pan-STARRS_y_flux": 0.43415666785402385,
        "Pan-STARRS_y_flux_err": 0.008009857259052667,
        "Pan-STARRS_z": 17.4063366376128,
        "Pan-STARRS_z_err": 0.01159599982202053,
        "Pan-STARRS_z_flux": 0.39579047580319154,
        "Pan-STARRS_z_flux_err": 0.004227165186955939,
        "WISE_W1": 17.63047218322754,
        "WISE_W1_err": 0.07999999821186066,
        "WISE_W1_flux": 0.32196682691574097,
        "WISE_W1_flux_err": 0.023723391816020012,
        "WISE_W2": 18.067995071411133,
        "WISE_W2_err": 0.12300000339746475,
        "WISE_W2_flux": 0.21517997980117798,
        "WISE_W2_flux_err": 0.024377135559916496,
        "WISE_W3": 15.821492195129395,
        "WISE_W3_err": 0.21699999272823334,
        "WISE_W3_flux": 1.7037384510040283,
        "WISE_W3_flux_err": 0.3405166268348694,
        "WISE_W4": 14.526122093200684,
        "WISE_W4_err": 0.49300000071525574,
        "WISE_W4_flux": 5.617607116699219,
        "WISE_W4_flux_err": 2.550785541534424
    },
    "ra": 82.62262499999999,
    "ra_FRB": 82.623249,
    "redshift": {
        "z": 0.0729,
        "z_FRB": 0.0729,
        "z_spec": 0.0729
    }
}