{
    "FRB": "FRB20221106A",
    "cosmo": "Planck18",
    "dec": -25.569627722222222,
    "dec_FRB": -25.569810867,
    "offsets": {
        "ang_avg": 1.4492630277846084,
        "ang_avg_err": 0.5564098746711686,
        "ang_best": 1.3309623028355262,
        "ang_best_err": 0.568847088552859,
        "physical": 4.613747432929615,
        "physical_err": 1.9718941618022396
    },
    "photom": {
        "DECaL_g": 19.28479251382013,
        "DECaL_g_err": 0.0027764563874793976,
        "DECaL_g_flux": 0.07015893514058177,
        "DECaL_g_flux_err": 0.0001794111891600919,
        "DECaL_r": 18.248732896239943,
        "DECaL_r_err": 0.001602049352958858,
        "DECaL_r_flux": 0.18218257484166392,
        "DECaL_r_flux_err": 0.0002688180378128641,
        "DECaL_z": 17.571633357831832,
        "DECaL_z_err": 0.0020192307127398315,
        "DECaL_z_flux": 0.33989646759498204,
        "DECaL_z_flux_err": 0.0006321327257134812,
        "DELVE_g": 19.15391377713193,
        "DELVE_g_err": 0.012658,
        "DELVE_g_flux": 0.07914700464639518,
        "DELVE_g_flux_err": 0.0009227313047346081,
        "DELVE_i": 17.902924926151183,
        "DELVE_i_err": 0.006294,
        "DELVE_i_flux": 0.25051285924186734,
        "DELVE_i_flux_err": 0.0014522200965192665,
        "DELVE_r": 18.297192497284527,
        "DELVE_r_err": 0.006053,
        "DELVE_r_flux": 0.17423002357234033,
        "DELVE_r_flux_err": 0.000971335696517842,
        "DELVE_z": 17.664762373355654,
        "DELVE_z_err": 0.012762,
        "DELVE_z_flux": 0.3119572224935036,
        "DELVE_z_flux_err": 0.003666818934484172,
        "DES_Y": 17.497462703714167,
        "DES_Y_err": 0.013002356,
        "DES_Y_flux": 0.3639275324601832,
        "DES_Y_flux_err": 0.004358255084901577,
        "DES_g": 19.14675977713193,
        "DES_g_err": 0.003993104,
        "DES_g_flux": 0.07967023229479986,
        "DES_g_flux_err": 0.0002930099612254939,
        "DES_i": 17.880927926151184,
        "DES_i_err": 0.0028471563,
        "DES_i_flux": 0.25564000880433996,
        "DES_i_flux_err": 0.0006703719176072564,
        "DES_r": 18.25404449728453,
        "DES_r_err": 0.0023163098,
        "DES_r_flux": 0.18129348412354818,
        "DES_r_flux_err": 0.000386771549213529,
        "DES_z": 17.630253373355654,
        "DES_z_err": 0.0047565876,
        "DES_z_flux": 0.3220317150397411,
        "DES_z_flux_err": 0.0014108142068505493,
        "EBV": 0.0121,
        "Pan-STARRS_g": 19.333051202624016,
        "Pan-STARRS_g_err": 0.02267399989068508,
        "Pan-STARRS_g_flux": 0.06710880620518371,
        "Pan-STARRS_g_flux_err": 0.0014014684763130985,
        "Pan-STARRS_i": 18.03329038930976,
        "Pan-STARRS_i_err": 0.009212999604642391,
        "Pan-STARRS_i_flux": 0.22216919354060724,
        "Pan-STARRS_i_flux_err": 0.0018852136304226043,
        "Pan-STARRS_r": 18.418755236765826,
        "Pan-STARRS_r_err": 0.015713000670075417,
        "Pan-STARRS_r_flux": 0.155775050094388,
        "Pan-STARRS_r_flux_err": 0.002254408995285761,
        "Pan-STARRS_y": 17.887391879209215,
        "Pan-STARRS_y_err": 0.02284500002861023,
        "Pan-STARRS_y_flux": 0.2541225722265441,
        "Pan-STARRS_y_flux_err": 0.005346998786946767,
        "Pan-STARRS_z": 17.80888301619548,
        "Pan-STARRS_z_err": 0.0147299999371171,
        "Pan-STARRS_z_flux": 0.27317867096170584,
        "Pan-STARRS_z_flux_err": 0.0037061689464284496,
        "VISTA_J": 17.247534294868288,
        "VISTA_J_err": 0.039667,
        "VISTA_J_flux": 0.45812740971511096,
        "VISTA_J_flux_err": 0.016737527846570815,
        "VISTA_Ks": 16.948098471477806,
        "VISTA_Ks_err": 0.063909,
        "VISTA_Ks_flux": 0.6036158090846347,
        "VISTA_Ks_flux_err": 0.03553025364147605,
        "VLT_FORS2_R": 18.32235298373788,
        "VLT_FORS2_R_err": 0.0091582035228731,
        "VLT_FORS2_R_flux": 0.1702388985779879,
        "VLT_FORS2_R_flux_err": 0.0014359680315111933,
        "VLT_FORS2_R_ref": "Shannon2024",
        "VLT_HAWKI_Ks": 16.39424506941486,
        "VLT_HAWKI_Ks_err": 0.0229881081714697,
        "VLT_HAWKI_Ks_flux": 1.005314546176404,
        "VLT_HAWKI_Ks_flux_err": 0.0212853540598321,
        "VLT_HAWKI_Ks_ref": "Shannon2024"
    },
    "ra": 56.70445124999999,
    "ra_FRB": 56.704807281,
    "redshift": {
        "z": 0.2044,
        "z_FRB": 0.2044,
        "z_spec": 0.2044
    }
}