{
    "FRB": "FRB20201123A",
    "cosmo": "Planck18",
    "dec": -50.76399694444444,
    "dec_FRB": -50.76,
    "offsets": {
        "ang_avg": 45.01583764992014,
        "ang_avg_err": 22.7995529803972,
        "ang_best": 27.317973869447858,
        "ang_best_err": 28.86232836238427,
        "physical": 27.978378764892472,
        "physical_err": 29.56006762502285
    },
    "photom": {
        "EBV": 0.1646,
        "WISE_W1": 14.542539596557617,
        "WISE_W1_err": 0.01899999938905239,
        "WISE_W1_flux": 5.533301830291748,
        "WISE_W1_flux_err": 0.09768326580524445,
        "WISE_W2": 14.946076393127441,
        "WISE_W2_err": 0.024000000208616257,
        "WISE_W2_flux": 3.8156559467315674,
        "WISE_W2_flux_err": 0.08528337627649307,
        "WISE_W3": 12.934881210327148,
        "WISE_W3_err": 0.010999999940395355,
        "WISE_W3_flux": 24.324695587158203,
        "WISE_W3_flux_err": 0.2476949244737625,
        "WISE_W4": 12.66541862487793,
        "WISE_W4_err": 0.052000001072883606,
        "WISE_W4_flux": 31.1768798828125,
        "WISE_W4_flux_err": 1.5295113325119019
    },
    "ra": 263.65980249999996,
    "ra_FRB": 263.67,
    "redshift": {
        "z": 0.0507,
        "z_FRB": 0.0507,
        "z_spec": 0.0507
    }
}