{
    "FRB": "FRB20221219A",
    "cosmo": "Planck18",
    "dec": 71.6266,
    "dec_FRB": 71.626842,
    "derived": {
        "AV_old": 1.0417,
        "AV_old_loerr": -0.0781,
        "AV_old_ref": "Sharma2024",
        "AV_old_uperr": 0.0759,
        "Mtotal": 25438997931.297985,
        "Mtotal_loerr": -1656678659.162552,
        "Mtotal_ref": "Sharma2024",
        "Mtotal_uperr": 1569473151.9486198,
        "SFR_SED": 1.7818,
        "SFR_SED_loerr": -0.2262,
        "SFR_SED_ref": "Sharma2024",
        "SFR_SED_uperr": 0.2406
    },
    "offsets": {
        "ang_avg": 1.7934719804288974,
        "ang_avg_err": 0.9137649544052908,
        "ang_best": 0.902804341312924,
        "ang_best_err": 1.276031047924667,
        "physical": 5.9796226926412075,
        "physical_err": 8.45164767328069
    },
    "photom": {
        "DECaL_g": 22.943763083565443,
        "DECaL_g_err": 0.08083725137353062,
        "DECaL_g_flux": 0.0024126524272699993,
        "DECaL_g_flux_err": 0.00017963128602092735,
        "DECaL_r": 21.58757588173896,
        "DECaL_r_err": 0.035921617523322985,
        "DECaL_r_flux": 0.008413363278225745,
        "DECaL_r_flux_err": 0.00027835639673867387,
        "DECaL_z": 20.66263714198915,
        "DECaL_z_err": 0.036776175565442416,
        "DECaL_z_flux": 0.0197217358441032,
        "DECaL_z_flux_err": 0.0006680167951289711,
        "DECam_g": 23.951151521898765,
        "DECam_g_err": 0.21,
        "DECam_g_flux": 0.0009539802540000917,
        "DECam_g_flux_err": 0.0001845161397971879,
        "DECam_g_ref": "Sharma2024",
        "DECam_r": 22.527313315144728,
        "DECam_r_err": 0.2,
        "DECam_r_flux": 0.0035405820906731986,
        "DECam_r_flux_err": 0.0006521993234004641,
        "DECam_r_ref": "Sharma2024",
        "DECam_z": 21.663001454567056,
        "DECam_z_err": 0.19,
        "DECam_z_flux": 0.007848730416774488,
        "DECam_z_flux_err": 0.0013735000939011349,
        "DECam_z_ref": "Sharma2024",
        "EBV": 0.0328,
        "Pan-STARRS_i": 22.214922113447805,
        "Pan-STARRS_i_err": 0.12,
        "Pan-STARRS_i_flux": 0.004720969002683782,
        "Pan-STARRS_i_flux_err": 0.0005217807768031988,
        "Pan-STARRS_i_ref": "Sharma2024",
        "Pan-STARRS_r": 22.283419595984483,
        "Pan-STARRS_r_err": 0.13,
        "Pan-STARRS_r_flux": 0.004432330698846314,
        "Pan-STARRS_r_flux_err": 0.000530702566907937,
        "Pan-STARRS_r_ref": "Sharma2024",
        "Pan-STARRS_y": 21.467150079829825,
        "Pan-STARRS_y_err": 0.27,
        "Pan-STARRS_y_flux": 0.009400262089343199,
        "Pan-STARRS_y_flux_err": 0.002337649562573141,
        "Pan-STARRS_y_ref": "Sharma2024",
        "Pan-STARRS_z": 21.648183878016575,
        "Pan-STARRS_z_err": 0.14,
        "Pan-STARRS_z_flux": 0.007956580170503906,
        "Pan-STARRS_z_flux_err": 0.0010259593619416018,
        "Pan-STARRS_z_ref": "Sharma2024",
        "SDSS_g": 24.3833613,
        "SDSS_g_err": 0.57,
        "SDSS_g_flux": 0.0006407011068967778,
        "SDSS_g_flux_err": 0.00033636129045960957,
        "SDSS_g_ref": "Sharma2024",
        "SDSS_i": 22.144897840000002,
        "SDSS_i_err": 0.16,
        "SDSS_i_flux": 0.0050354798020207925,
        "SDSS_i_flux_err": 0.0007420557266051639,
        "SDSS_i_ref": "Sharma2024",
        "SDSS_r": 22.532391970000003,
        "SDSS_r_err": 0.18,
        "SDSS_r_flux": 0.00352405928814398,
        "SDSS_r_flux_err": 0.0005842401396269426,
        "SDSS_r_ref": "Sharma2024",
        "SDSS_u": 24.207474700000002,
        "SDSS_u_err": 1.09,
        "SDSS_u_flux": 0.0007533731088532141,
        "SDSS_u_flux_err": 0.0007563316807998842,
        "SDSS_u_ref": "Sharma2024",
        "SDSS_z": 21.55157596,
        "SDSS_z_err": 0.38,
        "SDSS_z_flux": 0.008697002807979646,
        "SDSS_z_flux_err": 0.0030438895309459557,
        "SDSS_z_ref": "Sharma2024",
        "WISE_W1": 19.50508843952173,
        "WISE_W1_err": 0.09,
        "WISE_W1_flux": 0.05727493677967652,
        "WISE_W1_flux_err": 0.004747694962718145,
        "WISE_W1_ref": "Sharma2024",
        "WISE_W2": 20.186855070861423,
        "WISE_W2_err": 0.27,
        "WISE_W2_flux": 0.03056736240407722,
        "WISE_W2_flux_err": 0.007601466924407684,
        "WISE_W2_ref": "Sharma2024",
        "WISE_W3": 17.790990829467773,
        "WISE_W3_err": 999.0,
        "WISE_W3_flux": 0.2777177095413208,
        "WISE_W3_flux_err": -99.0,
        "WISE_W4": 15.723221778869629,
        "WISE_W4_err": 999.0,
        "WISE_W4_flux": 1.8651401996612549,
        "WISE_W4_flux_err": -99.0
    },
    "ra": 257.6295833333333,
    "ra_FRB": 257.629792,
    "redshift": {
        "z": 0.553,
        "z_FRB": 0.553,
        "z_spec": 0.553
    }
}