{
    "FRB": "FRB20181030A",
    "cosmo": "Planck18",
    "dec": 73.7649778,
    "dec_FRB": 73.7478,
    "derived": {
        "AV_nebular": 1.1,
        "Mstar_spec": 5.8e9,
        "SFR_nebular": 0.35,
        "Z_spec": 0.0039
    },
    "photom": {
        "EBV":  0.42,
        "GALEX_FUV": 15.78013246,
        "GALEX_FUV_err": 0.1,
        "GALEX_FUV_ref": "Bhardwaj2021b",
        "GALEX_NUV": 15.63132553,
        "GALEX_NUV_err": 0.1,
        "GALEX_NUV_ref": "Bhardwaj2021b",
        "Herschel_PACS_100": 7.68931602,
        "Herschel_PACS_100_err": 0.1,
        "Herschel_PACS_100_ref": "Bhardwaj2021b",
        "Herschel_PACS_160": 7.36810598,
        "Herschel_PACS_160_err": 0.1,
        "Herschel_PACS_160_ref": "Bhardwaj2021b",
        "Herschel_PACS_250": 8.07911661,
        "Herschel_PACS_250_err": 0.1,
        "Herschel_PACS_250_ref": "Bhardwaj2021b",
        "Herschel_PACS_350": 8.80649938,
        "Herschel_PACS_350_err": 0.1,
        "Herschel_PACS_350_ref": "Bhardwaj2021b",
        "Herschel_PACS_500": 9.74081331,
        "Herschel_PACS_500_err": 0.1,
        "Herschel_PACS_500_ref": "Bhardwaj2021b",
        "DESI_g": 13.25779522,
        "DESI_g_err": 0.01,
        "DESI_g_ref": "Bhardwaj2021b",
        "DESI_r": 12.58309414,
        "DESI_r_err": 0.01,
        "DESI_g_ref": "Bhardwaj2021b",
        "DESI_z": 12.12495699,
        "DESI_z_err": 0.01,
        "DESI_z_ref": "Bhardwaj2021b",
        "2MASS_J": 11.89484248,
        "2MASS_J_err": 0.1,
        "2MASS_J_ref": "Bhardwaj2021b",
        "2MASS_H": 11.86945388,
        "2MASS_H_err": 0.1,
        "2MASS_H_ref": "Bhardwaj2021b",
        "2MASS_Ks": 11.94209389,
        "2MASS_Ks_err": 0.1,
        "2MASS_Ks_ref": "Bhardwaj2021b",
        "WISE_w1": 12.52755747,
        "WISE_w1_err": 0.1,
        "WISE_w1_ref": "Bhardwaj2021b",
        "WISE_w2": 12.99574603,
        "WISE_w2_err": 0.1,
        "WISE_w2_ref": "Bhardwaj2021b",
        "WISE_w3": 11.75372263,
        "WISE_w3_err": 0.1,
        "WISE_w3_ref": "Bhardwaj2021b",
        "WISE_w4": 11.5060474,
        "WISE_w4_err": 0.1,
        "WISE_w4_ref": "Bhardwaj2021b",
    },
    "ra": 158.5962667,
    "ra_FRB": 158.574,
    "redshift": {
        "z": 0.0039,
        "z_FRB": 0.0039,
        "z_spec": 0.0039
    }
}