FRB,Coord,z,Projects,References,CIGALE_photom,Spectrum,ppxf_cuts,Galfit_filter,Bad_EM_lines
20121102,05h31m58.686s +33d08m52.433s,0.19273,"Repeater,F4","Bassa2017,mannings2020",,,,WFC3_F160W,
20180301,06h12m54.4392s +04d40m13.717s,0.3305,Realfast,Bhandari2021,,DEIMOS,"3000., 5000.;6675., 6725.;7150., 7300.;7580, 7750.",,
20180916,01h58m00.75024s +65d43m00.3144s,0.0337,"CHIME,F4","Marcote2020, mannings2020",,SDSS,,WFC3_F160W,
20180924,21h44m25.255s -40d54m00.1s,0.32120,"CRAFT,CRAFT,F4,F4","Bannister2019,Heintz2020,mannings2020,simha2021a",,MUSE,,WFC3_F160W,
20181112,21h49m23.66s -52d58m15.28s,0.47550,"CRAFT,CRAFT","Prochaska2019,Heintz2020",,FORS2,,VLT_i,Halpha
20190102,21h29m39.60s -79d28m32.4s,0.29117,"CRAFT,CRAFT,F4","Bhandari2019,Heintz2020,mannings2020",,MagE,"7550.,7750.",WFC3_F160W,
20190523,13h48m15.439s +72d28m14.72s,0.66,"CRAFT,Realfast","Heintz2020,Bhandari2021",,,,LRIS_r,
20190608,22h16m04.90s -07d53m56.0s,0.1177805,"CRAFT,CRAFT,F4","Bhandari2019,Heintz2020,mannings2020",,SDSS,,WFC3_F160W,
20191001,21h33m24.44s -54d44m54.65s ,0.23400,"CRAFT,F4","Heintz2020,mannings2020",,GMOS-S,"7150., 7300.; 7580, 7750.; 6675., 6725.",VLT_i,