{
    "FRB": "FRB20221029A",
    "cosmo": "Planck18",
    "dec": 72.45199972222223,
    "dec_FRB": 72.452317,
    "derived": {
        "AV_old": 1.5035,
        "AV_old_loerr": 0.0,
        "AV_old_ref": "Sharma2024",
        "AV_old_uperr": 0.0,
        "Mtotal": 168151211237.6715,
        "Mtotal_loerr": 0.0,
        "Mtotal_ref": "Sharma2024",
        "Mtotal_uperr": 0.0,
        "SFR_SED": 44.9274,
        "SFR_SED_loerr": -0.0001,
        "SFR_SED_ref": "Sharma2024",
        "SFR_SED_uperr": 0.0001
    },
    "offsets": {
        "ang_avg": 3.4092511827882803,
        "ang_avg_err": 0.7769731325617366,
        "ang_best": 3.3311705863069725,
        "ang_best_err": 0.7808865655584519,
        "physical": 27.254976555422687,
        "physical_err": 6.38905888645442
    },
    "photom": {
        "DECaL_g": 23.921387970984732,
        "DECaL_g_err": 0.2080927883650888,
        "DECaL_g_flux": 0.0009804936963311041,
        "DECaL_g_flux_err": 0.00018792195226591423,
        "DECaL_r": 23.178990106576595,
        "DECaL_r_err": 0.18577780479393424,
        "DECaL_r_flux": 0.0019426919995866846,
        "DECaL_r_flux_err": 0.0003324095240559404,
        "DECaL_z": 22.031439599184644,
        "DECaL_z_err": 0.07988070061359073,
        "DECaL_z_flux": 0.005590158922636374,
        "DECaL_z_flux_err": 0.0004112838913582941,
        "DECam_g": 23.744944084579167,
        "DECam_g_err": 0.22,
        "DECam_g_flux": 0.0011535126470454081,
        "DECam_g_flux_err": 0.00023373337025868357,
        "DECam_g_ref": "Sharma2024",
        "DECam_r": 23.06211452338101,
        "DECam_r_err": 0.22,
        "DECam_r_flux": 0.0021634864769100245,
        "DECam_r_flux_err": 0.0004383818305351962,
        "DECam_r_ref": "Sharma2024",
        "DECam_z": 21.96867561817493,
        "DECam_z_err": 0.2,
        "DECam_z_flux": 0.005922836539880618,
        "DECam_z_flux_err": 0.0010910268099975637,
        "DECam_z_ref": "Sharma2024",
        "EBV": 0.0428
    },
    "ra": 141.96629999999996,
    "ra_FRB": 141.963417,
    "redshift": {
        "z": 0.975,
        "z_FRB": 0.975,
        "z_spec": 0.975
    }
}