{
    "FRB": "FRB20221029A",
    "cosmo": "Planck18",
    "dec": 72.45199972222223,
    "dec_FRB": 72.452317,
    "offsets": {
        "ang_avg": 3.4092511827882803,
        "ang_avg_err": 0.7769731325617366,
        "ang_best": 3.3311705863069725,
        "ang_best_err": 0.7808865655584519,
        "physical": 27.254976555422687,
        "physical_err": 6.38905888645442
    },
    "photom": {
        "DECaL_g": 23.921387970984732,
        "DECaL_g_err": 0.2080927883650888,
        "DECaL_g_flux": 0.0009804936963311041,
        "DECaL_g_flux_err": 0.00018792195226591423,
        "DECaL_r": 23.178990106576595,
        "DECaL_r_err": 0.18577780479393424,
        "DECaL_r_flux": 0.0019426919995866846,
        "DECaL_r_flux_err": 0.0003324095240559404,
        "DECaL_z": 22.031439599184644,
        "DECaL_z_err": 0.07988070061359073,
        "DECaL_z_flux": 0.005590158922636374,
        "DECaL_z_flux_err": 0.0004112838913582941,
        "DECam_g": 23.744944084579167,
        "DECam_g_err": 0.22,
        "DECam_g_flux": 0.0011535126470454081,
        "DECam_g_flux_err": 0.00023373337025868357,
        "DECam_g_ref": "Sharma2024",
        "DECam_r": 23.06211452338101,
        "DECam_r_err": 0.22,
        "DECam_r_flux": 0.0021634864769100245,
        "DECam_r_flux_err": 0.0004383818305351962,
        "DECam_r_ref": "Sharma2024",
        "DECam_z": 21.96867561817493,
        "DECam_z_err": 0.2,
        "DECam_z_flux": 0.005922836539880618,
        "DECam_z_flux_err": 0.0010910268099975637,
        "DECam_z_ref": "Sharma2024",
        "EBV": 0.0428,
        "WIRC_H": 22.057846257867187,
        "WIRC_H_err": 0.31,
        "WIRC_H_flux": 0.005455838311523463,
        "WIRC_H_flux_err": 0.0015577539637715663,
        "WIRC_H_ref": "Sharma2024",
        "WIRC_J": 22.07405935758429,
        "WIRC_J_err": 0.26,
        "WIRC_J_flux": 0.00537497255755432,
        "WIRC_J_flux_err": 0.0012871384953727725,
        "WIRC_J_ref": "Sharma2024"
    },
    "ra": 141.96629999999996,
    "ra_FRB": 141.963417,
    "redshift": {
        "z": 0.975,
        "z_FRB": 0.975,
        "z_spec": 0.975
    }
}