{
    "FRB": "FRB20220204A",
    "cosmo": "Planck18",
    "dec": 69.7222,
    "dec_FRB": 69.722503,
    "derived": {
        "AV_old": 1.5444,
        "AV_old_loerr": -0.143,
        "AV_old_ref": "Sharma2024",
        "AV_old_uperr": 0.1565,
        "Mtotal": 4998043135.782396,
        "Mtotal_loerr": -1172167641.6560678,
        "Mtotal_ref": "Sharma2024",
        "Mtotal_uperr": 429458962.1807766,
        "SFR_SED": 4.3058,
        "SFR_SED_loerr": -0.8752,
        "SFR_SED_ref": "Sharma2024",
        "SFR_SED_uperr": 1.3978
    },
    "offsets": {
        "ang_avg": 2.5888449308348185,
        "ang_avg_err": 1.2189686474990278,
        "ang_best": 2.2112329349138116,
        "ang_best_err": 1.2761173077147168,
        "physical": 12.275072233794061,
        "physical_err": 7.0840262387840705
    },
    "photom": {
        "DECaL_g": 23.162324052784175,
        "DECaL_g_err": 0.11108723321507945,
        "DECaL_g_flux": 0.001972742373858031,
        "DECaL_g_flux_err": 0.0002018413784100126,
        "DECaL_r": 22.247286006470926,
        "DECaL_r_err": 0.06262393212313704,
        "DECaL_r_flux": 0.0045823218721711325,
        "DECaL_r_flux_err": 0.0002643027032087764,
        "DECaL_z": 22.035316766269553,
        "DECaL_z_err": 0.10895594989947589,
        "DECaL_z_flux": 0.005570232049809928,
        "DECaL_z_flux_err": 0.0005589846976529141,
        "EBV": 0.0541,
        "Pan-STARRS_r": 22.619121755988637,
        "Pan-STARRS_r_err": 0.23673300445079803,
        "Pan-STARRS_r_flux": 0.003253503602112992,
        "Pan-STARRS_r_flux_err": 0.0007093911756320987,
        "Pan-STARRS_y": 22.29932758190444,
        "Pan-STARRS_y_err": 0.4,
        "Pan-STARRS_y_flux": 0.0043678625319818155,
        "Pan-STARRS_y_flux_err": 0.0016091800247021691,
        "Pan-STARRS_y_ref": "Sharma2024",
        "WASP_g": 23.670595381054056,
        "WASP_g_err": 0.05,
        "WASP_g_flux": 0.0012352698511926164,
        "WASP_g_flux_err": 5.688627890362184e-05,
        "WASP_g_ref": "Sharma2024",
        "WASP_i": 22.646273334167578,
        "WASP_i_err": 0.02,
        "WASP_i_flux": 0.0031731504254528245,
        "WASP_i_flux_err": 5.845159093980311e-05,
        "WASP_i_ref": "Sharma2024",
        "WASP_r": 22.859233896474873,
        "WASP_r_err": 0.02,
        "WASP_r_flux": 0.0026079930859555624,
        "WASP_r_flux_err": 4.8041008018822534e-05,
        "WASP_r_ref": "Sharma2024",
        "WASP_z": 22.12902827756729,
        "WASP_z_err": 0.03,
        "WASP_z_flux": 0.005109620943638402,
        "WASP_z_flux_err": 0.00014118404418806348,
        "WASP_z_ref": "Sharma2024"
    },
    "ra": 274.2277916666666,
    "ra_FRB": 274.22625,
    "redshift": {
        "z": 0.4012,
        "z_FRB": 0.4012,
        "z_spec": 0.4012
    }
}