{
    "FRB": "FRB20240304A",
    "cosmo": "Planck18",
    "dec": -16.166225277777777,
    "dec_FRB": -16.166629791,
    "offsets": {
        "ang_avg": 1.9539137211334874,
        "ang_avg_err": 0.7381482211355596,
        "ang_best": 1.8419977932399245,
        "ang_best_err": 0.7465842024057757,
        "physical": 7.266482569179989,
        "physical_err": 2.945194132759794
    },
    "photom": {
        "DECaL_g": 21.222013172331017,
        "DECaL_g_err": 0.02128565957210086,
        "DECaL_g_flux": 21.222013172331017,
        "DECaL_g_flux_err": 0.00040879168167981295,
        "DECaL_r": 20.655636601556033,
        "DECaL_r_err": 0.01377209533396529,
        "DECaL_r_flux": 20.655636601556033,
        "DECaL_r_flux_err": -1255.7722880451408,
        "DECaL_z": 20.439415552309974,
        "DECaL_z_err": 0.036184609430169844,
        "DECaL_z_flux": 20.439415552309974,
        "DECaL_z_flux_err": -3299.398433880946,
        "DELVE_g": 21.347082133033883,
        "DELVE_g_err": 0.048239,
        "DELVE_g_flux": 21.347082133033883,
        "DELVE_g_flux_err": 33440724.220933873,
        "DELVE_i": 20.456764159407236,
        "DELVE_i_err": 0.041586,
        "DELVE_i_flux": 20.456764159407236,
        "DELVE_i_flux_err": 0.0014024775570567046,
        "DELVE_r": 20.67037103452598,
        "DELVE_r_err": 0.030169,
        "DELVE_r_flux": 20.67037103452598,
        "DELVE_r_flux_err": 33440724.220933873,
        "DELVE_z": 20.524889562095947,
        "DELVE_z_err": 0.085749,
        "DELVE_z_flux": 20.524889562095947,
        "DELVE_z_flux_err": -7818.797017910199,
        "EBV": 0.0582,
        "Pan-STARRS_g": 21.500280704624064,
        "Pan-STARRS_g_err": 0.09769999980926514,
        "Pan-STARRS_g_flux": 0.009117750679284217,
        "Pan-STARRS_g_flux_err": 0.000820461025176406,
        "Pan-STARRS_i": 20.644142564678315,
        "Pan-STARRS_i_err": 0.04962100088596344,
        "Pan-STARRS_i_flux": 0.02006055612150934,
        "Pan-STARRS_i_flux_err": 0.000916820189578265,
        "Pan-STARRS_r": 20.878106937996584,
        "Pan-STARRS_r_err": 0.051913999021053314,
        "Pan-STARRS_r_flux": 0.016171757453516067,
        "Pan-STARRS_r_flux_err": 0.0007732454687716432,
        "Pan-STARRS_z": 20.7372646549661,
        "Pan-STARRS_z_err": 0.08865199983119965,
        "Pan-STARRS_z_flux": 0.018411710277146123,
        "Pan-STARRS_z_flux_err": 0.0015033439331105934,
        "VISTA_J": 20.602151841099747,
        "VISTA_J_err": 0.238939,
        "VISTA_J_flux": 0.020851593886499764,
        "VISTA_J_flux_err": 33440724.220933873,
        "VLT_FORS2_I": null,
        "VLT_FORS2_I_flux": null,
        "VLT_FORS2_R": 20.5834284572784,
        "VLT_FORS2_R_flux": 0.02121429537362346,
        "VLT_FORS2_g": null,
        "VLT_FORS2_g_flux": null,
        "VLT_FORS2_u": null,
        "VLT_FORS2_u_flux": null,
        "VLT_FORS2_z": null,
        "VLT_FORS2_z_flux": null,
        "VLT_HAWKI_J": null,
        "VLT_HAWKI_J_flux": null,
        "VLT_HAWKI_Ks": 19.990817258257383,
        "VLT_HAWKI_Ks_flux": 0.03661618477509738
    },
    "ra": 136.33049958333334,
    "ra_FRB": 136.330825806,
    "redshift": {
        "z": 0.2423,
        "z_FRB": 0.2423,
        "z_spec": 0.2423
    }
}