{
    "FRB": "FRB20231204A",
    "cosmo": "Planck18",
    "dec": 48.12056666666667,
    "dec_FRB": 48.115997,
    "offsets": {
        "ang_avg": 25.134780445136993,
        "ang_avg_err": 18.088135673618893,
        "ang_best": 16.47648718434865,
        "ang_best_err": 20.05359554636167,
        "physical": 21.088903023370666,
        "physical_err": 25.667384498611355
    },
    "photom": {
        "DECaL_g": 15.909592602446079,
        "DECaL_g_err": 0.0007749283683397875,
        "DECaL_g_flux": 1.5709521368038541,
        "DECaL_g_flux_err": 0.0011212441574466139,
        "DECaL_r": 15.36018039247238,
        "DECaL_r_err": 0.0008928802117875793,
        "DECaL_r_flux": 2.6057205455584365,
        "DECaL_r_flux_err": 0.002142874394702313,
        "DECaL_z": 14.97312458105341,
        "DECaL_z_err": 0.000775368161463709,
        "DECaL_z_flux": 3.7217754076456684,
        "DECaL_z_flux_err": 0.0026578704316578706,
        "EBV": 0.0148,
        "Pan-STARRS_g": 15.937959738511307,
        "Pan-STARRS_g_err": 0.0015119999879971147,
        "Pan-STARRS_g_flux": 1.5304392630762134,
        "Pan-STARRS_g_flux_err": 0.0021312950026540238,
        "Pan-STARRS_i": 15.127832482928456,
        "Pan-STARRS_i_err": 0.0011399999493733048,
        "Pan-STARRS_i_flux": 3.2275055750703934,
        "Pan-STARRS_i_flux_err": 0.003388812287973727,
        "Pan-STARRS_r": 15.467927032061946,
        "Pan-STARRS_r_err": 0.0014390000142157078,
        "Pan-STARRS_r_flux": 2.359549982526919,
        "Pan-STARRS_r_flux_err": 0.003127272023829494,
        "Pan-STARRS_y": 14.91106429153239,
        "Pan-STARRS_y_err": 0.003924000076949596,
        "Pan-STARRS_y_flux": 3.9407082008249654,
        "Pan-STARRS_y_flux_err": 0.014242261808629522,
        "Pan-STARRS_z": 15.113918023439327,
        "Pan-STARRS_z_err": 0.0016250000335276127,
        "Pan-STARRS_z_flux": 3.26913447033058,
        "Pan-STARRS_z_flux_err": 0.004892849294895626,
        "SDSS_g": 15.992588869999999,
        "SDSS_g_err": 0.003037252,
        "SDSS_g_flux": 1.4553399336714328,
        "SDSS_g_flux_err": 0.004071186080792181,
        "SDSS_i": 15.167176150000001,
        "SDSS_i_err": 0.003088739,
        "SDSS_i_flux": 3.112644587667827,
        "SDSS_i_flux_err": 0.008854956377926338,
        "SDSS_r": 15.46834832,
        "SDSS_r_err": 0.002826094,
        "SDSS_r_flux": 2.3586346062950416,
        "SDSS_r_flux_err": 0.006139357865963132,
        "SDSS_u": 17.27468177,
        "SDSS_u_err": 0.01292404,
        "SDSS_u_flux": 0.44681452872586835,
        "SDSS_u_flux_err": 0.005318648136193169,
        "SDSS_z": 14.99897205,
        "SDSS_z_err": 0.006392394,
        "SDSS_z_flux": 3.634219667051411,
        "SDSS_z_flux_err": 0.021396876969315682,
        "WISE_W1": 15.318991661071777,
        "WISE_W1_err": 0.00800000037997961,
        "WISE_W1_flux": 2.7064695358276367,
        "WISE_W1_flux_err": 0.01994200423359871,
        "WISE_W2": 15.744104385375977,
        "WISE_W2_err": 0.009999999776482582,
        "WISE_W2_flux": 1.8296087980270386,
        "WISE_W2_flux_err": 0.01685131900012493,
        "WISE_W3": 13.556324005126953,
        "WISE_W3_err": 0.012000000104308128,
        "WISE_W3_flux": 13.723670959472656,
        "WISE_W3_flux_err": 0.1516796201467514,
        "WISE_W4": 12.497347831726074,
        "WISE_W4_err": 0.032999999821186066,
        "WISE_W4_flux": 36.396610260009766,
        "WISE_W4_flux_err": 1.1062431335449219
    },
    "ra": 207.99941666666663,
    "ra_FRB": 207.999034,
    "redshift": {
        "z": 0.0644,
        "z_FRB": 0.0644,
        "z_spec": 0.0644
    }
}