{
    "FRB": "FRB20220330D",
    "cosmo": "Planck18",
    "dec": 70.35032222222222,
    "dec_FRB": 70.35075,
    "derived": {
        "AV_old": 3.8468,
        "AV_old_loerr": -0.0242,
        "AV_old_ref": "Sharma2024",
        "AV_old_uperr": 0.0214,
        "Mtotal": 49636368488.45584,
        "Mtotal_loerr": -1121105414.4343948,
        "Mtotal_ref": "Sharma2024",
        "Mtotal_uperr": 1815363649.709877,
        "SFR_SED": 2.0125,
        "SFR_SED_loerr": -0.0749,
        "SFR_SED_ref": "Sharma2024",
        "SFR_SED_uperr": 0.1225
    },
    "offsets": {
        "ang_avg": 3.468386547707636,
        "ang_avg_err": 1.373186664162618,
        "ang_best": 3.217157010628385,
        "ang_best_err": 1.3959791885752137,
        "physical": 17.02836708627825,
        "physical_err": 7.388898331455858
    },
    "photom": {
        "DECaL_g": 24.61487541368835,
        "DECaL_g_err": 0.2567992981347261,
        "DECaL_g_flux": 0.0005176662230269946,
        "DECaL_g_flux_err": 0.00012243887802470505,
        "DECaL_r": 23.35163982523066,
        "DECaL_r_err": 0.15366119584034246,
        "DECaL_r_flux": 0.0016570822456185427,
        "DECaL_r_flux_err": 0.00023452219641535244,
        "DECaL_z": 23.088144263796476,
        "DECaL_z_err": 0.23088197095314456,
        "DECaL_z_flux": 0.002112235263197482,
        "DECaL_z_flux_err": 0.0004491671536295586,
        "DECam_g": 24.537297837405738,
        "DECam_g_err": 0.28,
        "DECam_g_flux": 0.0005560077682140971,
        "DECam_g_flux_err": 0.0001433885822520109,
        "DECam_g_ref": "Sharma2024",
        "DECam_r": 23.30638119638529,
        "DECam_r_err": 0.2,
        "DECam_r_flux": 0.0017276171862629283,
        "DECam_r_flux_err": 0.000318238846359147,
        "DECam_r_ref": "Sharma2024",
        "DECam_z": 23.06520926096902,
        "DECam_z_err": 0.19,
        "DECam_z_flux": 0.0021573285448328156,
        "DECam_z_flux_err": 0.000377524873649716,
        "DECam_z_ref": "Sharma2024",
        "EBV": 0.0173
    },
    "ra": 163.74891666666667,
    "ra_FRB": 163.75125,
    "redshift": {
        "z": 0.3714,
        "z_FRB": 0.3714,
        "z_spec": 0.3714
    }
}