{
    "FRB": "FRB20230216A",
    "cosmo": "Planck18",
    "dec": 3.436834166666667,
    "dec_FRB": 3.436825,
    "derived": {
        "AV_old": 0.8106,
        "AV_old_loerr": -0.0073,
        "AV_old_ref": "Sharma2024",
        "AV_old_uperr": 0.007,
        "Mtotal": 6663463144.693575,
        "Mtotal_loerr": -105154784.50389862,
        "Mtotal_ref": "Sharma2024",
        "Mtotal_uperr": 64754010.52192211,
        "SFR_SED": 20.8078,
        "SFR_SED_loerr": -0.1683,
        "SFR_SED_ref": "Sharma2024",
        "SFR_SED_uperr": 0.1975
    },
    "offsets": {
        "ang_avg": 3.6881284805071357,
        "ang_avg_err": 1.172098086577493,
        "ang_best": 3.6119432392839594,
        "ang_best_err": 1.1745714603798492,
        "physical": 23.442842206213864,
        "physical_err": 7.623401471576183
    },
    "photom": {
        "DECaL_g": 22.092351089868483,
        "DECaL_g_err": 0.022418096648195874,
        "DECaL_g_flux": 0.005285177267549753,
        "DECaL_g_flux_err": 0.0001091274420688337,
        "DECaL_r": 21.294581032049308,
        "DECaL_r_err": 0.0223569571779193,
        "DECaL_r_flux": 0.011019644431993793,
        "DECaL_r_flux_err": 0.00022691121250475869,
        "DECaL_z": 20.96746024658142,
        "DECaL_z_err": 0.03134569778903639,
        "DECaL_z_flux": 0.014894155909826115,
        "DECaL_z_flux_err": 0.0004300010517529019,
        "DECam_g": 21.91215758103831,
        "DECam_g_err": 0.21,
        "DECam_g_flux": 0.006239315715003645,
        "DECam_g_flux_err": 0.0012067906498914739,
        "DECam_g_ref": "Sharma2024",
        "DECam_r": 21.31193087572384,
        "DECam_r_err": 0.2,
        "DECam_r_flux": 0.010844952245902264,
        "DECam_r_flux_err": 0.0019977140300517482,
        "DECam_r_ref": "Sharma2024",
        "DECam_z": 20.981311079617857,
        "DECam_z_err": 0.22,
        "DECam_z_flux": 0.014705356667036306,
        "DECam_z_flux_err": 0.0029797094842837,
        "DECam_z_ref": "Sharma2024",
        "DELVE_g": 22.05100858103831,
        "DELVE_g_err": 0.082186,
        "DELVE_g_flux": 0.00549030614570734,
        "DELVE_g_flux_err": 0.0004155947815994802,
        "DELVE_i": 21.17837428711736,
        "DELVE_i_err": 0.086854,
        "DELVE_i_flux": 0.012264512196661208,
        "DELVE_i_flux_err": 0.0009811056660545949,
        "DELVE_r": 21.46281687572384,
        "DELVE_r_err": 0.061087,
        "DELVE_r_flux": 0.009437853767815467,
        "DELVE_r_flux_err": 0.0005310039129099298,
        "DELVE_z": 20.72695107961786,
        "DELVE_z_err": 0.069358,
        "DELVE_z_flux": 0.01858743926434419,
        "DELVE_z_flux_err": 0.0011873856714427037,
        "EBV": 0.027,
        "GALEX_NUV": 23.4668470024702,
        "GALEX_NUV_err": 0.3598612,
        "GALEX_NUV_flux": 0.0014902570783813305,
        "GALEX_NUV_flux_err": 0.0004939373838549195,
        "Pan-STARRS_g": 21.883074160416513,
        "Pan-STARRS_g_err": 0.05,
        "Pan-STARRS_g_flux": 0.00640870572534234,
        "Pan-STARRS_g_flux_err": 0.0002951318053711773,
        "Pan-STARRS_g_ref": "Sharma2024",
        "Pan-STARRS_i": 21.176428046004816,
        "Pan-STARRS_i_err": 0.06,
        "Pan-STARRS_i_flux": 0.012286516717106977,
        "Pan-STARRS_i_flux_err": 0.000678978005703184,
        "Pan-STARRS_i_ref": "Sharma2024",
        "Pan-STARRS_r": 21.35872591891235,
        "Pan-STARRS_r_err": 0.2,
        "Pan-STARRS_r_flux": 0.010387466274026867,
        "Pan-STARRS_r_flux_err": 0.0019134419997242132,
        "Pan-STARRS_r_ref": "Sharma2024",
        "Pan-STARRS_y": 21.224826091652734,
        "Pan-STARRS_y_err": 0.19011099636554718,
        "Pan-STARRS_y_flux": 0.011750857443855666,
        "Pan-STARRS_y_flux_err": 0.0020575598446572665,
        "Pan-STARRS_z": 20.857345856591376,
        "Pan-STARRS_z_err": 0.09,
        "Pan-STARRS_z_flux": 0.01648396378279917,
        "Pan-STARRS_z_flux_err": 0.001366406254070176,
        "Pan-STARRS_z_ref": "Sharma2024",
        "SDSS_g": 21.9671619,
        "SDSS_g_err": 0.27,
        "SDSS_g_flux": 0.005931099834384879,
        "SDSS_g_flux_err": 0.0014749411028811203,
        "SDSS_g_ref": "Sharma2024",
        "SDSS_i": 21.117133180000003,
        "SDSS_i_err": 0.24,
        "SDSS_i_flux": 0.012976175848010306,
        "SDSS_i_flux_err": 0.0028683599108829984,
        "SDSS_i_ref": "Sharma2024",
        "SDSS_r": 21.238857069999998,
        "SDSS_r_err": 0.2,
        "SDSS_r_flux": 0.011599978019500181,
        "SDSS_r_flux_err": 0.002136794917340777,
        "SDSS_r_ref": "Sharma2024",
        "SDSS_u": 22.511399700000002,
        "SDSS_u_err": 0.3408997,
        "SDSS_u_flux": 0.0035928585071889896,
        "SDSS_u_flux_err": 0.0011280865295599362,
        "SDSS_z": 20.648426800000003,
        "SDSS_z_err": 0.1970875,
        "SDSS_z_flux": 0.01998155460999638,
        "SDSS_z_flux_err": 0.003627137629692434,
        "WISE_W1": 20.54595691409081,
        "WISE_W1_err": 0.07,
        "WISE_W1_flux": 0.021959236125252326,
        "WISE_W1_flux_err": 0.0014157642731551857,
        "WISE_W1_ref": "Sharma2024",
        "WISE_W2": 19.683937072753906,
        "WISE_W2_err": 999.0,
        "WISE_W2_flux": 0.048576392233371735,
        "WISE_W2_flux_err": -99.0,
        "WISE_W3": 17.42974281311035,
        "WISE_W3_err": 999.0,
        "WISE_W3_flux": 0.38734936714172363,
        "WISE_W3_flux_err": -99.0,
        "WISE_W4": 14.725906372070312,
        "WISE_W4_err": 999.0,
        "WISE_W4_flux": 4.673446178436279,
        "WISE_W4_flux_err": -99.0
    },
    "ra": 156.4731720833333,
    "ra_FRB": 156.472167,
    "redshift": {
        "z": 0.531,
        "z_FRB": 0.531,
        "z_spec": 0.531
    }
}