{
    "FRB": "FRB20191001A",
    "cosmo": "Planck18",
    "dec": -54.74848055555556,
    "dec_FRB": -54.74821877,
    "derived": {
        "AV_nebular": 1.8585109928013959,
        "AV_old": 1.06,
        "AV_old_loerr": 0.1,
        "AV_old_ref": "Gordon2023",
        "AV_old_uperr": 0.1,
        "AV_young": 1.15,
        "AV_young_loerr": 0.25,
        "AV_young_ref": "Gordon2023",
        "AV_young_uperr": 0.28,
        "EBV_photom": 0.26542420843705694,
        "EBV_photom_err": 0.16481057006212957,
        "EBV_spec": 0.0,
        "IR_SB": 0.0079898093422431,
        "IR_SB_err": 0.0001015593487746,
        "IR_SB_ref": "Mannings2021",
        "IR_global": 17.135,
        "IR_global_err": 0.001,
        "IR_global_ref": "Mannings2021",
        "IRfe": 0.9118378537191868,
        "IRfe_err": 0.0911837853719187,
        "IRfe_ref": "Mannings2021",
        "IRff": 0.0930910401291509,
        "IRff_err": 0.032850746153959,
        "IRff_ref": "Mannings2021",
        "Lnu_r": 3.1143538142557143e+22,
        "Lnu_r_err": 1.5571769071278573e+21,
        "M_r": -22.133419875469542,
        "M_r_err": 0.054286810237906484,
        "Mstar": 53703179637.0,
        "Mstar_loerr": 9034820422.0,
        "Mstar_ref": "Gordon2023",
        "Mstar_spec": 653357005.8914059,
        "Mstar_uperr": 9392554811.0,
        "Mtotal": 83176377110.0,
        "Mtotal_loerr": 15568079571.0,
        "Mtotal_ref": "Gordon2023",
        "Mtotal_uperr": 16823622890.0,
        "SFR_SED": 18.28,
        "SFR_SED_loerr": 8.95,
        "SFR_SED_ref": "Gordon2023",
        "SFR_SED_uperr": 17.24,
        "SFR_nebular": 9.17837833323328,
        "SFR_photom": 8.798661549443842,
        "SFR_photom_err": 15.347683341365677,
        "SMStar": 32186674.458193168,
        "SMStar_err": 700014.6763002496,
        "SMStar_ref": "Mannings2021",
        "SSFR": 0.0047306056245165,
        "SSFR_err": NaN,
        "SSFR_ref": "Mannings2021",
        "UV_SB": 0.0008831246699894,
        "UV_SB_err": NaN,
        "UV_SB_ref": "Mannings2021",
        "UV_global": 21.228,
        "UV_global_err": 0.02,
        "UV_global_ref": "Mannings2021",
        "UVff": 0.2902421996760106,
        "UVff_err": 0.2548559926331037,
        "UVff_ref": "Mannings2021",
        "Z_gas": 0.8317637711,
        "Z_gas_loerr": 0.1861095421,
        "Z_gas_ref": "Gordon2023",
        "Z_gas_uperr": 0.2397555341,
        "Z_photom": 0.006268033897455279,
        "Z_photom_err": 0.012796764888744974,
        "Z_spec": 0.22,
        "Z_stellar": 0.301995172,
        "Z_stellar_loerr": 0.06211188014,
        "Z_stellar_ref": "Gordon2023",
        "Z_stellar_uperr": 0.08704997295,
        "age_mass": 3.89,
        "age_mass_loerr": 1.56,
        "age_mass_ref": "Gordon2023",
        "age_mass_uperr": 1.68,
        "agn_tau": -999.0,
        "agn_tau_loerr": -999.0,
        "agn_tau_ref": "Gordon2023",
        "agn_tau_uperr": -999.0,
        "f_AGN": -999.0,
        "f_AGN_loerr": -999.0,
        "f_AGN_ref": "Gordon2023",
        "f_AGN_uperr": -999.0,
        "lg_sSFR": -9.35,
        "lg_sSFR_loerr": 0.26,
        "lg_sSFR_ref": "Gordon2023",
        "lg_sSFR_uperr": 0.27,
        "reff_iso": 1.5757354618607762,
        "reff_iso_err": 0.170932393116676,
        "reff_iso_ref": "Mannings2021",
        "u-r": 1.6732980598610738,
        "u-r_err": 0.18902955715934988,
        "z_SED": 0.2342,
        "z_SED_loerr": 0.0,
        "z_SED_ref": "Gordon2023",
        "z_SED_uperr": 0.0
    },
    "morphology": {
        "PA": -9.599986971884267,
        "amp": 89823.77039575808,
        "b/a": 0.5222846104630497,
        "dec": -54.74841503898784,
        "n": 2.573940646237474,
        "phi_G": -0.16755138080794077,
        "q": 0.5222846104630497,
        "ra": 323.3518032117605,
        "reff_ang": 1.7376134279559887,
        "reff_ang_err": 0.01,
        "reff_kpc": 6.678849191680682,
        "reff_kpc_err": 0.0384369105591986
    },
    "neb_lines": {
        "Halpha": 2.73763194724966e-15,
        "Halpha_err": 2.585608398766268e-17,
        "Hbeta": 5.012551825111125e-16,
        "Hbeta_err": 3.021912043349463e-17,
        "Hgamma": 1.4943638299304037e-17,
        "Hgamma_err": 4.2957240901460776e-17,
        "[NII] 6584": 1.3908518920407386e-15,
        "[NII] 6584_err": 1.946529971625527e-17,
        "[OIII] 5007": 3.6177312160783686e-16,
        "[OIII] 5007_err": 3.4581101653134785e-17
    },
    "offsets": {
        "ang_avg": 0.9900155943142339,
        "ang_avg_err": 0.20378259273735533,
        "ang_best": 0.9479413599987775,
        "ang_best_err": 0.20808072062541189,
        "physical": 3.6435937269638092,
        "physical_err": 0.7997980047772548
    },
    "photom": {
        "DECaL_g": 19.17782138692984,
        "DECaL_g_err": 0.008237607741,
        "DECaL_g_flux": 0.07742325744355298,
        "DECaL_g_flux_err": 0.0005874193216136947,
        "DECaL_g_ref": "Gordon2023",
        "DECaL_r": 18.355565843948856,
        "DECaL_r_err": 0.002779297299,
        "DECaL_r_flux": 0.16511010618928632,
        "DECaL_r_flux_err": 0.00042265337580016876,
        "DECaL_r_ref": "Gordon2023",
        "DECaL_z": 17.731037757803296,
        "DECaL_z_err": 0.003868579134,
        "DECaL_z_flux": 0.29348431191800656,
        "DECaL_z_flux_err": 0.0010457119144288594,
        "DECaL_z_ref": "Gordon2023",
        "DELVE_g": 19.179116947714142,
        "DELVE_g_err": 0.008388,
        "DELVE_g_flux": 0.07733092680759616,
        "DELVE_g_flux_err": 0.0005974303990411902,
        "DELVE_i": 17.953835513857115,
        "DELVE_i_err": 0.005464,
        "DELVE_i_flux": 0.23903736278922522,
        "DELVE_i_flux_err": 0.0012029626943971053,
        "DELVE_r": 18.369370223389364,
        "DELVE_r_err": 0.005294,
        "DELVE_r_flux": 0.16302413515138253,
        "DELVE_r_flux_err": 0.0007948982153392237,
        "DELVE_z": 17.788832790887103,
        "DELVE_z_err": 0.00841,
        "DELVE_z_flux": 0.27827031391119544,
        "DELVE_z_flux_err": 0.002155452981799105,
        "DES_Y": 17.63521396281619,
        "DES_Y_err": 0.011325641,
        "DES_Y_flux": 0.32056374946505684,
        "DES_Y_flux_err": 0.0033438969135822136,
        "DES_Y_ref": "Heintz2020",
        "DES_g": 19.137753947714142,
        "DES_g_err": 0.0034412236,
        "DES_g_flux": 0.08033381932775308,
        "DES_g_flux_err": 0.0002546167602565895,
        "DES_g_ref": "Heintz2020",
        "DES_i": 17.915114513857116,
        "DES_i_err": 0.0023633414,
        "DES_i_flux": 0.24771607422890524,
        "DES_i_flux_err": 0.000539208005687775,
        "DES_i_ref": "Heintz2020",
        "DES_r": 18.34937122338936,
        "DES_r_err": 0.0021133334,
        "DES_r_flux": 0.16605482716795064,
        "DES_r_flux_err": 0.00032321774934587755,
        "DES_r_ref": "Heintz2020",
        "DES_z": 17.742805790887104,
        "DES_z_err": 0.0041287243,
        "DES_z_flux": 0.29032048314696335,
        "DES_z_flux_err": 0.0011040004269026224,
        "DES_z_ref": "Heintz2020",
        "EBV": 0.0242,
        "VISTA_H": 17.085180760726992,
        "VISTA_H_err": 0.01009752445,
        "VISTA_H_flux": 0.5320196706593451,
        "VISTA_H_flux_err": 0.004947870034011096,
        "VISTA_H_ref": "Gordon2023",
        "VISTA_J": 17.295380760726992,
        "VISTA_J_err": 0.01016070864,
        "VISTA_J_flux": 0.4383769290744787,
        "VISTA_J_flux_err": 0.004102488460183563,
        "VISTA_J_ref": "Gordon2023",
        "VISTA_Ks": 16.899507024949845,
        "VISTA_Ks_err": 0.01004041832,
        "VISTA_Ks_flux": 0.6312438853990242,
        "VISTA_Ks_flux_err": 0.005837470136459394,
        "VISTA_Ks_ref": "Gordon2023",
        "VLT_FORS2_I": 17.699356505544667,
        "VLT_FORS2_I_err": 0.0060688330605538,
        "VLT_FORS2_I_flux": 0.3021742077096325,
        "VLT_FORS2_I_flux_err": 0.0016890334998116748,
        "VLT_FORS2_I_ref": "Shannon2024",
        "VLT_FORS2_g": 19.01263679311175,
        "VLT_FORS2_g_err": 0.0037607918985199,