{
    "FRB": "FRB20191001A",
    "cosmo": "Planck18",
    "dec": -54.74848055555556,
    "dec_FRB": -54.74773889,
    "derived": {
        "AV_nebular": 1.7228824476944598,
        "EBV_photom": 0.26542420843705694,
        "EBV_photom_err": 0.16481057006212957,
        "EBV_spec": 0.0,
        "IR_SB": 0.0079898093422431,
        "IR_SB_err": 0.0001015593487746,
        "IR_SB_ref": "Mannings2021",
        "IR_global": 17.135,
        "IR_global_err": 0.001,
        "IR_global_ref": "Mannings2021",
        "IRfe": 0.9118378537191868,
        "IRfe_err": 0.0911837853719187,
        "IRfe_ref": "Mannings2021",
        "IRff": 0.0930910401291509,
        "IRff_err": 0.032850746153959,
        "IRff_ref": "Mannings2021",
        "Lnu_r": 3.1143538142557143e+22,
        "Lnu_r_err": 1.5571769071278573e+21,
        "M_r": -22.133419875469542,
        "M_r_err": 0.054286810237906484,
        "Mstar": 46445517522.465294,
        "Mstar_err": 18802977064.76731,
        "Mstar_spec": 653357005.8914059,
        "SFR_nebular": 8.073219746085142,
        "SFR_photom": 8.798661549443842,
        "SFR_photom_err": 15.347683341365677,
        "SMStar": 32186674.458193168,
        "SMStar_err": 700014.6763002496,
        "SMStar_ref": "Mannings2021",
        "SSFR": 0.0047306056245165,
        "SSFR_err": NaN,
        "SSFR_ref": "Mannings2021",
        "UV_SB": 0.0008831246699894,
        "UV_SB_err": NaN,
        "UV_SB_ref": "Mannings2021",
        "UV_global": 21.228,
        "UV_global_err": 0.02,
        "UV_global_ref": "Mannings2021",
        "UVff": 0.2902421996760106,
        "UVff_err": 0.2548559926331037,
        "UVff_ref": "Mannings2021",
        "Z_photom": 0.006268033897455279,
        "Z_photom_err": 0.012796764888744974,
        "Z_spec": 0.22,
        "age_mass": 639.6613773405304,
        "f_AGN": 0.09164472227578531,
        "f_AGN_err": 0.07266262293011874,
        "reff_iso": 1.5757354618607762,
        "reff_iso_err": 0.170932393116676,
        "reff_iso_ref": "Mannings2021",
        "u-r": 1.6732980598610738,
        "u-r_err": 0.18902955715934988
    },
    "morphology": {
        "PA": 40.04,
        "PA_err": 0.42,
        "b/a": 0.55,
        "b/a_err": 0.0,
        "dec": -54.74866159039601,
        "dec_err": 0.00504,
        "n": 0.6,
        "n_err": 0.01,
        "ra": 323.35252332452,
        "ra_err": 0.00504,
        "reff_ang": 1.4439600000000001,
        "reff_ang_err": 0.00756,
        "reff_kpc": 5.550136137106041,
        "reff_kpc_err": 0.029058304382754144
    },
    "neb_lines": {
        "Halpha": 2.73763194724966e-15,
        "Halpha_err": 2.585608398766268e-17,
        "Hbeta": 5.012551825111125e-16,
        "Hbeta_err": 3.021912043349463e-17,
        "Hgamma": 1.4943638299304037e-17,
        "Hgamma_err": 4.2957240901460776e-17,
        "[NII] 6584": 1.3908518920407386e-15,
        "[NII] 6584_err": 1.946529971625527e-17,
        "[OIII] 5007": 3.6177312160783686e-16,
        "[OIII] 5007_err": 3.4581101653134785e-17
    },
    "offsets": {
        "ang_avg": 2.896294896100312,
        "ang_avg_err": 0.20210988687941508,
        "ang_best": 2.8874997802548483,
        "ang_best_err": 0.20230116271822338,
        "physical": 11.098657079336123,
        "physical_err": 0.7775831697422234
    },
    "photom": {
        "DECaL_g": 19.176100437518755,
        "DECaL_g_err": 0.008237607740802705,
        "DECaL_g_flux": 0.0775460747190181,
        "DECaL_g_flux_err": 0.000590588750592278,
        "DECaL_r": 18.35635957280445,
        "DECaL_r_err": 0.0027792972986663083,
        "DECaL_r_flux": 0.16498944634242566,
        "DECaL_r_flux_err": 0.0004228855334354539,
        "DECaL_z": 17.73375256597596,
        "DECaL_z_err": 0.003868579133820454,
        "DECaL_z_flux": 0.2927513914156134,
        "DECaL_z_flux_err": 0.001044960991517133,
        "DES_Y": 17.63739225550057,
        "DES_Y_err": 0.011325641,
        "DES_Y_flux": 0.31992125300908186,
        "DES_Y_flux_err": 0.0033546611607634326,
        "DES_Y_ref": "Heintz2020",
        "DES_g": 19.136268669620417,
        "DES_g_err": 0.0034412236,
        "DES_g_flux": 0.08044379052683032,
        "DES_g_flux_err": 0.0002553697936864556,
        "DES_g_ref": "Heintz2020",
        "DES_i": 17.917514263713773,
        "DES_i_err": 0.0023633414,
        "DES_i_flux": 0.2471691640812011,
        "DES_i_flux_err": 0.0005386035178837401,
        "DES_i_ref": "Heintz2020",
        "DES_r": 18.35024025813585,
        "DES_r_err": 0.0021133334,
        "DES_r_flux": 0.16592196830516784,
        "DES_r_flux_err": 0.00032327366221477364,
        "DES_r_ref": "Heintz2020",
        "DES_z": 17.745431748963085,
        "DES_z_err": 0.0041287243,
        "DES_z_flux": 0.28961916341136595,
        "DES_z_flux_err": 0.0011034301963260568,
        "DES_z_ref": "Heintz2020",
        "EBV": 0.0242,
        "WFC3_F160W": 17.12260292742892,
        "WFC3_F160W_err": 0.001,
        "WFC3_F160W_flux": 0.5139949159731921,
        "WFC3_F160W_flux_err": 0.0004736248913992426,
        "WFC3_F160W_ref": "Mannings2021",
        "WFC3_F300X": 21.074552487726084,
        "WFC3_F300X_err": 0.02,
        "WFC3_F300X_flux": 0.013495189869395966,
        "WFC3_F300X_flux_err": 0.0002508943117259271,
        "WFC3_F300X_ref": "Mannings2021"
    },
    "positional_error": {
        "dec_astrometric": 0.0858,
        "dec_source": 0.000335,
        "ra_astrometric": 0.0727,
        "ra_source": 0.000407
    },
    "ra": 323.3518333333333,
    "ra_FRB": 323.3513042,
    "redshift": {
        "z": 0.234,
        "z_FRB": 0.234,
        "z_spec": 0.234
    }
}