{
    "FRB": "FRB20191001A",
    "cosmo": "Planck18",
    "dec": -54.74848055555556,
    "dec_FRB": -54.74821877,
    "derived": {
        "AV_nebular": 1.7228824476944598,
        "AV_old": 1.06,
        "AV_old_loerr": 0.1,
        "AV_old_ref": "Gordon2023",
        "AV_old_uperr": 0.1,
        "AV_young": 1.15,
        "AV_young_loerr": 0.25,
        "AV_young_ref": "Gordon2023",
        "AV_young_uperr": 0.28,
        "EBV_photom": 0.26542420843705694,
        "EBV_photom_err": 0.16481057006212957,
        "EBV_spec": 0.0,
        "IR_SB": 0.0079898093422431,
        "IR_SB_err": 0.0001015593487746,
        "IR_SB_ref": "Mannings2021",
        "IR_global": 17.135,
        "IR_global_err": 0.001,
        "IR_global_ref": "Mannings2021",
        "IRfe": 0.9118378537191868,
        "IRfe_err": 0.0911837853719187,
        "IRfe_ref": "Mannings2021",
        "IRff": 0.0930910401291509,
        "IRff_err": 0.032850746153959,
        "IRff_ref": "Mannings2021",
        "Lnu_r": 3.1143538142557143e+22,
        "Lnu_r_err": 1.5571769071278573e+21,
        "M_r": -22.133419875469542,
        "M_r_err": 0.054286810237906484,
        "Mstar": 53703179637.0,
        "Mstar_loerr": 9034820422.0,
        "Mstar_ref": "Gordon2023",
        "Mstar_spec": 653357005.8914059,
        "Mstar_uperr": 9392554811.0,
        "Mtotal": 83176377110.0,
        "Mtotal_loerr": 15568079571.0,
        "Mtotal_ref": "Gordon2023",
        "Mtotal_uperr": 16823622890.0,
        "SFR_SED": 18.28,
        "SFR_SED_loerr": 8.95,
        "SFR_SED_ref": "Gordon2023",
        "SFR_SED_uperr": 17.24,
        "SFR_nebular": 8.073219746085142,
        "SFR_photom": 8.798661549443842,
        "SFR_photom_err": 15.347683341365677,
        "SMStar": 32186674.458193168,
        "SMStar_err": 700014.6763002496,
        "SMStar_ref": "Mannings2021",
        "SSFR": 0.0047306056245165,
        "SSFR_err": NaN,
        "SSFR_ref": "Mannings2021",
        "UV_SB": 0.0008831246699894,
        "UV_SB_err": NaN,
        "UV_SB_ref": "Mannings2021",
        "UV_global": 21.228,
        "UV_global_err": 0.02,
        "UV_global_ref": "Mannings2021",
        "UVff": 0.2902421996760106,
        "UVff_err": 0.2548559926331037,
        "UVff_ref": "Mannings2021",
        "Z_gas": 0.8317637711,
        "Z_gas_loerr": 0.1861095421,
        "Z_gas_ref": "Gordon2023",
        "Z_gas_uperr": 0.2397555341,
        "Z_photom": 0.006268033897455279,
        "Z_photom_err": 0.012796764888744974,
        "Z_spec": 0.22,
        "Z_stellar": 0.301995172,
        "Z_stellar_loerr": 0.06211188014,
        "Z_stellar_ref": "Gordon2023",
        "Z_stellar_uperr": 0.08704997295,
        "age_mass": 3.89,
        "age_mass_loerr": 1.56,
        "age_mass_ref": "Gordon2023",
        "age_mass_uperr": 1.68,
        "agn_tau": -999.0,
        "agn_tau_loerr": -999.0,
        "agn_tau_ref": "Gordon2023",
        "agn_tau_uperr": -999.0,
        "f_AGN": -999.0,
        "f_AGN_loerr": -999.0,
        "f_AGN_ref": "Gordon2023",
        "f_AGN_uperr": -999.0,
        "lg_sSFR": -9.35,
        "lg_sSFR_loerr": 0.26,
        "lg_sSFR_ref": "Gordon2023",
        "lg_sSFR_uperr": 0.27,
        "reff_iso": 1.5757354618607762,
        "reff_iso_err": 0.170932393116676,
        "reff_iso_ref": "Mannings2021",
        "u-r": 1.6732980598610738,
        "u-r_err": 0.18902955715934988,
        "z_SED": 0.2342,
        "z_SED_loerr": 0.0,
        "z_SED_ref": "Gordon2023",
        "z_SED_uperr": 0.0
    },
    "morphology": {
        "PA": 40.04,
        "PA_err": 0.42,
        "b/a": 0.55,
        "b/a_err": 0.0,
        "dec": -54.74866159039601,
        "dec_err": 0.00504,
        "n": 0.6,
        "n_err": 0.01,
        "ra": 323.35252332452,
        "ra_err": 0.00504,
        "reff_ang": 1.4439600000000001,
        "reff_ang_err": 0.00756,
        "reff_kpc": 5.550136137106041,
        "reff_kpc_err": 0.029058304382754144
    },
    "neb_lines": {
        "Halpha": 2.73763194724966e-15,
        "Halpha_err": 2.585608398766268e-17,
        "Hbeta": 5.012551825111125e-16,
        "Hbeta_err": 3.021912043349463e-17,
        "Hgamma": 1.4943638299304037e-17,
        "Hgamma_err": 4.2957240901460776e-17,
        "[NII] 6584": 1.3908518920407386e-15,
        "[NII] 6584_err": 1.946529971625527e-17,
        "[OIII] 5007": 3.6177312160783686e-16,
        "[OIII] 5007_err": 3.4581101653134785e-17
    },
    "offsets": {
        "ang_avg": 0.9900155943104287,
        "ang_avg_err": 0.20378259273734756,
        "ang_best": 0.9479413599948026,
        "ang_best_err": 0.20808072062543884,
        "physical": 3.6435937269485312,
        "physical_err": 0.7997980047773585
    },
    "photom": {
        "DECaL_g": 19.176352207518754,
        "DECaL_g_err": 0.008237607741,
        "DECaL_g_flux": 0.07752809474225252,
        "DECaL_g_flux_err": 0.0005904518156029724,
        "DECaL_g_ref": "Gordon2023",
        "DECaL_r": 18.35644388280445,
        "DECaL_r_err": 0.002779297299,
        "DECaL_r_flux": 0.16497663501671725,
        "DECaL_r_flux_err": 0.00042285269669324187,
        "DECaL_r_ref": "Gordon2023",
        "DECaL_z": 17.73365638597596,
        "DECaL_z_err": 0.003868579134,
        "DECaL_z_flux": 0.2927773259620316,
        "DECaL_z_flux_err": 0.001045053563591429,
        "DECaL_z_ref": "Gordon2023",
        "DELVE_g": 19.177631669620418,
        "DELVE_g_err": 0.008388,
        "DELVE_g_flux": 0.07743678726360273,
        "DELVE_g_flux_err": 0.0006005651240703083,
        "DELVE_i": 17.956235263713772,
        "DELVE_i_err": 0.005464,
        "DELVE_i_flux": 0.23850961359169456,
        "DELVE_i_flux_err": 0.0012033321436155692,
        "DELVE_r": 18.370239258135854,
        "DELVE_r_err": 0.005294,
        "DELVE_r_flux": 0.1628937011159994,
        "DELVE_r_flux_err": 0.0007962017691654529,
        "DELVE_z": 17.791458748963084,
        "DELVE_z_err": 0.00841,
        "DELVE_z_flux": 0.2775981034599679,
        "DELVE_z_flux_err": 0.00215859544479729,
        "DES_Y": 17.63739225550057,
        "DES_Y_err": 0.011325641,
        "DES_Y_flux": 0.31992125300908186,
        "DES_Y_flux_err": 0.0033546611607634326,
        "DES_Y_ref": "Heintz2020",
        "DES_g": 19.136268669620417,
        "DES_g_err": 0.0034412236,
        "DES_g_flux": 0.08044379052683032,
        "DES_g_flux_err": 0.0002553697936864556,
        "DES_g_ref": "Heintz2020",
        "DES_i": 17.917514263713773,
        "DES_i_err": 0.0023633414,
        "DES_i_flux": 0.2471691640812011,
        "DES_i_flux_err": 0.0005386035178837401,
        "DES_i_ref": "Heintz2020",
        "DES_r": 18.35024025813585,
        "DES_r_err": 0.0021133334,
        "DES_r_flux": 0.16592196830516784,
        "DES_r_flux_err": 0.00032327366221477364,
        "DES_r_ref": "Heintz2020",
        "DES_z": 17.745431748963085,
        "DES_z_err": 0.0041287243,
        "DES_z_flux": 0.28961916341136595,
        "DES_z_flux_err": 0.0011034301963260568,
        "DES_z_ref": "Heintz2020",
        "EBV": 0.0242,
        "VISTA_H": 17.08699423269419,
        "VISTA_H_err": 0.01009752445,
        "VISTA_H_flux": 0.5311317961805693,
        "VISTA_H_flux_err": 0.004962653632077801,
        "VISTA_H_ref": "Gordon2023",
        "VISTA_J": 17.297194232694192,
        "VISTA_J_err": 0.01016070864,
        "VISTA_J_flux": 0.4376453326526266,
        "VISTA_J_flux_err": 0.004114866083349332,
        "VISTA_J_ref": "Gordon2023",
        "VISTA_Ks": 16.900812517102054,
        "VISTA_Ks_err": 0.01004041832,
        "VISTA_Ks_flux": 0.6304853321767568,
        "VISTA_Ks_flux_err": 0.005857497421536979,
        "VISTA_Ks_ref": "Gordon2023",
        "WFC3_F160W": 17.12260292742892,
        "WFC3_F160W_err": 0.001,
        "WFC3_F160W_flux": 0.5139949159731921,
        "WFC3_F160W_flux_err": 0.0004736248913992426,
        "WFC3_F160W_ref": "Mannings2021",
        "WFC3_F300X": 21.074552487726084,
        "WFC3_F300X_err": 0.02,
        "WFC3_F300X_flux": 0.013495189869395966,