{
    "FRB": "FRB20190714A",
    "cosmo": "Planck18",
    "dec": -13.0211,
    "dec_FRB": -13.021,
    "derived": {
        "AV_nebular": 0.8937382578274335,
        "AV_old": 0.69,
        "AV_old_loerr": 0.19,
        "AV_old_ref": "Gordon2023",
        "AV_old_uperr": 0.32,
        "AV_young": 1.05,
        "AV_young_loerr": 0.27,
        "AV_young_ref": "Gordon2023",
        "AV_young_uperr": 0.28,
        "EBV_photom": 0.7951065617403013,
        "EBV_photom_err": 0.094822846007049,
        "EBV_spec": 0.7679064402192043,
        "IR_SB": 0.0180018095530831,
        "IR_SB_err": 0.0001025560114346,
        "IR_SB_ref": "Mannings2021",
        "IR_global": 18.896,
        "IR_global_err": 0.002,
        "IR_global_ref": "Mannings2021",
        "IRfe": 0.2300030306134328,
        "IRfe_err": 0.100582881177758,
        "IRfe_ref": "Mannings2021",
        "IRff": 0.3426487708014895,
        "IRff_err": 0.2336668768280154,
        "IRff_ref": "Mannings2021",
        "Lnu_r": 4.0452813509357947e+21,
        "Lnu_r_err": 2.0226406754678974e+20,
        "M_r": -19.9173718308841,
        "M_r_err": 0.05428681023790647,
        "Mstar": 16595869074.0,
        "Mstar_loerr": 1460256590.0,
        "Mstar_ref": "Gordon2023",
        "Mstar_spec": 35974297330.31314,
        "Mstar_uperr": 1601139512.0,
        "Mtotal": 26302679919.0,
        "Mtotal_loerr": 2860391766.0,
        "Mtotal_ref": "Gordon2023",
        "Mtotal_uperr": 2537635112.0,
        "SFR_SED": 1.89,
        "SFR_SED_loerr": 0.72,
        "SFR_SED_ref": "Gordon2023",
        "SFR_SED_uperr": 1.22,
        "SFR_nebular": 0.6517875585098107,
        "SFR_photom": 3.792011527201167,
        "SFR_photom_err": 3.447362817390108,
        "SMStar": 175180387.8726108,
        "SMStar_err": 1756319.3585903589,
        "SMStar_ref": "Mannings2021",
        "SSFR": 0.006020807349037,
        "SSFR_err": NaN,
        "SSFR_ref": "Mannings2021",
        "UV_SB": 0.0011171799200089,
        "UV_SB_err": NaN,
        "UV_SB_ref": "Mannings2021",
        "UV_global": 23.072,
        "UV_global_err": 0.053,
        "UV_global_ref": "Mannings2021",
        "UVff": 0.3843787242666406,
        "UVff_err": 0.3104861544220788,
        "UVff_ref": "Mannings2021",
        "Z_gas": 1.318256739,
        "Z_gas_loerr": 0.5054262224,
        "Z_gas_ref": "Gordon2023",
        "Z_gas_uperr": 0.8695048854,
        "Z_photom": 0.010301406229677587,
        "Z_photom_err": 0.013541015560233112,
        "Z_spec": 0.021165056925555672,
        "Z_stellar": 0.8128305162,
        "Z_stellar_loerr": 0.5837437509,
        "Z_stellar_ref": "Gordon2023",
        "Z_stellar_uperr": 0.5361323664,
        "age_mass": 5.48,
        "age_mass_loerr": 1.02,
        "age_mass_ref": "Gordon2023",
        "age_mass_uperr": 0.75,
        "agn_tau": 29.44,
        "agn_tau_loerr": 19.27,
        "agn_tau_ref": "Gordon2023",
        "agn_tau_uperr": 45.38,
        "f_AGN": 0.000512861384,
        "f_AGN_loerr": 0.0004649983748,
        "f_AGN_ref": "Gordon2023",
        "f_AGN_uperr": 0.006731498217,
        "lg_sSFR": -9.8,
        "lg_sSFR_loerr": 0.17,
        "lg_sSFR_ref": "Gordon2023",
        "lg_sSFR_uperr": 0.22,
        "reff_iso": 1.051536054538713,
        "reff_iso_err": 0.0904424519389223,
        "reff_iso_ref": "Mannings2021",
        "u-r": 1.1902857592287053,
        "u-r_err": 0.1727341673061109,
        "z_SED": 0.2365,
        "z_SED_loerr": 0.0,
        "z_SED_ref": "Gordon2023",
        "z_SED_uperr": 0.0
    },
    "morphology": {
        "PA": 12.55,
        "PA_err": 0.3,
        "b/a": 0.46,
        "b/a_err": 0.0,
        "dec": -13.021104400204903,
        "dec_err": 0.009016230389873207,
        "n": 0.71,
        "n_err": 0.01,
        "ra": 183.9795350196667,
        "ra_err": 0.004508115194936603,
        "reff_ang": 0.9937173922553112,
        "reff_ang_err": 0.007728197477034176,
        "reff_kpc": 3.850037364149795,
        "reff_kpc_err": 0.029941962650549284
    },
    "neb_lines": {
        "Halpha": 3.8872853356681775e-16,
        "Halpha_err": 2.673153504459208e-18,
        "Hbeta": 9.700835133796142e-17,
        "Hbeta_err": 2.5168661264971823e-18,
        "[NII] 6584": 1.6956091609306122e-16,
        "[NII] 6584_err": 2.7625773658311128e-18,
        "[OIII] 5007": 3.061831927752732e-17,
        "[OIII] 5007_err": 2.8560377998839207e-18
    },
    "offsets": {
        "ang_avg": 0.8640120284828674,
        "ang_avg_err": 0.4190235292925353,
        "ang_best": 0.6864315180805145,
        "ang_best_err": 0.4550995009616386,
        "physical": 2.6594955599419032,
        "physical_err": 1.7632277514350505
    },
    "photom": {
        "DELVE_g": 20.824399392406313,
        "DELVE_g_err": 0.032022,
        "DELVE_g_flux": 0.016991833245102162,
        "DELVE_g_flux_err": 0.0005086095505954026,
        "DELVE_i": 19.686407888058554,
        "DELVE_i_err": 0.020124,
        "DELVE_i_flux": 0.04846596217952299,
        "DELVE_i_flux_err": 0.000906687950829718,
        "DELVE_r": 20.086641847261397,
        "DELVE_r_err": 0.032254,
        "DELVE_r_flux": 0.033523029203358,
        "DELVE_r_flux_err": 0.0010108094336187918,
        "DELVE_z": 19.509274315225912,
        "DELVE_z_err": 0.034633,
        "DELVE_z_flux": 0.05705454787801134,
        "DELVE_z_flux_err": 0.0018492731884400598,
        "EBV": 0.0525,
        "Pan-STARRS_g": 20.907203013490285,
        "Pan-STARRS_g_err": 0.04324100167,
        "Pan-STARRS_g_flux": 0.015744134415761946,
        "Pan-STARRS_g_flux_err": 0.0006396863990369857,
        "Pan-STARRS_g_ref": "Gordon2023",
        "Pan-STARRS_i": 19.836116884294857,
        "Pan-STARRS_i_err": 0.02205199935,
        "Pan-STARRS_i_flux": 0.04222340379534297,
        "Pan-STARRS_i_flux_err": 0.0008663527460285471,
        "Pan-STARRS_i_ref": "Gordon2023",
        "Pan-STARRS_r": 20.339864254973044,
        "Pan-STARRS_r_err": 0.03209400177,
        "Pan-STARRS_r_flux": 0.02654937442001702,
        "Pan-STARRS_r_flux_err": 0.0007965049080648168,
        "Pan-STARRS_r_ref": "Gordon2023",
        "Pan-STARRS_y": 19.442511969605068,
        "Pan-STARRS_y_err": 0.06084499881,
        "Pan-STARRS_y_flux": 0.06067296327419008,
        "Pan-STARRS_y_flux_err": 0.003497209111789732,
        "Pan-STARRS_y_ref": "Gordon2023",
        "Pan-STARRS_z": 19.644477332960566,
        "Pan-STARRS_z_err": 0.03058199957,
        "Pan-STARRS_z_flux": 0.05037430427590645,
        "Pan-STARRS_z_flux_err": 0.0014390681972240116,
        "Pan-STARRS_z_ref": "Gordon2023",
        "VISTA_H": 18.796677134617983,
        "VISTA_H_err": 0.01203702621,
        "VISTA_H_flux": 0.10998390629590934,
        "VISTA_H_flux_err": 0.0012261219184121928,
        "VISTA_H_ref": "Gordon2023",
        "VISTA_J": 18.896777134617984,
        "VISTA_J_err": 0.01318938968,
        "VISTA_J_flux": 0.10029727655059398,
        "VISTA_J_flux_err": 0.0012258294996246586,
        "VISTA_J_ref": "Gordon2023",
        "VISTA_Ks": 18.79049267584074,
        "VISTA_Ks_err": 0.01268227109,
        "VISTA_Ks_flux": 0.11061217293367703,
        "VISTA_Ks_flux_err": 0.001299614533548355,
        "VISTA_Ks_ref": "Gordon2023",
        "VISTA_Y": 19.48262225113021,
        "VISTA_Y_err": 0.01554380906,
        "VISTA_Y_flux": 0.05847242342958684,
        "VISTA_Y_flux_err": 0.0008431341832309161,
        "VISTA_Y_ref": "Gordon2023",
        "VLT_FORS2_I": 19.50997459959436,
        "VLT_FORS2_I_err": 0.1,
        "VLT_FORS2_I_flux": 0.05701776037326486,
        "VLT_FORS2_I_flux_err": 0.0055009706689369735,
        "VLT_FORS2_I_ref": "Gordon2023",
        "VLT_FORS2_g": 20.50029066937294,
        "VLT_FORS2_g_err": 0.1,
        "VLT_FORS2_g_flux": 0.02290254401957885,
        "VLT_FORS2_g_flux_err": 0.0022095961340988586,
        "VLT_FORS2_g_ref": "Gordon2023",
        "WFC3_F160W": 18.88410724640772,
        "WFC3_F160W_err": 0.002,
        "WFC3_F160W_flux": 0.10147454104264886,
        "WFC3_F160W_flux_err": 0.00018709528063570583,