{
    "FRB": "FRB20190714A",
    "cosmo": "Planck18",
    "dec": -13.0211,
    "dec_FRB": -13.021,
    "derived": {
        "AV_nebular": 0.9640950136105996,
        "AV_old": 0.69,
        "AV_old_loerr": 0.19,
        "AV_old_ref": "Gordon2023",
        "AV_old_uperr": 0.32,
        "AV_young": 1.05,
        "AV_young_loerr": 0.27,
        "AV_young_ref": "Gordon2023",
        "AV_young_uperr": 0.28,
        "EBV_photom": 0.7951065617403013,
        "EBV_photom_err": 0.094822846007049,
        "EBV_spec": 0.7679064402192043,
        "IR_SB": 0.0180018095530831,
        "IR_SB_err": 0.0001025560114346,
        "IR_SB_ref": "Mannings2021",
        "IR_global": 18.896,
        "IR_global_err": 0.002,
        "IR_global_ref": "Mannings2021",
        "IRfe": 0.2300030306134328,
        "IRfe_err": 0.100582881177758,
        "IRfe_ref": "Mannings2021",
        "IRff": 0.3426487708014895,
        "IRff_err": 0.2336668768280154,
        "IRff_ref": "Mannings2021",
        "Lnu_r": 4.0452813509357947e+21,
        "Lnu_r_err": 2.0226406754678974e+20,
        "M_r": -19.9173718308841,
        "M_r_err": 0.05428681023790647,
        "Mstar": 16595869074.0,
        "Mstar_loerr": 1460256590.0,
        "Mstar_ref": "Gordon2023",
        "Mstar_spec": 35974297330.31314,
        "Mstar_uperr": 1601139512.0,
        "Mtotal": 26302679919.0,
        "Mtotal_loerr": 2860391766.0,
        "Mtotal_ref": "Gordon2023",
        "Mtotal_uperr": 2537635112.0,
        "SFR_SED": 1.89,
        "SFR_SED_loerr": 0.72,
        "SFR_SED_ref": "Gordon2023",
        "SFR_SED_uperr": 1.22,
        "SFR_nebular": 0.6966428193367954,
        "SFR_photom": 3.792011527201167,
        "SFR_photom_err": 3.447362817390108,
        "SMStar": 175180387.8726108,
        "SMStar_err": 1756319.3585903589,
        "SMStar_ref": "Mannings2021",
        "SSFR": 0.006020807349037,
        "SSFR_err": NaN,
        "SSFR_ref": "Mannings2021",
        "UV_SB": 0.0011171799200089,
        "UV_SB_err": NaN,
        "UV_SB_ref": "Mannings2021",
        "UV_global": 23.072,
        "UV_global_err": 0.053,
        "UV_global_ref": "Mannings2021",
        "UVff": 0.3843787242666406,
        "UVff_err": 0.3104861544220788,
        "UVff_ref": "Mannings2021",
        "Z_gas": 1.318256739,
        "Z_gas_loerr": 0.5054262224,
        "Z_gas_ref": "Gordon2023",
        "Z_gas_uperr": 0.8695048854,
        "Z_photom": 0.010301406229677587,
        "Z_photom_err": 0.013541015560233112,
        "Z_spec": 0.021165056925555672,
        "Z_stellar": 0.8128305162,
        "Z_stellar_loerr": 0.5837437509,
        "Z_stellar_ref": "Gordon2023",
        "Z_stellar_uperr": 0.5361323664,
        "age_mass": 5.48,
        "age_mass_loerr": 1.02,
        "age_mass_ref": "Gordon2023",
        "age_mass_uperr": 0.75,
        "agn_tau": 29.44,
        "agn_tau_loerr": 19.27,
        "agn_tau_ref": "Gordon2023",
        "agn_tau_uperr": 45.38,
        "f_AGN": 0.000512861384,
        "f_AGN_loerr": 0.0004649983748,
        "f_AGN_ref": "Gordon2023",
        "f_AGN_uperr": 0.006731498217,
        "lg_sSFR": -9.8,
        "lg_sSFR_loerr": 0.17,
        "lg_sSFR_ref": "Gordon2023",
        "lg_sSFR_uperr": 0.22,
        "reff_iso": 1.051536054538713,
        "reff_iso_err": 0.0904424519389223,
        "reff_iso_ref": "Mannings2021",
        "u-r": 1.1902857592287053,
        "u-r_err": 0.1727341673061109,
        "z_SED": 0.2365,
        "z_SED_loerr": 0.0,
        "z_SED_ref": "Gordon2023",
        "z_SED_uperr": 0.0
    },
    "morphology": {
        "PA": 12.55,
        "PA_err": 0.3,
        "b/a": 0.46,
        "b/a_err": 0.0,
        "dec": -13.021104400204903,
        "dec_err": 0.009016230389873207,
        "n": 0.71,
        "n_err": 0.01,
        "ra": 183.9795350196667,
        "ra_err": 0.004508115194936603,
        "reff_ang": 0.9937173922553112,
        "reff_ang_err": 0.007728197477034176,
        "reff_kpc": 3.850037364149795,
        "reff_kpc_err": 0.029941962650549284
    },
    "neb_lines": {
        "Halpha": 3.8872853356681775e-16,
        "Halpha_err": 2.673153504459208e-18,
        "Hbeta": 9.700835133796142e-17,
        "Hbeta_err": 2.5168661264971823e-18,
        "[NII] 6584": 1.6956091609306122e-16,
        "[NII] 6584_err": 2.7625773658311128e-18,
        "[OIII] 5007": 3.061831927752732e-17,
        "[OIII] 5007_err": 2.8560377998839207e-18
    },
    "offsets": {
        "ang_avg": 0.8640120285283329,
        "ang_avg_err": 0.4190235293030717,
        "ang_best": 0.6864315181441728,
        "ang_best_err": 0.45509950096424084,
        "physical": 2.6594955601885393,
        "physical_err": 1.7632277514451324
    },
    "photom": {
        "DECaL_g": 20.825547528880143,
        "DECaL_g_err": 0.011673713718655058,
        "DECaL_g_flux": 0.0169738743413029,
        "DECaL_g_flux_err": 0.00018250119033373893,
        "DECaL_r": 19.98732238082297,
        "DECaL_r_err": 0.012026239536832484,
        "DECaL_r_flux": 0.03673423855133723,
        "DECaL_r_flux_err": 0.00040688958338636446,
        "DECaL_z": 19.421776922235253,
        "DECaL_z_err": 0.011102636174143336,
        "DECaL_z_flux": 0.06184281151859292,
        "DECaL_z_flux_err": 0.0006323987661717669,
        "DELVE_g": 20.827626842108685,
        "DELVE_g_err": 0.032022,
        "DELVE_g_flux": 0.016941398472142512,
        "DELVE_g_flux_err": 0.0004996586274801441,
        "DELVE_i": 19.681198847658415,
        "DELVE_i_err": 0.020124,
        "DELVE_i_flux": 0.04869904618324943,
        "DELVE_i_flux_err": 0.000902631413686745,
        "DELVE_r": 20.08474441000829,
        "DELVE_r_err": 0.032254,
        "DELVE_r_flux": 0.03358166541465059,
        "DELVE_r_flux_err": 0.0009976116035712679,
        "DELVE_z": 19.503578891461856,
        "DELVE_z_err": 0.034633,
        "DELVE_z_flux": 0.05735462409349527,
        "DELVE_z_flux_err": 0.001829507653447483,
        "EBV": 0.0525,
        "Pan-STARRS_g": 20.910414133538797,
        "Pan-STARRS_g_err": 0.043241001665592194,
        "Pan-STARRS_g_flux": 0.015697639127427554,
        "Pan-STARRS_g_flux_err": 0.0006251809939470269,
        "Pan-STARRS_g_ref": "Bhandari2021",
        "Pan-STARRS_i": 19.831346397672103,
        "Pan-STARRS_i_err": 0.02205199934542179,
        "Pan-STARRS_i_flux": 0.04240933233131939,
        "Pan-STARRS_i_flux_err": 0.0008613607658209834,
        "Pan-STARRS_i_ref": "Bhandari2021",
        "Pan-STARRS_r": 20.338943423889287,
        "Pan-STARRS_r_err": 0.03209400177001953,
        "Pan-STARRS_r_flux": 0.0265719009409227,
        "Pan-STARRS_r_flux_err": 0.0007854565704758234,
        "Pan-STARRS_r_ref": "Bhandari2021",
        "Pan-STARRS_y": 19.437316859489773,
        "Pan-STARRS_y_err": 0.06084499880671501,
        "Pan-STARRS_y_flux": 0.06096397137596553,
        "Pan-STARRS_y_flux_err": 0.0034164401531121148,
        "Pan-STARRS_y_ref": "Bhandari2021",
        "Pan-STARRS_z": 19.638466066850256,
        "Pan-STARRS_z_err": 0.030581999570131302,
        "Pan-STARRS_z_flux": 0.050653979183370515,
        "Pan-STARRS_z_flux_err": 0.0014267737990337824,
        "Pan-STARRS_z_ref": "Bhandari2021",
        "VISTA_H": 18.79274346209979,
        "VISTA_H_err": 0.01203702621,
        "VISTA_H_flux": 0.11038310580099141,
        "VISTA_H_flux_err": 0.001223763499683359,
        "VISTA_H_ref": "Gordon2023",
        "VISTA_J": 18.89284346209979,
        "VISTA_J_err": 0.01318938968,
        "VISTA_J_flux": 0.10066131729535853,
        "VISTA_J_flux_err": 0.0012228212835606526,
        "VISTA_J_ref": "Gordon2023",
        "VISTA_Ks": 18.78766061433174,
        "VISTA_Ks_err": 0.01268227109,
        "VISTA_Ks_flux": 0.11090107311929998,
        "VISTA_Ks_flux_err": 0.0012954136256183857,
        "VISTA_Ks_ref": "Gordon2023",
        "VISTA_Y": 19.47835978264017,
        "VISTA_Y_err": 0.01554380906,
        "VISTA_Y_flux": 0.0587024302572075,
        "VISTA_Y_flux_err": 0.0008404061348209987,
        "VISTA_Y_ref": "Gordon2023",
        "VLT_FORS2_I": 19.52246767008302,