{
    "FRB": "FRB20190714A",
    "cosmo": "Planck18",
    "dec": -13.0211,
    "dec_FRB": -13.021,
    "derived": {
        "AV_nebular": 0.8937382578274335,
        "EBV_photom": 0.7951065617403013,
        "EBV_photom_err": 0.094822846007049,
        "EBV_spec": 0.7679064402192043,
        "IR_SB": 0.0180018095530831,
        "IR_SB_err": 0.0001025560114346,
        "IR_SB_ref": "Mannings2021",
        "IR_global": 18.896,
        "IR_global_err": 0.002,
        "IR_global_ref": "Mannings2021",
        "IRfe": 0.2300030306134328,
        "IRfe_err": 0.100582881177758,
        "IRfe_ref": "Mannings2021",
        "IRff": 0.3426487708014895,
        "IRff_err": 0.2336668768280154,
        "IRff_ref": "Mannings2021",
        "Lnu_r": 4.0452813509357947e+21,
        "Lnu_r_err": 2.0226406754678974e+20,
        "M_r": -19.9173718308841,
        "M_r_err": 0.05428681023790647,
        "Mstar": 14921719140.801702,
        "Mstar_err": 7059485336.6699295,
        "Mstar_spec": 35974297330.31314,
        "SFR_nebular": 0.6517875585098107,
        "SFR_photom": 3.792011527201167,
        "SFR_photom_err": 3.447362817390108,
        "SMStar": 175180387.8726108,
        "SMStar_err": 1756319.3585903589,
        "SMStar_ref": "Mannings2021",
        "SSFR": 0.006020807349037,
        "SSFR_err": NaN,
        "SSFR_ref": "Mannings2021",
        "UV_SB": 0.0011171799200089,
        "UV_SB_err": NaN,
        "UV_SB_ref": "Mannings2021",
        "UV_global": 23.072,
        "UV_global_err": 0.053,
        "UV_global_ref": "Mannings2021",
        "UVff": 0.3843787242666406,
        "UVff_err": 0.3104861544220788,
        "UVff_ref": "Mannings2021",
        "Z_photom": 0.010301406229677587,
        "Z_photom_err": 0.013541015560233112,
        "Z_spec": 0.021165056925555672,
        "age_mass": 1593.169794078287,
        "f_AGN": 0.16865649786329612,
        "f_AGN_err": 0.04872826602454149,
        "reff_iso": 1.051536054538713,
        "reff_iso_err": 0.0904424519389223,
        "reff_iso_ref": "Mannings2021",
        "u-r": 1.1902857592287053,
        "u-r_err": 0.1727341673061109
    },
    "morphology": {
        "PA": 12.55,
        "PA_err": 0.3,
        "b/a": 0.46,
        "b/a_err": 0.0,
        "dec": -13.021104400204903,
        "dec_err": 0.009016230389873207,
        "n": 0.71,
        "n_err": 0.01,
        "ra": 183.9795350196667,
        "ra_err": 0.004508115194936603,
        "reff_ang": 0.9937173922553112,
        "reff_ang_err": 0.007728197477034176,
        "reff_kpc": 3.850037364149795,
        "reff_kpc_err": 0.029941962650549284
    },
    "neb_lines": {
        "Halpha": 3.8872853356681775e-16,
        "Halpha_err": 2.673153504459208e-18,
        "Hbeta": 9.700835133796142e-17,
        "Hbeta_err": 2.5168661264971823e-18,
        "[NII] 6584": 1.6956091609306122e-16,
        "[NII] 6584_err": 2.7625773658311128e-18,
        "[OIII] 5007": 3.061831927752732e-17,
        "[OIII] 5007_err": 2.8560377998839207e-18
    },
    "offsets": {
        "ang_avg": 0.8640120284828674,
        "ang_avg_err": 0.4190235292925353,
        "ang_best": 0.6864315180805145,
        "ang_best_err": 0.4550995009616386,
        "physical": 2.6594955599419032,
        "physical_err": 1.7632277514350505
    },
    "photom": {
        "EBV": 0.0525,
        "Pan-STARRS_g": 20.907203012669974,
        "Pan-STARRS_g_err": 0.043241001665592194,
        "Pan-STARRS_g_flux": 0.015744134427657205,
        "Pan-STARRS_g_flux_err": 0.0006396863994537787,
        "Pan-STARRS_g_ref": "Bhandari2021",
        "Pan-STARRS_i": 19.836116885579035,
        "Pan-STARRS_i_err": 0.02205199934542179,
        "Pan-STARRS_i_flux": 0.04222340374540236,
        "Pan-STARRS_i_flux_err": 0.0008663527448221534,
        "Pan-STARRS_i_ref": "Bhandari2021",
        "Pan-STARRS_r": 20.339864250500387,
        "Pan-STARRS_r_err": 0.03209400177001953,
        "Pan-STARRS_r_flux": 0.026549374529386372,
        "Pan-STARRS_r_flux_err": 0.0007965049113464901,
        "Pan-STARRS_r_ref": "Bhandari2021",
        "Pan-STARRS_y": 19.442511968926357,
        "Pan-STARRS_y_err": 0.06084499880671501,
        "Pan-STARRS_y_flux": 0.06067296331211768,
        "Pan-STARRS_y_flux_err": 0.0034972091137817447,
        "Pan-STARRS_y_ref": "Bhandari2021",
        "Pan-STARRS_z": 19.644477330211544,
        "Pan-STARRS_z_err": 0.030581999570131302,
        "Pan-STARRS_z_flux": 0.05037430440345137,
        "Pan-STARRS_z_flux_err": 0.0014390682008739153,
        "Pan-STARRS_z_ref": "Bhandari2021",
        "VISTA_H": 17.132712312875416,
        "VISTA_H_err": 0.104844,
        "VISTA_H_flux": 0.14451766130407015,
        "VISTA_H_flux_err": 0.014651352289955507,
        "VISTA_H_ref": "Bhandari2021",
        "VISTA_J": 17.650968168944566,
        "VISTA_J_err": 0.088091,
        "VISTA_J_flux": 0.1352297144148124,
        "VISTA_J_flux_err": 0.011429221913971685,
        "VISTA_J_ref": "Bhandari2021",
        "VISTA_Ks": 16.547865310950563,
        "VISTA_Ks_err": 0.20064,
        "VISTA_Ks_flux": 0.16219903154503829,
        "VISTA_Ks_flux_err": 0.03292207795597645,
        "VISTA_Ks_ref": "Bhandari2021",
        "VISTA_Y": 18.13531873003769,
        "VISTA_Y_err": 0.122342,
        "VISTA_Y_flux": 0.116268358855167,
        "VISTA_Y_flux_err": 0.01386790744878533,
        "VISTA_Y_ref": "Bhandari2021",
        "VLT_FORS2_I": 19.50997459959436,
        "VLT_FORS2_I_err": 0.1,
        "VLT_FORS2_I_flux": 0.05701776037326486,
        "VLT_FORS2_I_flux_err": 0.0055009706689369735,
        "VLT_FORS2_I_ref": "Bhandari2021",
        "VLT_FORS2_g": 20.50029066937294,
        "VLT_FORS2_g_err": 0.1,
        "VLT_FORS2_g_flux": 0.02290254401957885,
        "VLT_FORS2_g_flux_err": 0.0022095961340988586,
        "VLT_FORS2_g_ref": "Bhandari2021",
        "WFC3_F160W": 18.88410724640772,
        "WFC3_F160W_err": 0.002,
        "WFC3_F160W_flux": 0.10147454104264886,
        "WFC3_F160W_flux_err": 0.00018709528063570583,
        "WFC3_F160W_ref": "Bhandari2021",
        "WFC3_F300X": 22.73976539658209,
        "WFC3_F300X_err": 0.053,
        "WFC3_F300X_flux": 0.0029113460889291466,
        "WFC3_F300X_flux_err": 0.00014564262711529294,
        "WFC3_F300X_ref": "Mannings2021",
        "WISE_W1": 19.306978225708008,
        "WISE_W1_err": 0.24400000274181366,
        "WISE_W1_flux": 0.0687398836016655,
        "WISE_W1_flux_err": 0.017321588471531868,
        "WISE_W2": 19.110918045043945,
        "WISE_W2_err": 0.33000001311302185,
        "WISE_W2_flux": 0.08234415203332901,
        "WISE_W2_flux_err": 0.029247771948575974,
        "WISE_W3": 16.618215560913086,
        "WISE_W3_err": -999.0,
        "WISE_W3_flux": 0.8179251551628113,
        "WISE_W3_flux_err": -99.0,
        "WISE_W4": 14.919604301452637,
        "WISE_W4_err": -999.0,
        "WISE_W4_flux": 3.909834623336792,
        "WISE_W4_flux_err": -99.0
    },
    "positional_error": {
        "dec_astrometric": 0.0196,
        "dec_source": 0.000527,
        "ra_astrometric": 0.0281,
        "ra_source": 0.00102
    },
    "ra": 183.97954166666665,
    "ra_FRB": 183.9797083,
    "redshift": {
        "z": 0.2365,
        "z_FRB": 0.2365,
        "z_spec": 0.2365
    }
}