{
    "FRB": "FRB20200906A",
    "cosmo": "Planck18",
    "dec": -14.083158333333333,
    "dec_FRB": -14.08318333,
    "derived": {
        "AV_nebular": -1.8237285380756894,
        "AV_old": 0.2,
        "AV_old_loerr": 0.1,
        "AV_old_ref": "Gordon2023",
        "AV_old_uperr": 0.1,
        "AV_young": 1.09,
        "AV_young_loerr": 0.23,
        "AV_young_ref": "Gordon2023",
        "AV_young_uperr": 0.27,
        "EBV_photom": 0.20733776336900775,
        "EBV_photom_err": 0.06252468777009243,
        "EBV_spec": 0.0,
        "Lnu_r": 1.7275210060057788e+22,
        "Lnu_r_err": 8.637605030028895e+20,
        "M_r": -21.493558342339803,
        "M_r_err": 0.05428681023790647,
        "Mstar": 23442288153.0,
        "Mstar_loerr": 2549326845.0,
        "Mstar_ref": "Gordon2023",
        "Mstar_spec": 9278989857.022484,
        "Mstar_uperr": 2860391766.0,
        "Mtotal": 37153522910.0,
        "Mtotal_loerr": 4794157217.0,
        "Mtotal_ref": "Gordon2023",
        "Mtotal_uperr": 4533415437.0,
        "SFR_SED": 4.93,
        "SFR_SED_loerr": 2.34,
        "SFR_SED_ref": "Gordon2023",
        "SFR_SED_uperr": 3.46,
        "SFR_nebular": 0.4257416375174395,
        "SFR_photom": 5.67831398490529,
        "SFR_photom_err": 2.4864797294847176,
        "Z_gas": 0.5495408739,
        "Z_gas_loerr": 0.1421605961,
        "Z_gas_ref": "Gordon2023",
        "Z_gas_uperr": 0.2090367012,
        "Z_photom": 0.008748164694883123,
        "Z_photom_err": 0.012662702638458203,
        "Z_spec": -1.2072544579987683,
        "Z_stellar": 0.4073802778,
        "Z_stellar_loerr": 0.1189771275,
        "Z_stellar_ref": "Gordon2023",
        "Z_stellar_uperr": 0.2092147241,
        "age_mass": 4.3,
        "age_mass_loerr": 1.11,
        "age_mass_ref": "Gordon2023",
        "age_mass_uperr": 0.86,
        "agn_tau": 39.4,
        "agn_tau_loerr": 22.47,
        "agn_tau_ref": "Gordon2023",
        "agn_tau_uperr": 44.97,
        "f_AGN": 0.003981071706,
        "f_AGN_loerr": 0.003839817951,
        "f_AGN_ref": "Gordon2023",
        "f_AGN_uperr": 0.04849967432,
        "lg_sSFR": -9.5,
        "lg_sSFR_loerr": 0.18,
        "lg_sSFR_ref": "Gordon2023",
        "lg_sSFR_uperr": 0.16,
        "u-r": 1.2193560730362434,
        "u-r_err": 0.10652304799952482,
        "z_SED": 0.3688,
        "z_SED_loerr": 0.0,
        "z_SED_ref": "Gordon2023",
        "z_SED_uperr": 0.0
    },
    "morphology": {
        "PA": 32.89,
        "PA_err": 0.27,
        "b/a": 0.31,
        "b/a_err": 0.0,
        "dec": -14.08315862059242,
        "dec_err": 0.005009616000000001,
        "n": 0.87,
        "n_err": 0.02,
        "ra": 53.49584587766797,
        "ra_err": 0.0025048080000000003,
        "reff_ang": 1.442769408,
        "reff_ang_err": 0.010019232000000001,
        "reff_kpc": 7.602822358205208,
        "reff_kpc_err": 0.05279737748753618
    },
    "neb_lines": {
        "Halpha": 6.492647742208974e-16,
        "Halpha_err": 6.906362377457612e-18,
        "Hbeta": 4.2534815743928664e-16,
        "Hbeta_err": 1.4041374064245365e-17,
        "Hgamma": 9.815070364543318e-17,
        "Hgamma_err": 1.5120686765062233e-17,
        "[NII] 6584": 1.8022237508348238e-16,
        "[NII] 6584_err": 5.9954508106607905e-18,
        "[OIII] 5007": 5.3765512243969e-16,
        "[OIII] 5007_err": 1.663308801585378e-17,
        "[OII] 3726": 5.235685084522747e-16,
        "[OII] 3726_err": 2.3576530059598905e-17,
        "[OII] 3729": 8.822722099864922e-16,
        "[OII] 3729_err": 2.48361367519724e-17
    },
    "offsets": {
        "ang_avg": 1.2937224440915085,
        "ang_avg_err": 0.36019848434466945,
        "ang_best": 1.1674173129923517,
        "ang_best_err": 0.3817013679123679,
        "physical": 6.151826064067821,
        "physical_err": 2.0114147680359347
    },
    "photom": {
        "DECaL_g": 20.832032014722476,
        "DECaL_g_err": 0.008355442662833185,
        "DECaL_g_flux": 0.016872801154875442,
        "DECaL_g_flux_err": 0.00012984712307936115,
        "DECaL_r": 19.911287085696497,
        "DECaL_r_err": 0.005053484507352275,
        "DECaL_r_flux": 0.03939899646489143,
        "DECaL_r_flux_err": 0.00018337991988110047,
        "DECaL_z": 19.35754473965396,
        "DECaL_z_err": 0.008534563970571868,
        "DECaL_z_flux": 0.06561182206298279,
        "DECaL_z_flux_err": 0.0005157498572565791,
        "DELVE_g": 20.77140346464048,
        "DELVE_g_err": 0.032179,
        "DELVE_g_flux": 0.017841797603197138,
        "DELVE_g_flux_err": 0.0005287943816897773,
        "DELVE_i": 19.701145659219055,
        "DELVE_i_err": 0.024637,
        "DELVE_i_flux": 0.04781253061767715,
        "DELVE_i_flux_err": 0.0010849387831643016,
        "DELVE_r": 19.94281096982749,
        "DELVE_r_err": 0.01748,
        "DELVE_r_flux": 0.038271510770153006,
        "DELVE_r_flux_err": 0.0006161588840185219,
        "DELVE_z": 19.462300911821576,
        "DELVE_z_err": 0.035518,
        "DELVE_z_flux": 0.05957713704900781,
        "DELVE_z_flux_err": 0.0019489639789418798,
        "DES_Y": 19.395058312393264,
        "DES_Y_err": 0.05968343,
        "DES_Y_flux": 0.06338356601601648,
        "DES_Y_flux_err": 0.0034842244450253275,
        "DES_Y_ref": "Gordon2023",
        "DES_g": 20.84215346464048,
        "DES_g_err": 0.013213313,
        "DES_g_flux": 0.016716240409056126,
        "DES_g_flux_err": 0.00020343515831942955,
        "DES_g_ref": "Gordon2023",
        "DES_i": 19.684114659219055,
        "DES_i_err": 0.012874102,
        "DES_i_flux": 0.04856843734785542,
        "DES_i_flux_err": 0.000575899572710844,
        "DES_i_ref": "Gordon2023",
        "DES_r": 19.95098796982749,
        "DES_r_err": 0.008466534,
        "DES_r_flux": 0.03798435938832429,
        "DES_r_flux_err": 0.0002962007427035272,
        "DES_r_ref": "Gordon2023",
        "DES_z": 19.420990911821576,
        "DES_z_err": 0.016132584,
        "DES_z_flux": 0.06188759835814833,
        "DES_z_flux_err": 0.0009195667185967203,
        "DES_z_ref": "Gordon2023",
        "EBV": 0.0411,
        "Pan-STARRS_g": 20.955191420694373,
        "Pan-STARRS_g_err": 0.05480099841952324,
        "Pan-STARRS_g_flux": 0.015063414474893424,
        "Pan-STARRS_g_flux_err": 0.0007603045281290525,
        "Pan-STARRS_g_ref": "Bhandari2021",
        "Pan-STARRS_i": 19.89865784294197,
        "Pan-STARRS_i_err": 0.022971000522375107,
        "Pan-STARRS_i_flux": 0.039859959869035406,
        "Pan-STARRS_i_flux_err": 0.0008433200946609655,
        "Pan-STARRS_i_ref": "Bhandari2021",
        "Pan-STARRS_r": 20.169018582206494,
        "Pan-STARRS_r_err": 0.027069000527262688,
        "Pan-STARRS_r_flux": 0.031073670870033286,
        "Pan-STARRS_r_flux_err": 0.0007747123191422894,
        "Pan-STARRS_r_ref": "Bhandari2021",
        "Pan-STARRS_y": 19.654008820436363,
        "Pan-STARRS_y_err": 0.08157800137996674,
        "Pan-STARRS_y_flux": 0.04993401255442247,
        "Pan-STARRS_y_flux_err": 0.0037518477575125297,
        "Pan-STARRS_y_ref": "Bhandari2021",
        "Pan-STARRS_z": 19.62067352109622,
        "Pan-STARRS_z_err": 0.031019000336527824,
        "Pan-STARRS_z_flux": 0.05149091221292289,
        "Pan-STARRS_z_flux_err": 0.0014710724541202793,
        "Pan-STARRS_z_ref": "Bhandari2021",
        "VISTA_J": 19.353582458580572,
        "VISTA_J_err": 0.01176605286,
        "VISTA_J_flux": 0.06585170301051252,
        "VISTA_J_flux_err": 0.0007136306361961261,
        "VISTA_J_ref": "Gordon2023",
        "VISTA_Ks": 18.84192550309265,
        "VISTA_Ks_err": 0.01104943437,
        "VISTA_Ks_flux": 0.10549449391710251,
        "VISTA_Ks_flux_err": 0.0010736074580777772,
        "VISTA_Ks_ref": "Gordon2023",
        "VLT_FORS2_I": 19.48919075815709,
        "VLT_FORS2_I_err": 0.0071228902622418,
        "VLT_FORS2_I_flux": 0.058119743777563126,
        "VLT_FORS2_I_flux_err": 0.00038129018373244327,
        "VLT_FORS2_I_ref": "Shannon2024",
        "VLT_FORS2_g": 20.755703427407006,