{
    "FRB": "FRB20200906A",
    "cosmo": "Planck18",
    "dec": -14.083158333333333,
    "dec_FRB": -14.08318333,
    "derived": {
        "AV_nebular": -1.6906383119498993,
        "AV_old": 0.2,
        "AV_old_loerr": 0.1,
        "AV_old_ref": "Gordon2023",
        "AV_old_uperr": 0.1,
        "AV_young": 1.09,
        "AV_young_loerr": 0.23,
        "AV_young_ref": "Gordon2023",
        "AV_young_uperr": 0.27,
        "EBV_photom": 0.20733776336900775,
        "EBV_photom_err": 0.06252468777009243,
        "EBV_spec": 0.0,
        "Lnu_r": 1.7275210060057788e+22,
        "Lnu_r_err": 8.637605030028895e+20,
        "M_r": -21.493558342339803,
        "M_r_err": 0.05428681023790647,
        "Mstar": 23442288153.0,
        "Mstar_loerr": 2549326845.0,
        "Mstar_ref": "Gordon2023",
        "Mstar_spec": 9278989857.022484,
        "Mstar_uperr": 2860391766.0,
        "Mtotal": 37153522910.0,
        "Mtotal_loerr": 4794157217.0,
        "Mtotal_ref": "Gordon2023",
        "Mtotal_uperr": 4533415437.0,
        "SFR_SED": 4.93,
        "SFR_SED_loerr": 2.34,
        "SFR_SED_ref": "Gordon2023",
        "SFR_SED_uperr": 3.46,
        "SFR_nebular": 0.4828614238918134,
        "SFR_photom": 5.67831398490529,
        "SFR_photom_err": 2.4864797294847176,
        "Z_gas": 0.5495408739,
        "Z_gas_loerr": 0.1421605961,
        "Z_gas_ref": "Gordon2023",
        "Z_gas_uperr": 0.2090367012,
        "Z_photom": 0.008748164694883123,
        "Z_photom_err": 0.012662702638458203,
        "Z_spec": -1.2072544579987683,
        "Z_stellar": 0.4073802778,
        "Z_stellar_loerr": 0.1189771275,
        "Z_stellar_ref": "Gordon2023",
        "Z_stellar_uperr": 0.2092147241,
        "age_mass": 4.3,
        "age_mass_loerr": 1.11,
        "age_mass_ref": "Gordon2023",
        "age_mass_uperr": 0.86,
        "agn_tau": 39.4,
        "agn_tau_loerr": 22.47,
        "agn_tau_ref": "Gordon2023",
        "agn_tau_uperr": 44.97,
        "f_AGN": 0.003981071706,
        "f_AGN_loerr": 0.003839817951,
        "f_AGN_ref": "Gordon2023",
        "f_AGN_uperr": 0.04849967432,
        "lg_sSFR": -9.5,
        "lg_sSFR_loerr": 0.18,
        "lg_sSFR_ref": "Gordon2023",
        "lg_sSFR_uperr": 0.16,
        "u-r": 1.2193560730362434,
        "u-r_err": 0.10652304799952482,
        "z_SED": 0.3688,
        "z_SED_loerr": 0.0,
        "z_SED_ref": "Gordon2023",
        "z_SED_uperr": 0.0
    },
    "morphology": {
        "PA": 32.89,
        "PA_err": 0.27,
        "b/a": 0.31,
        "b/a_err": 0.0,
        "dec": -14.08315862059242,
        "dec_err": 0.005009616000000001,
        "n": 0.87,
        "n_err": 0.02,
        "ra": 53.49584587766797,
        "ra_err": 0.0025048080000000003,
        "reff_ang": 1.442769408,
        "reff_ang_err": 0.010019232000000001,
        "reff_kpc": 7.602822358205208,
        "reff_kpc_err": 0.05279737748753618
    },
    "neb_lines": {
        "Halpha": 6.492647742208974e-16,
        "Halpha_err": 6.906362377457612e-18,
        "Hbeta": 4.2534815743928664e-16,
        "Hbeta_err": 1.4041374064245365e-17,
        "Hgamma": 9.815070364543318e-17,
        "Hgamma_err": 1.5120686765062233e-17,
        "[NII] 6584": 1.8022237508348238e-16,
        "[NII] 6584_err": 5.9954508106607905e-18,
        "[OIII] 5007": 5.3765512243969e-16,
        "[OIII] 5007_err": 1.663308801585378e-17,
        "[OII] 3726": 5.235685084522747e-16,
        "[OII] 3726_err": 2.3576530059598905e-17,
        "[OII] 3729": 8.822722099864922e-16,
        "[OII] 3729_err": 2.48361367519724e-17
    },
    "offsets": {
        "ang_avg": 1.2937224440915087,
        "ang_avg_err": 0.36019848434466945,
        "ang_best": 1.167417312992352,
        "ang_best_err": 0.3817013679123679,
        "physical": 6.151826064067822,
        "physical_err": 2.0114147680359347
    },
    "photom": {
        "DECaL_g": 20.813414321654463,
        "DECaL_g_err": 0.009995540285467985,
        "DECaL_g_flux": 0.017164622862235687,
        "DECaL_g_flux_err": 0.00015875114314188314,
        "DECaL_r": 19.882718100010415,
        "DECaL_r_err": 0.005342730647762669,
        "DECaL_r_flux": 0.04044946243382672,
        "DECaL_r_flux_err": 0.00019953574116810175,
        "DECaL_z": 19.32695975297825,
        "DECaL_z_err": 0.009569701696781988,
        "DECaL_z_flux": 0.06748637379819458,
        "DECaL_z_flux_err": 0.0005974554396216151,
        "DELVE_g": 20.7688784930785,
        "DELVE_g_err": 0.032179,
        "DELVE_g_flux": 0.01788333850035935,
        "DELVE_g_flux_err": 0.0005379581805453938,
        "DELVE_i": 19.705222657003894,
        "DELVE_i_err": 0.024637,
        "DELVE_i_flux": 0.0476333286633206,
        "DELVE_i_flux_err": 0.0010932290222411191,
        "DELVE_r": 19.94429256900737,
        "DELVE_r_err": 0.01748,
        "DELVE_r_flux": 0.03821932095854196,
        "DELVE_r_flux_err": 0.0006202985491611246,
        "DELVE_z": 19.466760052325817,
        "DELVE_z_err": 0.035518,
        "DELVE_z_flux": 0.05933295431974816,
        "DELVE_z_flux_err": 0.0019730728530894296,
        "DES_Y": 19.398757504610742,
        "DES_Y_err": 0.05968343,
        "DES_Y_flux": 0.06316798048013614,
        "DES_Y_flux_err": 0.0035695856872112663,
        "DES_Y_ref": "Gordon2023",
        "DES_g": 20.8396284930785,
        "DES_g_err": 0.013213313,
        "DES_g_flux": 0.016755160681509403,
        "DES_g_flux_err": 0.00020515463936581434,
        "DES_g_ref": "Gordon2023",
        "DES_i": 19.688191657003895,
        "DES_i_err": 0.012874102,
        "DES_i_flux": 0.04838640224575267,
        "DES_i_flux_err": 0.000577156142159637,
        "DES_i_ref": "Gordon2023",
        "DES_r": 19.95246956900737,
        "DES_r_err": 0.008466534,
        "DES_r_flux": 0.037932561157192304,
        "DES_r_flux_err": 0.00029695313230634874,
        "DES_r_ref": "Gordon2023",
        "DES_z": 19.425450052325818,
        "DES_z_err": 0.016132584,
        "DES_z_flux": 0.06163394597700109,
        "DES_z_flux_err": 0.0009226353716682155,
        "DES_z_ref": "Gordon2023",
        "EBV": 0.0411,
        "Pan-STARRS_g": 20.952679404974848,
        "Pan-STARRS_g_err": 0.05480099841952324,
        "Pan-STARRS_g_flux": 0.015098306321844421,
        "Pan-STARRS_g_flux_err": 0.0007816254325977081,
        "Pan-STARRS_g_ref": "Bhandari2021",
        "Pan-STARRS_i": 19.902391507861946,
        "Pan-STARRS_i_err": 0.022971000522375107,
        "Pan-STARRS_i_flux": 0.03972312355801628,
        "Pan-STARRS_i_flux_err": 0.0008493785376807096,
        "Pan-STARRS_i_ref": "Bhandari2021",
        "Pan-STARRS_r": 20.16973473712807,
        "Pan-STARRS_r_err": 0.027069000527262688,
        "Pan-STARRS_r_flux": 0.031053181339904357,
        "Pan-STARRS_r_flux_err": 0.0007839331827655705,
        "Pan-STARRS_r_ref": "Bhandari2021",
        "Pan-STARRS_y": 19.658076211096972,
        "Pan-STARRS_y_err": 0.08157800137996674,
        "Pan-STARRS_y_flux": 0.04974729944606121,
        "Pan-STARRS_y_flux_err": 0.003881825459060806,
        "Pan-STARRS_y_ref": "Bhandari2021",
        "Pan-STARRS_z": 19.625379442912816,
        "Pan-STARRS_z_err": 0.031019000336527824,
        "Pan-STARRS_z_flux": 0.051268217385825245,
        "Pan-STARRS_z_flux_err": 0.0014858339063134364,
        "Pan-STARRS_z_ref": "Bhandari2021",
        "VISTA_J": 19.356662124511704,
        "VISTA_J_err": 0.01176605286,
        "VISTA_J_flux": 0.0656651808179383,
        "VISTA_J_flux_err": 0.0007154791055361551,
        "VISTA_J_ref": "Gordon2023",
        "VISTA_Ks": 18.844142634559688,
        "VISTA_Ks_err": 0.01104943437,
        "VISTA_Ks_flux": 0.10527928831716951,
        "VISTA_Ks_flux_err": 0.001076887728866855,
        "VISTA_Ks_ref": "Gordon2023",
        "VLT_FORS2_I": 19.519516260225398,
        "VLT_FORS2_I_err": 0.02,
        "VLT_FORS2_I_flux": 0.05651887259373953,
        "VLT_FORS2_I_flux_err": 0.001050764292771402,
        "VLT_FORS2_I_ref": "Bhandari2021",
        "VLT_FORS2_g": 20.5636214505486,
        "VLT_FORS2_g_err": 0.05,