{
    "FRB": "FRB20200906A",
    "cosmo": "Planck18",
    "dec": -14.083158333333333,
    "dec_FRB": -14.08318333,
    "derived": {
        "AV_nebular": -1.6906383119498993,
        "EBV_photom": 0.20733776336900775,
        "EBV_photom_err": 0.06252468777009243,
        "EBV_spec": 0.0,
        "Lnu_r": 1.7275210060057788e+22,
        "Lnu_r_err": 8.637605030028895e+20,
        "M_r": -21.493558342339803,
        "M_r_err": 0.05428681023790647,
        "Mstar": 13318439544.341557,
        "Mstar_err": 3712327727.7270017,
        "Mstar_spec": 9278989857.022484,
        "SFR_nebular": 0.4828614238918134,
        "SFR_photom": 5.67831398490529,
        "SFR_photom_err": 2.4864797294847176,
        "Z_photom": 0.008748164694883123,
        "Z_photom_err": 0.012662702638458203,
        "Z_spec": -1.2072544579987683,
        "age_mass": 639.6613773405305,
        "f_AGN": 0.1380058465616215,
        "f_AGN_err": 0.06899538602429335,
        "u-r": 1.2193560730362434,
        "u-r_err": 0.10652304799952482
    },
    "morphology": {
        "PA": 32.89,
        "PA_err": 0.27,
        "b/a": 0.31,
        "b/a_err": 0.0,
        "dec": -14.08315862059242,
        "dec_err": 0.005009616000000001,
        "n": 0.87,
        "n_err": 0.02,
        "ra": 53.49584587766797,
        "ra_err": 0.0025048080000000003,
        "reff_ang": 1.442769408,
        "reff_ang_err": 0.010019232000000001,
        "reff_kpc": 7.60282235820521,
        "reff_kpc_err": 0.052797377487536185
    },
    "neb_lines": {
        "Halpha": 6.492647742208974e-16,
        "Halpha_err": 6.906362377457612e-18,
        "Hbeta": 4.2534815743928664e-16,
        "Hbeta_err": 1.4041374064245365e-17,
        "Hgamma": 9.815070364543318e-17,
        "Hgamma_err": 1.5120686765062233e-17,
        "[NII] 6584": 1.8022237508348238e-16,
        "[NII] 6584_err": 5.9954508106607905e-18,
        "[OIII] 5007": 5.3765512243969e-16,
        "[OIII] 5007_err": 1.663308801585378e-17,
        "[OII] 3726": 5.235685084522747e-16,
        "[OII] 3726_err": 2.3576530059598905e-17,
        "[OII] 3729": 8.822722099864922e-16,
        "[OII] 3729_err": 2.48361367519724e-17
    },
    "offsets": {
        "ang_avg": 1.2937224440915087,
        "ang_avg_err": 0.36019848434466945,
        "ang_best": 1.167417312992352,
        "ang_best_err": 0.3817013679123679,
        "physical": 6.151826064067824,
        "physical_err": 2.0114147680359356
    },
    "photom": {
        "DECaL_g": 20.813414321654463,
        "DECaL_g_err": 0.009995540285467985,
        "DECaL_g_flux": 0.017164622862235687,
        "DECaL_g_flux_err": 0.00015875114314188314,
        "DECaL_r": 19.882718100010415,
        "DECaL_r_err": 0.005342730647762669,
        "DECaL_r_flux": 0.04044946243382672,
        "DECaL_r_flux_err": 0.00019953574116810175,
        "DECaL_z": 19.32695975297825,
        "DECaL_z_err": 0.009569701696781988,
        "DECaL_z_flux": 0.06748637379819458,
        "DECaL_z_flux_err": 0.0005974554396216151,
        "DES_Y": 19.398757504610742,
        "DES_Y_err": 0.05968343,
        "DES_Y_flux": 0.06316798048013614,
        "DES_Y_flux_err": 0.0035695856872112663,
        "DES_g": 20.8396284930785,
        "DES_g_err": 0.013213313,
        "DES_g_flux": 0.016755160681509403,
        "DES_g_flux_err": 0.00020515463936581434,
        "DES_i": 19.688191657003895,
        "DES_i_err": 0.012874102,
        "DES_i_flux": 0.04838640224575267,
        "DES_i_flux_err": 0.000577156142159637,
        "DES_r": 19.95246956900737,
        "DES_r_err": 0.008466534,
        "DES_r_flux": 0.037932561157192304,
        "DES_r_flux_err": 0.00029695313230634874,
        "DES_z": 19.425450052325818,
        "DES_z_err": 0.016132584,
        "DES_z_flux": 0.06163394597700109,
        "DES_z_flux_err": 0.0009226353716682155,
        "EBV": 0.0411,
        "Pan-STARRS_g": 20.952679404974848,
        "Pan-STARRS_g_err": 0.05480099841952324,
        "Pan-STARRS_g_flux": 0.015098306321844421,
        "Pan-STARRS_g_flux_err": 0.0007816254325977081,
        "Pan-STARRS_g_ref": "Bhandari2021",
        "Pan-STARRS_i": 19.902391507861946,
        "Pan-STARRS_i_err": 0.022971000522375107,
        "Pan-STARRS_i_flux": 0.03972312355801628,
        "Pan-STARRS_i_flux_err": 0.0008493785376807096,
        "Pan-STARRS_i_ref": "Bhandari2021",
        "Pan-STARRS_r": 20.16973473712807,
        "Pan-STARRS_r_err": 0.027069000527262688,
        "Pan-STARRS_r_flux": 0.031053181339904357,
        "Pan-STARRS_r_flux_err": 0.0007839331827655705,
        "Pan-STARRS_r_ref": "Bhandari2021",
        "Pan-STARRS_y": 19.658076211096972,
        "Pan-STARRS_y_err": 0.08157800137996674,
        "Pan-STARRS_y_flux": 0.04974729944606121,
        "Pan-STARRS_y_flux_err": 0.003881825459060806,
        "Pan-STARRS_y_ref": "Bhandari2021",
        "Pan-STARRS_z": 19.625379442912816,
        "Pan-STARRS_z_err": 0.031019000336527824,
        "Pan-STARRS_z_flux": 0.051268217385825245,
        "Pan-STARRS_z_flux_err": 0.0014858339063134364,
        "Pan-STARRS_z_ref": "Bhandari2021",
        "VLT_FORS2_I": 19.519516260225398,
        "VLT_FORS2_I_err": 0.02,
        "VLT_FORS2_I_flux": 0.05651887259373953,
        "VLT_FORS2_I_flux_err": 0.001050764292771402,
        "VLT_FORS2_I_ref": "Bhandari2021",
        "VLT_FORS2_g": 20.5636214505486,
        "VLT_FORS2_g_err": 0.05,
        "VLT_FORS2_g_flux": 0.021604857893556356,
        "VLT_FORS2_g_flux_err": 0.0010182055833693284,
        "VLT_FORS2_g_ref": "Bhandari2021",
        "WISE_W1": 19.352344512939453,
        "WISE_W1_err": 0.1509999930858612,
        "WISE_W1_flux": 0.06592684984207153,
        "WISE_W1_flux_err": 0.009837053716182709,
        "WISE_W2": 19.364715576171875,
        "WISE_W2_err": 0.2329999953508377,
        "WISE_W2_flux": 0.06517989933490753,
        "WISE_W2_flux_err": 0.01560193207114935,
        "WISE_W3": 16.824451446533203,
        "WISE_W3_err": -999.0,
        "WISE_W3_flux": 0.676424503326416,
        "WISE_W3_flux_err": -99.0,
        "WISE_W4": 14.974725723266602,
        "WISE_W4_err": -999.0,
        "WISE_W4_flux": 3.716292381286621,
        "WISE_W4_flux_err": -99.0
    },
    "ra": 53.49583333333332,
    "ra_FRB": 53.49616667,
    "redshift": {
        "z": 0.3688,
        "z_FRB": 0.3688,
        "z_spec": 0.3688
    }
}