{
    "FRB": "FRB20231020A",
    "cosmo": "Planck18",
    "dec": 72.07714166666666,
    "dec_FRB": 72.078886,
    "offsets": {
        "ang_avg": 32.30614656810522,
        "ang_avg_err": 24.15962504002434,
        "ang_best": 6.465462735768032,
        "ang_best_err": 35.37553424327873,
        "physical": 5.979628435043276,
        "physical_err": 32.717310285576744
    },
    "photom": {
        "EBV": 0.1004,
        "Pan-STARRS_y": 17.66336031814572,
        "Pan-STARRS_y_err": 0.022413000464439392,
        "Pan-STARRS_y_flux": 0.31236032572689537,
        "Pan-STARRS_y_flux_err": 0.0064480967797780585,
        "Pan-STARRS_z": 17.350719579749693,
        "Pan-STARRS_z_err": 0.009800000116229057,
        "Pan-STARRS_z_flux": 0.41659318624511965,
        "Pan-STARRS_z_flux_err": 0.003760225785721029,
        "WISE_W1": 16.035175323486328,
        "WISE_W1_err": 0.014999999664723873,
        "WISE_W1_flux": 1.399361252784729,
        "WISE_W1_flux_err": 0.019332891330122948,
        "WISE_W2": 16.552898406982422,
        "WISE_W2_err": 0.02800000086426735,
        "WISE_W2_flux": 0.8686412572860718,
        "WISE_W2_flux_err": 0.022401349619030952,
        "WISE_W3": 15.544236183166504,
        "WISE_W3_err": 0.1289999932050705,
        "WISE_W3_flux": 2.1994073390960693,
        "WISE_W3_flux_err": 0.26131904125213623,
        "WISE_W4": 14.934240341186523,
        "WISE_W4_err": 0.382999986410141,
        "WISE_W4_flux": 3.857480525970459,
        "WISE_W4_flux_err": 1.3607494831085205
    },
    "ra": 76.11941666666665,
    "ra_FRB": 76.120806,
    "redshift": {
        "z": 0.0455,
        "z_FRB": 0.0455,
        "z_spec": 0.0455
    }
}