{
    "FRB": "FRB20231011A",
    "cosmo": "Planck18",
    "dec": 41.74899444444444,
    "dec_FRB": 41.749098,
    "offsets": {
        "ang_avg": 9.747480226144942,
        "ang_avg_err": 6.6273120995407195,
        "ang_best": 1.6732622600128866,
        "ang_best_err": 10.445777205614165,
        "physical": 2.5616882809959383,
        "physical_err": 15.992008959378683
    },
    "photom": {
        "EBV": 0.0568,
        "Pan-STARRS_g": 18.14829874579661,
        "Pan-STARRS_g_err": 0.013213999569416046,
        "Pan-STARRS_g_flux": 0.1998391141908466,
        "Pan-STARRS_g_flux_err": 0.002432150606471299,
        "Pan-STARRS_i": 17.5044190754907,
        "Pan-STARRS_i_err": 0.006920999847352505,
        "Pan-STARRS_i_flux": 0.36160328242765466,
        "Pan-STARRS_i_flux_err": 0.0023050316011535062,
        "Pan-STARRS_r": 17.773799977126625,
        "Pan-STARRS_r_err": 0.0103169996291399,
        "Pan-STARRS_r_flux": 0.2821499667610691,
        "Pan-STARRS_r_flux_err": 0.0026810758356209177,
        "Pan-STARRS_y": 17.323101721727387,
        "Pan-STARRS_y_err": 0.01975099928677082,
        "Pan-STARRS_y_flux": 0.4273259881881569,
        "Pan-STARRS_y_flux_err": 0.0077736334580489905,
        "Pan-STARRS_z": 17.56387580506504,
        "Pan-STARRS_z_err": 0.013717000372707844,
        "Pan-STARRS_z_flux": 0.3423337143669963,
        "Pan-STARRS_z_flux_err": 0.004324983975834752,
        "WISE_W1": 17.412702560424805,
        "WISE_W1_err": 0.024000000208616257,
        "WISE_W1_flux": 0.3934764862060547,
        "WISE_W1_flux_err": 0.00869772583246231,
        "WISE_W2": 18.033079147338867,
        "WISE_W2_err": 0.09300000220537186,
        "WISE_W2_flux": 0.22221247851848602,
        "WISE_W2_flux_err": 0.019033867865800858,
        "WISE_W3": 16.815879821777344,
        "WISE_W3_err": 0.26899999380111694,
        "WISE_W3_flux": 0.681786298751831,
        "WISE_W3_flux_err": 0.16891810297966003,
        "WISE_W4": 15.077387809753418,
        "WISE_W4_err": 999.0,
        "WISE_W4_flux": 3.3809962272644043,
        "WISE_W4_flux_err": -99.0
    },
    "ra": 18.24170833333333,
    "ra_FRB": 18.241101,
    "redshift": {
        "z": 0.0783,
        "z_FRB": 0.0783,
        "z_spec": 0.0783
    }
}