{
    "FRB": "FRB20121102A",
    "cosmo": "Planck18",
    "dec": 33.14789805555556,
    "dec_FRB": 33.14793156,
    "derived": {
        "AV_nebular": -0.14987551477721284,
        "EBV_photom": 0.1205337807165915,
        "EBV_photom_err": 0.00831389430862965,
        "IR_SB": 0.01457188626929,
        "IR_SB_err": 0.000200008585855,
        "IR_SB_ref": "Mannings2021",
        "IR_global": 23.435,
        "IR_global_err": 0.055,
        "IR_global_ref": "Mannings2021",
        "IRfe": 0.2419128007246045,
        "IRfe_err": 0.1225975000102565,
        "IRfe_ref": "Mannings2021",
        "IRff": 0.7023315786004,
        "IRff_err": 0.0745623224444363,
        "IRff_ref": "Mannings2021",
        "Lnu_r": 1.3202994029515342e+20,
        "Lnu_r_err": 9.700207316025213e+18,
        "M_r": -16.201681067229252,
        "M_r_err": 0.07976877254601669,
        "Mstar": 142662264.26922143,
        "Mstar_err": 65820313.95556688,
        "SFR_nebular": 0.13176802257889894,
        "SFR_photom": 0.002035787096368971,
        "SFR_photom_err": 0.005813702135185201,
        "SMStar": 13035903.263379255,
        "SMStar_err": 228350.412869734,
        "SMStar_ref": "Mannings2021",
        "SSFR": 4.089420145676296,
        "SSFR_err": 0.8178840291352594,
        "SSFR_ref": "Mannings2021",
        "UV_SB": 0.038002557659762,
        "UV_SB_err": 0.0025396030654668,
        "UV_SB_ref": "Mannings2021",
        "UV_global": NaN,
        "UV_global_err": NaN,
        "UV_global_ref": "Mannings2021",
        "UVff": 0.6732143202036306,
        "UVff_err": 0.1049050663049901,
        "UVff_ref": "Mannings2021",
        "Z_photom": 0.00028672733812657824,
        "Z_photom_err": 0.0005283815844767457,
        "age_mass": 257.7176167257162,
        "f_AGN": 0.0191380525991548,
        "f_AGN_err": 0.032568918550385906,
        "reff_iso": 0.299216138675475,
        "reff_iso_err": 0.0213310509030648,
        "reff_iso_ref": "Mannings2021",
        "u-r": 1.485556844263311,
        "u-r_err": 0.18252823696270992
    },
    "morphology": {
        "PA": 76.24,
        "PA_err": 2.57,
        "b/a": 0.33,
        "b/a_err": 0.03,
        "dec": 33.14787315532582,
        "dec_err": 0.018620881346514125,
        "n": 0.28,
        "n_err": 0.09,
        "ra": 82.99448180897183,
        "ra_err": 0.043020656904015395,
        "reff_ang": 0.6202679786459533,
        "reff_ang_err": 0.033389166552370154,
        "reff_kpc": 2.0533740443895687,
        "reff_kpc_err": 0.11053359245161239
    },
    "neb_lines": {
        "Halpha": 2.6082162461507154e-16,
        "Halpha_err": 3.600298499287797e-18,
        "Halpha_ref": "Tendulkar2017",
        "Hbeta": 9.611031647379591e-17,
        "Hbeta_err": 8.959436281455551e-18,
        "Hbeta_ref": "Tendulkar2017",
        "[NII] 6584": 1.192101555659964e-17,
        "[NII] 6584_err": -999.0,
        "[NII] 6584_ref": "Tendulkar2017",
        "[OIII] 5007": 4.380420922953296e-16,
        "[OIII] 5007_err": 8.379935678693262e-18,
        "[OIII] 5007_ref": "Tendulkar2017"
    },
    "offsets": {
        "ang_avg": 0.2273906049155801,
        "ang_avg_err": 0.015495695605785242,
        "ang_best": 0.22687098664388913,
        "ang_best_err": 0.01550440535639557,
        "physical": 0.7510479525584546,
        "physical_err": 0.0513267565448342
    },
    "photom": {
        "EBV": 0.6798,
        "GMOS_N_g": 23.329214463965435,
        "GMOS_N_g_err": 0.12,
        "GMOS_N_g_flux": 0.0016916643951493313,
        "GMOS_N_g_flux_err": 0.00019769339537188934,
        "GMOS_N_g_ref": "Bassa2017",
        "GMOS_N_i": 23.538006459003054,
        "GMOS_N_i_err": 0.09,
        "GMOS_N_i_flux": 0.0013957171362773684,
        "GMOS_N_i_flux_err": 0.00012062572389579638,
        "GMOS_N_i_ref": "Bassa2017",
        "GMOS_N_r": 23.730606922036774,
        "GMOS_N_r_err": 0.14,
        "GMOS_N_r_flux": 0.0011688458130394571,
        "GMOS_N_r_flux_err": 0.0001608650767947018,
        "GMOS_N_r_ref": "Bassa2017",
        "GMOS_N_z": 23.4892120964504,
        "GMOS_N_z_err": 0.13,
        "GMOS_N_z_flux": 0.0014598732663756548,
        "GMOS_N_z_flux_err": 0.0001856921658216167,
        "GMOS_N_z_ref": "Bassa2017",
        "Spitzer_3.6": 23.79419590236575,
        "Spitzer_3.6_err": 0.20028143582916946,
        "Spitzer_3.6_flux": 0.0011023553986591553,
        "Spitzer_3.6_flux_err": 0.00022331087550180273,
        "Spitzer_3.6_ref": "Bassa2017",
        "Spitzer_4.5": 24.717447113669405,
        "Spitzer_4.5_err": 999.0,
        "Spitzer_4.5_flux": 0.00047100026212537106,
        "Spitzer_4.5_flux_err": -99.0,
        "Spitzer_4.5_ref": "Bassa2017",
        "WFC3_F110W": 23.081347094514243,
        "WFC3_F110W_err": 0.012,
        "WFC3_F110W_flux": 0.002125500230932293,
        "WFC3_F110W_flux_err": 2.3622197326669726e-05,
        "WFC3_F110W_ref": "Bassa2017",
        "WFC3_F160W": 22.962270841633313,
        "WFC3_F160W_err": 0.03,
        "WFC3_F160W_flux": 0.0023718742357549238,
        "WFC3_F160W_flux_err": 6.645113570741157e-05,
        "WFC3_F160W_ref": "Bassa2017"
    },
    "positional_error": {
        "dec_astrometric": 0.0148,
        "dec_source": 0.00261,
        "ra_astrometric": 0.0139,
        "ra_source": 0.00571
    },
    "ra": 82.994525,
    "ra_FRB": 82.99458875,
    "redshift": {
        "z": 0.19273,
        "z_FRB": 0.19273,
        "z_spec": 0.19273
    }
}