{
    "DM": {
        "unit": "pc / cm3",
        "value": 339.8
    },
    "DMISM": {
        "unit": "pc / cm3",
        "value": 38.063492096898464
    },
    "DM_err": {
        "unit": "pc / cm3",
        "value": 1.0
    },
    "FRB": "FRB190608",
    "cosmo": "Planck15",
    "dec": -7.898222222222222,
    "eellipse": {
        "a": 0.1,
        "b": 0.1,
        "cl": 95.0,
        "theta": 0.0
    },
    "ra": 334.01975,
    "refs": [
        "Bhandari2019"
    ],
    "z": 0.1177805
}