{
    "DM": {
        "unit": "pc / cm3",
        "value": 504.13
    },
    "DMISM": {
        "unit": "pc / cm3",
        "value": 37.98280659734648
    },
    "DM_err": {
        "unit": "pc / cm3",
        "value": 0.1
    },
    "FRB": "FRB190714",
    "cosmo": "Planck15",
    "dec": -13.020655555555557,
    "eellipse": {
        "a": 0.5,
        "b": 0.5,
        "cl": 68.0,
        "theta": 0.0
    },
    "ra": 183.97949999999997,
    "refs": [
        "Heintz2020"
    ],
    "z": 0.234
}