{
    "DM": {
        "unit": "pc / cm3",
        "value": 348.76
    },
    "DMISM": {
        "unit": "pc / cm3",
        "value": 171.67636808619966
    },
    "DM_err": {
        "unit": "pc / cm3",
        "value": 0.1
    },
    "FRB": "FRB180916",
    "cosmo": "Planck15",
    "dec": 65.71675422222222,
    "eellipse": {
        "a": 0.0011,
        "a_sys": 0.002,
        "b": 0.0011,
        "b_sys": 0.002,
        "cl": 68.0,
        "cl_sys": 68.0,
        "theta": 0.0,
        "theta_sys": 0.0
    },
    "ra": 29.503125708333332,
    "refs": [
        "Marcote2020"
    ],
    "repeater": true,
    "z": 0.0337
}
