{
    "DM": {
        "unit": "pc / cm3",
        "value": 504.13
    },
    "DMISM": {
        "unit": "pc / cm3",
        "value": 37.98304643744851
    },
    "DM_err": {
        "unit": "pc / cm3",
        "value": 0.1
    },
    "FRB": "FRB190714",
    "cosmo": "Planck15",
    "dec": -13.021027777777778,
    "eellipse": {
        "a": 0.011,
        "a_sys": 0.022,
        "b": 0.1,
        "b_sys": 0.2,
        "cl": 68.0,
        "cl_sys": 68.0,
        "theta": 0.0,
        "theta_sys": 0.0
    },
    "ra": 183.97966666666665,
    "refs": [
        "Heintz2020"
    ],
    "z": 0.2365
}