{
    "DM": {
        "unit": "pc / cm3",
        "value": 528.0
    },
    "DMISM": {
        "unit": "pc / cm3",
        "value": 133.0166451610243
    },
    "FRB": "FRB180301",
    "cosmo": "Planck15",
    "dec": 4.671,
    "eellipse": {
        "a": 0.01142,
        "a_sys": 0.155,
        "b": 0.00825,
        "b_sys": 0.144,
        "cl": 68.0,
        "cl_sys": 68.0,
        "theta": 0.0,
        "theta_sys": 0.0
    },
    "ra": 93.226975,
    "refs": [
        "Bhandari2021"
    ],
    "repeater": true,
    "z": 0.33044
}