{
    "DM": {
        "unit": "pc / cm3",
        "value": 362.0
    },
    "DMISM": {
        "unit": "pc / cm3",
        "value": 56.815596175334385
    },
    "DM_err": {
        "unit": "pc / cm3",
        "value": 1.0
    },
    "FRB": "FRB190102",
    "cosmo": "Planck15",
    "dec": -79.4756388888889,
    "eellipse": {
        "a": 0.1,
        "b": 0.1,
        "cl": 95.0,
        "theta": 0.0
    },
    "ra": 322.4154166666666,
    "refs": [
        "Bhandari2019"
    ],
    "z": 0.29116841268957017
}