{
    "DM": {
        "unit": "pc / cm3",
        "value": 528.0
    },
    "DMISM": {
        "unit": "pc / cm3",
        "value": 133.023223883538
    },
    "FRB": "FRB180301",
    "cosmo": "Planck15",
    "dec": 4.671,
    "eellipse": {
        "a": 0.15,
        "b": 0.15,
        "cl": 68.0,
        "theta": 0.0
    },
    "ra": 93.22812499999999,
    "refs": [
        "Bhandari2021"
    ],
    "repeater": true,
    "z": 0.33044
}