{
    "DM": {
        "unit": "pc / cm3",
        "value": 558.1
    },
    "DMISM": {
        "unit": "pc / cm3",
        "value": 158.23786594943675
    },
    "FRB": "FRB121102",
    "RM": {
        "unit": "pc / cm3",
        "value": 558.1
    },
    "cosmo": "Planck15",
    "dec": 33.14791666666667,
    "eellipse": {
        "a": 0.1,
        "b": 0.1,
        "cl": 95.0,
        "theta": 0.0
    },
    "ra": 82.99458333333332,
    "z": 0.19273
}