{
    "DM": {
        "unit": "pc / cm3",
        "value": 558.1
    },
    "DMISM": {
        "unit": "pc / cm3",
        "value": 158.23787095971826
    },
    "FRB": "FRB121102",
    "cosmo": "Planck15",
    "dec": 33.14793155555555,
    "eellipse": {
        "a": 0.004,
        "a_sys": 0.0015,
        "b": 0.002,
        "b_sys": 0.0015,
        "cl": 68.0,
        "cl_sys": 68.0,
        "theta": 90.0,
        "theta_sys": 0.0
    },
    "ra": 82.99458874999999,
    "refs": [
        "Tendulkar2017",
        "Marcote2017"
    ],
    "repeater": true,
    "z": 0.19273
}