{
    "DM": {
        "unit": "pc / cm3",
        "value": 298.0
    },
    "DMISM": {
        "unit": "pc / cm3",
        "value": 33.88110153528195
    },
    "FRB": "FRB191228",
    "cosmo": "Planck15",
    "dec": -29.59384722222222,
    "eellipse": {
        "a": 0.5,
        "b": 0.5,
        "cl": 95.0,
        "theta": 0.0
    },
    "ra": 344.4302916666666,
    "refs": []
}