{
    "DM": {
        "unit": "pc / cm3",
        "value": 298.0
    },
    "DMISM": {
        "unit": "pc / cm3",
        "value": 33.88112497311486
    },
    "FRB": "FRB191228",
    "cosmo": "Planck15",
    "dec": -29.59361111111111,
    "eellipse": {
        "a": 0.275,
        "a_sys": 0.531,
        "b": 0.262,
        "b_sys": 0.488,
        "cl": 68.0,
        "cl_sys": 68.0,
        "theta": 0.0,
        "theta_sys": 0.0
    },
    "ra": 344.43020833333327,
    "refs": [],
    "repeater": false
}