{
    "DM": {
        "unit": "pc / cm3",
        "value": 507.4
    },
    "DMISM": {
        "unit": "pc / cm3",
        "value": 44.70327385388858
    },
    "DM_err": {
        "unit": "pc / cm3",
        "value": 1.0
    },
    "FRB": "FRB191001",
    "cosmo": "Planck15",
    "dec": -54.74761905555555,
    "eellipse": {
        "a": 0.36,
        "b": 0.13,
        "cl": 68.0,
        "theta": 90.0
    },
    "ra": 323.35155166666664,
    "refs": [],
    "z": 0.234
}