{
    "DM": {
        "unit": "pc / cm3",
        "value": 114.1
    },
    "DMISM": {
        "unit": "pc / cm3",
        "value": 37.48920781411476
    },
    "DM_err": {
        "unit": "pc / cm3",
        "value": 0.2
    },
    "FRB": "FRB171020",
    "cosmo": "Planck15",
    "dec": -19.666666666666668,
    "eellipse": {
        "a": 0.0,
        "a_sys": 0.0,
        "b": 0.0,
        "b_sys": 0.0,
        "cl": 68.0,
        "cl_sys": 68.0,
        "theta": 0.0,
        "theta_sys": 0.0
    },
    "ra": 333.74999999999994,
    "refs": [
        "Shannon2018",
        "Mahony2018"
    ],
    "repeater": false,
    "z": 0.00867
}