{
    "DM": {
        "unit": "pc / cm3",
        "value": 380.0
    },
    "DMISM": {
        "unit": "pc / cm3",
        "value": 27.019541587838294
    },
    "FRB": "FRB200430",
    "cosmo": "Planck15",
    "dec": 12.376750000000001,
    "eellipse": {
        "a": 0.24,
        "a_sys": 0.98,
        "b": 0.17,
        "b_sys": 0.251,
        "cl": 68.0,
        "cl_sys": 68.0,
        "theta": 0.0,
        "theta_sys": 0.0
    },
    "ra": 229.70641666666663,
    "refs": [
        "Bhandari2021",
        "Day2021"
    ],
    "repeater": false,
    "z": 0.161
}
