{
    "DM": {
        "unit": "pc / cm3",
        "value": 110.95
    },
    "DMISM": {
        "unit": "pc / cm3",
        "value": 126.7650401823584
    },
    "FRB": "FRB20220319D",
    "cosmo": "Planck18",
    "dec": 71.03526,
    "eellipse": {
        "a": 1.247,
        "b": 1.1825,
        "cl": 68.0,
        "theta": 90.0
    },
    "fluence": {
        "unit": "Jy ms",
        "value": 9.6
    },
    "ra": 32.17792083,
    "refs": [
        "Ravi2023",
        "Law2023"
    ],
    "repeater": false,
    "z": 0.011228
}