{
    "DM": {
        "unit": "pc / cm3",
        "value": 380.0
    },
    "DMISM": {
        "unit": "pc / cm3",
        "value": 27.01954160466707
    },
    "FRB": "FRB20200430A",
    "cosmo": "Planck18",
    "dec": 12.37675,
    "eellipse": {
        "a": 0.24,
        "a_sys": 0.98,
        "b": 0.17,
        "b_sys": 0.251,
        "cl": 68.0,
        "cl_sys": 68.0,
        "theta": 0.0,
        "theta_sys": 0.0
    },
    "ra": 229.7064167,
    "refs": [
        "Bhandari2021",
        "Day2021"
    ],
    "repeater": false,
    "z": 0.161
}