{
    "DM": {
        "unit": "pc / cm3",
        "value": 345.15
    },
    "DMISM": {
        "unit": "pc / cm3",
        "value": 38.54713303142838
    },
    "FRB": "FRB20230628A",
    "cosmo": "Planck18",
    "dec": 72.281844,
    "eellipse": {
        "a": 1.4,
        "b": 1.0,
        "cl": 68.0,
        "theta": 90.0
    },
    "ra": 166.786708,
    "refs": [
        "Sharma24"
    ],
    "repeater": false,
    "z": 0.127
}