{
    "DM": {
        "unit": "pc / cm3",
        "value": 577.84
    },
    "DMISM": {
        "unit": "pc / cm3",
        "value": 35.924815119516836
    },
    "DM_err": {
        "unit": "pc / cm3",
        "value": 0.2
    },
    "FRB": "FRB200906",
    "cosmo": "Planck15",
    "dec": -14.083183333333332,
    "eellipse": {
        "a": 0.11,
        "a_sys": 0.55,
        "b": 0.099,
        "b_sys": 0.34,
        "cl": 68.0,
        "cl_sys": 68.0,
        "theta": 0.0,
        "theta_sys": 0.0
    },
    "ra": 53.49616666666666,
    "refs": [
        "Bhandari2021",
        "Day2021"
    ],
    "repeater": false,
    "z": 0.36879
}