{
    "DM": {
        "unit": "pc / cm3",
        "value": 413.52
    },
    "DMISM": {
        "unit": "pc / cm3",
        "value": 123.16007814743988
    },
    "FRB": "FRB20201124a",
    "cosmo": "Planck15",
    "dec": 26.060695555555558,
    "eellipse": {
        "a": 0.0,
        "a_sys": 0.0,
        "b": 0.0,
        "b_sys": 0.0,
        "cl": 68.0,
        "cl_sys": 68.0,
        "theta": 0.0,
        "theta_sys": 0.0
    },
    "ra": 77.01461541666666,
    "refs": [
        "Fong2021"
    ],
    "repeater": true,
    "z": 0.0982
}