{
    "DM": {
        "unit": "pc / cm3",
        "value": 880.0
    },
    "DMISM": {
        "unit": "pc / cm3",
        "value": 30.84008909618122
    },
    "FRB": "FRB20240117A",
    "cosmo": "Planck18",
    "dec": -15.85249361,
    "eellipse": {
        "a": 0.697,
        "b": 0.472,
        "cl": 68.0,
        "theta": 0.0
    },
    "ra": 3.59186806,
    "refs": [
        "Muller25"
    ],
    "repeater": false
}