{
    "DM": {
        "unit": "pc / cm3",
        "value": 462.15
    },
    "DMISM": {
        "unit": "pc / cm3",
        "value": 45.45966795336706
    },
    "FRB": "FRB20220310F",
    "cosmo": "Planck18",
    "dec": 73.49083333,
    "eellipse": {
        "a": 4.085,
        "b": 3.01,
        "cl": 68.0,
        "theta": 90.0
    },
    "fluence": {
        "unit": "Jy ms",
        "value": 23.9
    },
    "ra": 134.7205,
    "refs": [
        "Law2023"
    ],
    "repeater": false,
    "z": 0.477958
}