{
    "DM": {
        "unit": "pc / cm3",
        "value": 87.818
    },
    "DMISM": {
        "unit": "pc / cm3",
        "value": 40.08448696494445
    },
    "DM_err": {
        "unit": "pc / cm3",
        "value": 0.007
    },
    "FRB": "FRB20200120E",
    "cosmo": "Planck18",
    "dec": 68.81888888888888,
    "eellipse": {
        "a": 0.4,
        "a_sys": 0.0,
        "b": 0.4,
        "b_sys": 0.0,
        "cl": 68.0,
        "cl_sys": 68.0,
        "theta": 0.0,
        "theta_sys": 0.0
    },
    "ra": 149.47783333333328,
    "refs": [
        "Bhardwaj2021",
        "Kirsten2021"
    ],
    "repeater": true,
    "z": 0.0008
}