{
    "DM": {
        "unit": "pc / cm3",
        "value": 623.45
    },
    "DMISM": {
        "unit": "pc / cm3",
        "value": 36.346966947610916
    },
    "FRB": "FRB20220418A",
    "cosmo": "Planck18",
    "dec": 70.09594444,
    "eellipse": {
        "a": 2.9154,
        "b": 1.63615,
        "cl": 68.0,
        "theta": 90.0
    },
    "fluence": {
        "unit": "Jy ms",
        "value": 4.1
    },
    "ra": 219.105575,
    "refs": [
        "Law2023"
    ],
    "repeater": false,
    "z": 0.621348
}