{
    "DM": {
        "unit": "pc / cm3",
        "value": 411.0
    },
    "DMISM": {
        "unit": "pc / cm3",
        "value": 123.16007814743988
    },
    "FRB": "FRB201124",
    "cosmo": "Planck15",
    "dec": 26.060695555555558,
    "eellipse": {
        "a": 0.004,
        "b": 0.004,
        "cl": 68.0,
        "theta": 0.0
    },
    "ra": 77.01461541666666,
    "refs": [],
    "repeater": false,
    "z": 0.0982
}