{
    "DM": {
        "unit": "pc / cm3",
        "value": 298.0
    },
    "DMISM": {
        "unit": "pc / cm3",
        "value": 33.8811374051531
    },
    "FRB": "FRB191228",
    "cosmo": "Planck15",
    "dec": -29.59361111111111,
    "eellipse": {
        "a": 0.343,
        "a_sys": 0.95,
        "b": 0.34,
        "b_sys": 0.874,
        "cl": 68.0,
        "cl_sys": 68.0,
        "theta": 90.0,
        "theta_sys": 90.0
    },
    "ra": 344.4301666666666,
    "refs": [
        "Bhandari2021",
        "Day2021"
    ],
    "repeater": false
}
