{
    "DM": {
        "unit": "pc / cm3",
        "value": 380.0
    },
    "DMISM": {
        "unit": "pc / cm3",
        "value": 27.01981590805983
    },
    "FRB": "FRB200430",
    "cosmo": "Planck15",
    "dec": 12.3768889,
    "eellipse": {
        "a": 0.011,
        "a_sys": 0.017,
        "b": 0.24,
        "b_sys": 1.0,
        "cl": 95.0,
        "cl_sys": 95.0,
        "theta": 0.0,
        "theta_sys": 0.0
    },
    "ra": 229.7064167,
    "refs": [],
    "z": 0.161
}
