{
    "DM": {
        "unit": "pc / cm3",
        "value": 536.0
    },
    "DMISM": {
        "unit": "pc / cm3",
        "value": 133.01556720924665
    },
    "DM_err": {
        "unit": "pc / cm3",
        "value": 13.0
    },
    "FRB": "FRB20180301",
    "cosmo": "Planck18",
    "dec": 4.671055555555556,
    "eellipse": {
        "a": 0.01142,
        "a_sys": 0.619,
        "b": 0.00825,
        "b_sys": 0.603,
        "cl": 68.0,
        "cl_sys": 68.0,
        "theta": 0.0,
        "theta_sys": 0.0
    },
    "ra": 93.22683333333332,
    "refs": [
        "Bhandari2021"
    ],
    "repeater": true,
    "z": 0.33044
}
