{
    "FRB": "FRB20220920A",
    "cosmo": "Planck18",
    "dec": 70.91806944444446,
    "dec_FRB": 70.9188,
    "offsets": {
        "ang_avg": 2.83537126231038,
        "ang_avg_err": 0.6191886639220905,
        "ang_best": 2.6499708239312505,
        "ang_best_err": 0.646349691792915,
        "physical": 7.481169632212476,
        "physical_err": 1.824718839303152
    },
    "photom": {
        "DECaL_g": 18.572192381752238,
        "DECaL_g_err": 0.003290785046066594,
        "DECaL_g_flux": 0.13524556781954616,
        "DECaL_g_flux_err": 0.000409919177583744,
        "DECaL_r": 17.972439755155797,
        "DECaL_r_err": 0.0031232856522062737,
        "DECaL_r_flux": 0.23497631689679135,
        "DECaL_r_flux_err": 0.0006759451844341087,
        "DECaL_z": 17.567057843412766,
        "DECaL_z_err": 0.004354572821350823,
        "DECaL_z_flux": 0.34133188326750274,
        "DECaL_z_flux_err": 0.001368983124467399,
        "DECam_g": 19.56338668821181,
        "DECam_g_err": 0.2,
        "DECam_g_flux": 0.05428068492111783,
        "DECam_g_flux_err": 0.009998871674949809,
        "DECam_g_ref": "Sharma2024",
        "DECam_r": 19.36974439073535,
        "DECam_r_err": 0.2,
        "DECam_r_flux": 0.06487871476543244,
        "DECam_r_flux_err": 0.011951100917719795,
        "DECam_r_ref": "Sharma2024",
        "DECam_z": 19.015752623588074,
        "DECam_z_err": 0.19,
        "DECam_z_flux": 0.08988742613066164,
        "DECam_z_flux_err": 0.01572998200666094,
        "DECam_z_ref": "Sharma2024",
        "EBV": 0.0239,
        "Pan-STARRS_g": 19.504198230400604,
        "Pan-STARRS_g_err": 0.07,
        "Pan-STARRS_g_flux": 0.05732191649623962,
        "Pan-STARRS_g_flux_err": 0.0036956805319305437,
        "Pan-STARRS_g_ref": "Sharma2024",
        "Pan-STARRS_i": 18.912578075533155,
        "Pan-STARRS_i_err": 0.06,
        "Pan-STARRS_i_flux": 0.09884819971522074,
        "Pan-STARRS_i_flux_err": 0.005462553387205574,
        "Pan-STARRS_i_ref": "Sharma2024",
        "Pan-STARRS_r": 19.39690752346014,
        "Pan-STARRS_r_err": 0.03,
        "Pan-STARRS_r_flux": 0.06327570387328055,
        "Pan-STARRS_r_flux_err": 0.0017483723098478568,
        "Pan-STARRS_r_ref": "Sharma2024",
        "Pan-STARRS_y": 18.508776334654446,
        "Pan-STARRS_y_err": 0.07,
        "Pan-STARRS_y_flux": 0.14338029197443716,
        "Pan-STARRS_y_flux_err": 0.009244069042025242,
        "Pan-STARRS_y_ref": "Sharma2024",
        "Pan-STARRS_z": 18.952242886880452,
        "Pan-STARRS_z_err": 0.05,
        "Pan-STARRS_z_flux": 0.09530218098181165,
        "Pan-STARRS_z_flux_err": 0.004388827625170804,
        "Pan-STARRS_z_ref": "Sharma2024",
        "WISE_W1": 18.146421104600996,
        "WISE_W1_err": 0.03,
        "WISE_W1_flux": 0.20018500925399949,
        "WISE_W1_flux_err": 0.0055313162177896115,
        "WISE_W1_ref": "Sharma2024",
        "WISE_W2": 18.5177084159124,
        "WISE_W2_err": 0.04,
        "WISE_W2_flux": 0.14220557670416326,
        "WISE_W2_flux_err": 0.005239047056954043,
        "WISE_W2_ref": "Sharma2024",
        "WISE_W3": 16.89690143530728,
        "WISE_W3_err": 0.06,
        "WISE_W3_flux": 0.632760586862046,
        "WISE_W3_flux_err": 0.03496764227382507,
        "WISE_W3_ref": "Sharma2024",
        "WISE_W4": 15.161272048950195,
        "WISE_W4_err": 999.0,
        "WISE_W4_flux": 3.1296162605285645,
        "WISE_W4_flux_err": -99.0
    },
    "ra": 240.25680708333329,
    "ra_FRB": 240.257083,
    "redshift": {
        "z": 0.1582,
        "z_FRB": 0.1582,
        "z_spec": 0.1582
    }
}