{
    "FRB": "FRB20231017A",
    "cosmo": "Planck18",
    "dec": 36.648447222222224,
    "dec_FRB": 36.652682,
    "offsets": {
        "ang_avg": 17.246960016970615,
        "ang_avg_err": 10.896607310941114,
        "ang_best": 15.49202963874433,
        "ang_best_err": 11.037020953195515,
        "physical": 61.61792742382706,
        "physical_err": 43.89859637038378
    },
    "photom": {
        "EBV": 0.099,
        "Pan-STARRS_g": 20.411432052584903,
        "Pan-STARRS_g_err": 0.036584001034498215,
        "Pan-STARRS_g_flux": 0.024855767235020802,
        "Pan-STARRS_g_flux_err": 0.0008375178153350968,
        "Pan-STARRS_i": 20.000649288725963,
        "Pan-STARRS_i_err": 0.04343700036406517,
        "Pan-STARRS_i_flux": 0.03628609880575898,
        "Pan-STARRS_i_flux_err": 0.001451696351405524,
        "Pan-STARRS_r": 20.103527025251807,
        "Pan-STARRS_r_err": 0.03105200082063675,
        "Pan-STARRS_r_flux": 0.033005717957827294,
        "Pan-STARRS_r_flux_err": 0.0009439618727096557,
        "Pan-STARRS_y": 19.551788997904826,
        "Pan-STARRS_y_err": 0.08051499724388123,
        "Pan-STARRS_y_flux": 0.05486361183793146,
        "Pan-STARRS_y_flux_err": 0.004068523768998269,
        "Pan-STARRS_z": 19.745529413435943,
        "Pan-STARRS_z_err": 0.04363200068473816,
        "Pan-STARRS_z_flux": 0.04589741528576248,
        "Pan-STARRS_z_flux_err": 0.001844459129574868,
        "WISE_W1": 19.90238380432129,
        "WISE_W1_err": 0.2630000114440918,
        "WISE_W1_flux": 0.039723388850688934,
        "WISE_W1_flux_err": 0.009622274897992611,
        "WISE_W2": 20.09703254699707,
        "WISE_W2_err": 999.0,
        "WISE_W2_flux": 0.033203765749931335,
        "WISE_W2_flux_err": -99.0,
        "WISE_W3": 17.043415069580078,
        "WISE_W3_err": 999.0,
        "WISE_W3_flux": 0.5528838634490967,
        "WISE_W3_flux_err": -99.0,
        "WISE_W4": 15.05340576171875,
        "WISE_W4_err": 999.0,
        "WISE_W4_flux": 3.4565088748931885,
        "WISE_W4_flux_err": -99.0
    },
    "ra": 346.75333333333333,
    "ra_FRB": 346.754287,
    "redshift": {
        "z": 0.245,
        "z_FRB": 0.245,
        "z_spec": 0.245
    }
}