{
    "FRB": "FRB20121102",
    "cosmo": "Planck18",
    "dec": 33.14789805555556,
    "dec_FRB": 33.14793155555555,
    "derived": {
        "AV_nebular": -0.14987551477721284,
        "EBV_photom": 0.1205337807165915,
        "EBV_photom_err": 0.00831389430862965,
        "Lnu_r": 1.3202994029515342e+20,
        "Lnu_r_err": 9.700207316025213e+18,
        "M_r": -16.201681067229252,
        "M_r_err": 0.07976877254601669,
        "Mstar": 142662264.26922143,
        "Mstar_err": 65820313.95556688,
        "SFR_nebular": 0.1317680225788989,
        "SFR_photom": 0.002035787096368971,
        "SFR_photom_err": 0.005813702135185201,
        "Z_photom": 0.00028672733812657824,
        "Z_photom_err": 0.0005283815844767457,
        "age_mass": 257.7176167257162,
        "f_AGN": 0.0191380525991548,
        "f_AGN_err": 0.032568918550385906,
        "u-r": 1.485556844263311,
        "u-r_err": 0.18252823696270992
    },
    "morphology": {
        "PA": 76.24,
        "PA_err": 2.57,
        "b/a": 0.33,
        "b/a_err": 0.03,
        "dec": 33.14787315532582,
        "dec_err": 0.018620881346514125,
        "n": 0.28,
        "n_err": 0.09,
        "ra": 82.99448180897183,
        "ra_err": 0.043020656904015395,
        "reff_ang": 0.6202679786459533,
        "reff_ang_err": 0.033389166552370154,
        "reff_kpc": 2.0533740443895683,
        "reff_kpc_err": 0.11053359245161237
    },
    "neb_lines": {
        "Halpha": 2.6082162461507154e-16,
        "Halpha_err": 3.6002984992877965e-18,
        "Halpha_ref": "Tendulkar2017",
        "Hbeta": 9.611031647379591e-17,
        "Hbeta_err": 8.959436281455551e-18,
        "Hbeta_ref": "Tendulkar2017",
        "[NII] 6584": 1.192101555659964e-17,
        "[NII] 6584_err": -999.0,
        "[NII] 6584_ref": "Tendulkar2017",
        "[OIII] 5007": 4.380420922953296e-16,
        "[OIII] 5007_err": 8.379935678693262e-18,
        "[OIII] 5007_ref": "Tendulkar2017"
    },
    "offsets": {
        "ang_avg": 0.22738211697817798,
        "ang_avg_err": 0.015495714927742417,
        "ang_best": 0.2268624805850244,
        "ang_best_err": 0.015504425274835199,
        "physical": 0.7510197935673503,
        "physical_err": 0.05132682248408681
    },
    "photom": {
        "EBV": 0.7905,
        "GMOS_N_g": 22.92450405324595,
        "GMOS_N_g_err": 0.12,
        "GMOS_N_g_flux": 0.0024558304109161063,
        "GMOS_N_g_flux_err": 0.00028699631781792614,
        "GMOS_N_g_ref": "Bassa2017",
        "GMOS_N_i": 23.341838557844948,
        "GMOS_N_i_err": 0.09,
        "GMOS_N_i_flux": 0.0016721089488551351,
        "GMOS_N_i_flux_err": 0.00014451305866048096,
        "GMOS_N_i_ref": "Bassa2017",
        "GMOS_N_r": 23.451569092755104,
        "GMOS_N_r_err": 0.14,
        "GMOS_N_r_flux": 0.001511375428102674,
        "GMOS_N_r_flux_err": 0.0002080064980299969,
        "GMOS_N_r_ref": "Bassa2017",
        "GMOS_N_z": 23.358323589706053,
        "GMOS_N_z_err": 0.13,
        "GMOS_N_z_flux": 0.0016469126235233306,
        "GMOS_N_z_flux_err": 0.00020948309625550384,
        "GMOS_N_z_ref": "Bassa2017",
        "Spitzer_3.6": 23.7821981904204,
        "Spitzer_3.6_err": 0.20028143582916946,
        "Spitzer_3.6_flux": 0.001114604310138707,
        "Spitzer_3.6_flux_err": 0.0002257922124188894,
        "Spitzer_3.6_ref": "Bassa2017",
        "Spitzer_4.5": 24.709385095914595,
        "Spitzer_4.5_err": 999.0,
        "Spitzer_4.5_flux": 0.00047451064090347524,
        "Spitzer_4.5_flux_err": -99.0,
        "Spitzer_4.5_ref": "Bassa2017",
        "WFC3_F110W": 22.98632686899039,
        "WFC3_F110W_err": 0.012,
        "WFC3_F110W_flux": 0.002319899902781941,
        "WFC3_F110W_flux_err": 2.5782699283735146e-05,
        "WFC3_F110W_ref": "Bassa2017",
        "WFC3_F160W": 22.90574704565816,
        "WFC3_F160W_err": 0.03,
        "WFC3_F160W_flux": 0.0024986255467654285,
        "WFC3_F160W_flux_err": 7.000223822460321e-05,
        "WFC3_F160W_ref": "Bassa2017"
    },
    "positional_error": {
        "dec_astrometric": 0.0148,
        "dec_source": 0.0026100000000000003,
        "ra_astrometric": 0.0139,
        "ra_source": 0.00571
    },
    "ra": 82.994525,
    "ra_FRB": 82.99458874999999,
    "redshift": {
        "z": 0.19272999999999998,
        "z_FRB": 0.19272999999999998,
        "z_spec": 0.19272999999999998
    }
}