{
    "FRB": "FRB20220207C",
    "cosmo": "Planck18",
    "dec": 72.88274916666666,
    "dec_FRB": 72.882327,
    "derived": {
        "AV_old": 0.0956,
        "AV_old_loerr": -0.0181,
        "AV_old_ref": "Sharma2024",
        "AV_old_uperr": 0.0233,
        "Mtotal": 13976550562.990356,
        "Mtotal_loerr": -1023751341.5691204,
        "Mtotal_ref": "Sharma2024",
        "Mtotal_uperr": 1089520098.8770945,
        "SFR_SED": 0.7124,
        "SFR_SED_loerr": -0.1347,
        "SFR_SED_ref": "Sharma2024",
        "SFR_SED_uperr": 0.1244
    },
    "offsets": {
        "ang_avg": 2.6272483853172286,
        "ang_avg_err": 0.5904731793305108,
        "ang_best": 2.5617577495355914,
        "ang_best_err": 0.5940939310275478,
        "physical": 2.2606481358231982,
        "physical_err": 0.5242639894130404
    },
    "photom": {
        "EBV": 0.6973,
        "Pan-STARRS_g": 13.954235698639348,
        "Pan-STARRS_g_err": 0.03,
        "Pan-STARRS_g_flux": 9.512741926786193,
        "Pan-STARRS_g_flux_err": 0.2628467730494081,
        "Pan-STARRS_g_ref": "Sharma2024",
        "Pan-STARRS_i": 14.581631158613696,
        "Pan-STARRS_i_err": 0.01,
        "Pan-STARRS_i_flux": 5.33761851198287,
        "Pan-STARRS_i_flux_err": 0.04916128327112326,
        "Pan-STARRS_i_ref": "Sharma2024",
        "Pan-STARRS_r": 14.32004534436542,
        "Pan-STARRS_r_err": 0.01,
        "Pan-STARRS_r_flux": 6.791752582271093,
        "Pan-STARRS_r_flux_err": 0.06255435300496494,
        "Pan-STARRS_r_ref": "Sharma2024",
        "Pan-STARRS_y": 14.760598934414665,
        "Pan-STARRS_y_err": 0.02,
        "Pan-STARRS_y_flux": 4.526478068938067,
        "Pan-STARRS_y_flux_err": 0.08338080740241013,
        "Pan-STARRS_y_ref": "Sharma2024",
        "Pan-STARRS_z": 14.67029236026023,
        "Pan-STARRS_z_err": 0.01,
        "Pan-STARRS_z_flux": 4.919070537243744,
        "Pan-STARRS_z_flux_err": 0.04530631396177464,
        "Pan-STARRS_z_ref": "Sharma2024",
        "WISE_W1": 16.32568193678581,
        "WISE_W1_err": 0.01,
        "WISE_W1_flux": 1.070846495142043,
        "WISE_W1_flux_err": 0.009862860706395958,
        "WISE_W1_ref": "Sharma2024",
        "WISE_W2": 17.0331515577018,
        "WISE_W2_err": 0.03,
        "WISE_W2_flux": 0.5581351461714593,
        "WISE_W2_flux_err": 0.015421844009405463,
        "WISE_W2_ref": "Sharma2024",
        "WISE_W3": 15.750148815681989,
        "WISE_W3_err": 0.11,
        "WISE_W3_flux": 1.819451435758715,
        "WISE_W3_flux_err": 0.18433543714980377,
        "WISE_W3_ref": "Sharma2024",
        "WISE_W4": 15.057680232062475,
        "WISE_W4_err": 0.46,
        "WISE_W4_flux": 3.442927689424988,
        "WISE_W4_flux_err": 1.4586846512024596,
        "WISE_W4_ref": "Sharma2024"
    },
    "ra": 310.19757875,
    "ra_FRB": 310.199525,
    "redshift": {
        "z": 0.0433,
        "z_FRB": 0.0433,
        "z_spec": 0.0433
    }
}