{
    "FRB": "FRB20220726A",
    "cosmo": "Planck18",
    "dec": 69.9287,
    "dec_FRB": 69.929528,
    "offsets": {
        "ang_avg": 3.129513916443345,
        "ang_avg_err": 0.6031610577474499,
        "ang_best": 3.026165115155744,
        "ang_best_err": 0.6119511715084857,
        "physical": 15.756838085948537,
        "physical_err": 3.186348120158499
    },
    "photom": {
        "EBV": 0.1125,
        "Pan-STARRS_i": 20.69689050354327,
        "Pan-STARRS_i_err": 0.05,
        "Pan-STARRS_i_flux": 0.019109256630059062,
        "Pan-STARRS_i_flux_err": 0.0008800137890914326,
        "Pan-STARRS_i_ref": "Sharma2024",
        "Pan-STARRS_r": 20.65324730632798,
        "Pan-STARRS_r_err": 0.19,
        "Pan-STARRS_r_flux": 0.01989303614645313,
        "Pan-STARRS_r_flux_err": 0.0034812110448763168,
        "Pan-STARRS_r_ref": "Sharma2024",
        "Pan-STARRS_y": 19.81585883808615,
        "Pan-STARRS_y_err": 0.13685299456119537,
        "Pan-STARRS_y_flux": 0.04301861847209354,
        "Pan-STARRS_y_flux_err": 0.00542233623046867,
        "Pan-STARRS_z": 20.362312998271598,
        "Pan-STARRS_z_err": 0.06,
        "Pan-STARRS_z_flux": 0.026006074059377694,
        "Pan-STARRS_z_flux_err": 0.0014371487629541335,
        "Pan-STARRS_z_ref": "Sharma2024",
        "WIRC_J": 20.035550994661087,
        "WIRC_J_err": 0.05,
        "WIRC_J_flux": 0.03513820695818713,
        "WIRC_J_flux_err": 0.0016181742307292272,
        "WIRC_J_ref": "Sharma2024",
        "WISE_W1": 18.693155839488902,
        "WISE_W1_err": 0.17,
        "WISE_W1_flux": 0.12098670760721032,
        "WISE_W1_flux_err": 0.018943588878301845,
        "WISE_W1_ref": "Sharma2024",
        "WISE_W2": 19.279213471473227,
        "WISE_W2_err": 0.21,
        "WISE_W2_flux": 0.07052037380845354,
        "WISE_W2_flux_err": 0.013639849564631878,
        "WISE_W2_ref": "Sharma2024",
        "WISE_W3": 17.705426563984368,
        "WISE_W3_err": 0.42,
        "WISE_W3_flux": 0.30048954680172174,
        "WISE_W3_flux_err": 0.11623966217911841,
        "WISE_W3_ref": "Sharma2024",
        "WISE_W4": 14.292811393737793,
        "WISE_W4_err": 999.0,
        "WISE_W4_flux": 6.964268684387207,
        "WISE_W4_flux_err": -99.0
    },
    "ra": 73.94511916666666,
    "ra_FRB": 73.9455417,
    "redshift": {
        "z": 0.3619,
        "z_FRB": 0.3619,
        "z_spec": 0.3619
    }
}