{
    "FRB": "FRB20190608",
    "cosmo": "Planck18",
    "dec": -7.898863888888888,
    "dec_FRB": -7.898249999999999,
    "derived": {
        "AV_nebular": 0.3752698747265434,
        "EBV_photom": 0.12131490286165124,
        "EBV_photom_err": 0.013008013119216864,
        "EBV_spec": 0.0,
        "Lnu_r": 1.344827179611232e+22,
        "Lnu_r_err": 6.72413589805616e+20,
        "M_r": -21.22166619455693,
        "M_r_err": 0.05428681023790647,
        "Mstar": 11568549375.993412,
        "Mstar_err": 2840729964.8991766,
        "Mstar_spec": 11705926156.079792,
        "SFR_nebular": 0.6909028243934663,
        "SFR_photom": 2.99959588644244,
        "SFR_photom_err": 0.705196887604426,
        "Z_photom": 0.03420833086793518,
        "Z_photom_err": 0.01729080205170225,
        "Z_spec": 0.10614586104269301,
        "age_mass": 383.4207532310143,
        "f_AGN": 0.10879746413044024,
        "f_AGN_err": 0.07966108519733069,
        "u-r": 1.4004238402913685,
        "u-r_err": 0.08507962973011961
    },
    "morphology": {
        "PA": 54.12,
        "PA_err": 0.86,
        "b/a": 0.73,
        "b/a_err": 0.01,
        "dec": -7.89875529678143,
        "dec_err": 0.016046299645663186,
        "n": 0.15,
        "n_err": 0.01,
        "ra": 334.02047222954207,
        "ra_err": 0.014762595674010132,
        "reff_ang": 3.3511092180002997,
        "reff_ang_err": 0.02695778340471415,
        "reff_kpc": 7.372566882304378,
        "reff_kpc_err": 0.05930814193770999
    },
    "neb_lines": {
        "Halpha": 2.7650406614936603e-15,
        "Halpha_err": 4.1493318456755e-17,
        "Hbeta": 8.374417492351327e-16,
        "Hbeta_err": 3.2617653121511e-17,
        "Hgamma": 3.924685712305079e-16,
        "Hgamma_err": 3.359845235084134e-17,
        "[NII] 6584": 1.831877573815229e-15,
        "[NII] 6584_err": 3.824482311838292e-17,
        "[OIII] 5007": 1.495146173438519e-15,
        "[OIII] 5007_err": 4.441160325269867e-17,
        "[OII] 3726": 1.2149399077023375e-15,
        "[OII] 3726_err": 7.397707620757304e-17,
        "[OII] 3729": 1.942294865986631e-15,
        "[OII] 3729_err": 7.851034905857881e-17
    },
    "offsets": {
        "ang_avg": 2.9884919518431827,
        "ang_avg_err": 0.3711478821606567,
        "ang_best": 2.964618968028115,
        "ang_best_err": 0.37191486900710913,
        "physical": 6.522273731017951,
        "physical_err": 0.8182267625149477
    },
    "photom": {
        "DECaL_g": 17.959720913593824,
        "DECaL_g_err": 0.001675875549342108,
        "DECaL_g_flux": 0.23774512961508368,
        "DECaL_g_flux_err": 0.0003672521034053042,
        "DECaL_r": 17.394748862583075,
        "DECaL_r_err": 0.0013498248526349957,
        "DECaL_r_flux": 0.4000372648691605,
        "DECaL_r_flux_err": 0.0004976494658158297,
        "DECaL_z": 16.906070070523764,
        "DECaL_z_err": 0.0020214638435908623,
        "DECaL_z_flux": 0.6274396591623803,
        "DECaL_z_flux_err": 0.0011692785410367748,
        "EBV": 0.047,
        "SDSS_g": 17.9112036,
        "SDSS_g_err": 0.008970303,
        "SDSS_g_flux": 0.24860997752057312,
        "SDSS_g_flux_err": 0.0020625127553478466,
        "SDSS_i": 17.18559955,
        "SDSS_i_err": 0.007621691,
        "SDSS_i_flux": 0.4850205885655292,
        "SDSS_i_flux_err": 0.003416743853186866,
        "SDSS_r": 17.5244106,
        "SDSS_r_err": 0.007262514,
        "SDSS_r_flux": 0.3550060499555075,
        "SDSS_r_flux_err": 0.0023826032473446947,
        "SDSS_u": 18.8337785,
        "SDSS_u_err": 0.04294281,
        "SDSS_u_flux": 0.10628906686281467,
        "SDSS_u_flux_err": 0.004288166139251322,
        "SDSS_z": 17.02510405,
        "SDSS_z_err": 0.01935624,
        "SDSS_z_flux": 0.5622874291963742,
        "SDSS_z_flux_err": 0.010114211987810285,
        "WISE_W1": 16.893545416498306,
        "WISE_W1_err": 0.004923358306455848,
        "WISE_W1_flux": 0.05411262619818301,
        "WISE_W1_flux_err": 0.0002459352489424037,
        "WISE_W2": 17.051708259851676,
        "WISE_W2_err": 0.012503128849021002,
        "WISE_W2_flux": 0.025960137685593115,
        "WISE_W2_flux_err": 0.0003006799046075238,
        "WISE_W3": 15.847557318906865,
        "WISE_W3_err": 0.09167911892433553,
        "WISE_W3_flux": 0.01451042005584164,
        "WISE_W3_flux_err": 0.0012784711562737858,
        "WISE_W4": 15.715660639466986,
        "WISE_W4_err": 0.433621069361507,
        "WISE_W4_flux": 0.00432611281851914,
        "WISE_W4_flux_err": 0.002123687490559577
    },
    "positional_error": {
        "dec_astrometric": 0.0968,
        "dec_source": 0.000545,
        "ra_astrometric": 0.0557,
        "ra_source": 0.000596
    },
    "ra": 334.0204291666666,
    "ra_FRB": 334.01987499999996,
    "redshift": {
        "z": 0.11778050000000001,
        "z_FRB": 0.11778050000000001,
        "z_spec": 0.11778050000000001
    }
}