{
    "FRB": "FRB20230718A",
    "cosmo": "Planck18",
    "dec": -40.45129722222222,
    "dec_FRB": -40.451931,
    "offsets": {
        "ang_avg": 2.742385124777935,
        "ang_avg_err": 0.6010108083865765,
        "ang_best": 2.6748055720424064,
        "ang_best_err": 0.6047983033585819,
        "physical": 1.974482182268539,
        "physical_err": 0.44644870129230846
    },
    "photom": {
        "DELVE_g": 91,
        "DELVE_g_err": 99,
        "DELVE_g_flux": 0,
        "DELVE_g_flux_err": 0,
        "DELVE_i": 95,
        "DELVE_i_err": 99,
        "DELVE_i_flux": 0,
        "DELVE_i_flux_err": 0,
        "DELVE_r": 94,
        "DELVE_r_err": 99,
        "DELVE_r_flux": 0,
        "DELVE_r_flux_err": 0,
        "DELVE_z": 16.02325596888448,
        "DELVE_z_err": 0.058489,
        "DELVE_z_flux": 1.4148083253886299,
        "DELVE_z_flux_err": 0.07621623353905752,
        "EBV": 2.0033,
        "WISE_W1": 16.20405387878418,
        "WISE_W1_err": 0.10499999672174454,
        "WISE_W1_flux": 1.1977832317352295,
        "WISE_W1_flux_err": 0.11583590507507324,
        "WISE_W2": 16.697528839111328,
        "WISE_W2_err": 0.08399999886751175,
        "WISE_W2_flux": 0.7603063583374023,
        "WISE_W2_flux_err": 0.05882251635193825,
        "WISE_W3": 14.355051040649414,
        "WISE_W3_err": 0.1340000033378601,
        "WISE_W3_flux": 6.576266288757324,
        "WISE_W3_flux_err": 0.811633288860321,
        "WISE_W4": 14.169644355773926,
        "WISE_W4_err": 0.20499999821186066,
        "WISE_W4_flux": 7.8008575439453125,
        "WISE_W4_flux_err": 1.4728953838348389
    },
    "ra": 128.16141666666667,
    "ra_FRB": 128.16192627,
    "redshift": {
        "z": 0.0359,
        "z_FRB": 0.0359,
        "z_spec": 0.0359
    }
}