{
    "FRB": "FRB20231123B",
    "cosmo": "Planck18",
    "dec": 70.78583888888889,
    "dec_FRB": 70.785056,
    "offsets": {
        "ang_avg": 3.6697663612313987,
        "ang_avg_err": 0.834910302125691,
        "ang_best": 3.516288782156986,
        "ang_best_err": 0.8488996288573544,
        "physical": 14.69315237798583,
        "physical_err": 3.5472091097038523
    },
    "photom": {
        "DECaL_g": 19.457669449172545,
        "DECaL_g_err": 0.0077317371936237115,
        "DECaL_g_flux": 0.05983182013137419,
        "DECaL_g_flux_err": 0.00042607394599593785,
        "DECaL_r": 18.335595963682916,
        "DECaL_r_err": 0.004951630992033414,
        "DECaL_r_flux": 0.16817506678537109,
        "DECaL_r_flux_err": 0.0007669826879976274,
        "DECaL_z": 17.554999702808907,
        "DECaL_z_err": 0.005093621122456831,
        "DECaL_z_flux": 0.3451438292752053,
        "DECaL_z_flux_err": 0.0016192072175335247,
        "DECam_g": 19.467590869408298,
        "DECam_g_err": 0.2,
        "DECam_g_flux": 0.05928756946831968,
        "DECam_g_flux_err": 0.010921173892608145,
        "DECam_g_ref": "Sharma2024",
        "DECam_r": 18.46571154956022,
        "DECam_r_err": 0.2,
        "DECam_r_flux": 0.14918163907054574,
        "DECam_r_flux_err": 0.027480273461780537,
        "DECam_r_ref": "Sharma2024",
        "DECam_z": 17.793460197039337,
        "DECam_z_err": 0.19,
        "DECam_z_flux": 0.27708684998340793,
        "DECam_z_flux_err": 0.04848921981797192,
        "DECam_z_ref": "Sharma2024",
        "EBV": 0.0255,
        "Pan-STARRS_g": 19.528456630804246,
        "Pan-STARRS_g_err": 0.05,
        "Pan-STARRS_g_flux": 0.05605538528815431,
        "Pan-STARRS_g_flux_err": 0.0025814458909308373,
        "Pan-STARRS_g_ref": "Sharma2024",
        "Pan-STARRS_i": 18.089403840041815,
        "Pan-STARRS_i_err": 0.01,
        "Pan-STARRS_i_flux": 0.2109786253304581,
        "Pan-STARRS_i_flux_err": 0.0019431849505051554,
        "Pan-STARRS_i_ref": "Sharma2024",
        "Pan-STARRS_r": 18.422684704248326,
        "Pan-STARRS_r_err": 0.02,
        "Pan-STARRS_r_flux": 0.1552122921658707,
        "Pan-STARRS_r_flux_err": 0.0028591160815245637,
        "Pan-STARRS_r_ref": "Sharma2024",
        "Pan-STARRS_y": 17.616686182688667,
        "Pan-STARRS_y_err": 0.04,
        "Pan-STARRS_y_flux": 0.3260810202946744,
        "Pan-STARRS_y_flux_err": 0.012013268743020899,
        "Pan-STARRS_y_ref": "Sharma2024",
        "Pan-STARRS_z": 17.849715377746328,
        "Pan-STARRS_z_err": 0.02,
        "Pan-STARRS_z_flux": 0.26309575640086186,
        "Pan-STARRS_z_flux_err": 0.004846402933748938,
        "Pan-STARRS_z_ref": "Sharma2024",
        "WISE_W1": 17.39618152189531,
        "WISE_W1_err": 0.03,
        "WISE_W1_flux": 0.3995097526111469,
        "WISE_W1_flux_err": 0.011038862410417991,
        "WISE_W1_ref": "Sharma2024",
        "WISE_W2": 17.557555005312263,
        "WISE_W2_err": 0.05,
        "WISE_W2_flux": 0.3443324813062059,
        "WISE_W2_flux_err": 0.015857096769786416,
        "WISE_W2_ref": "Sharma2024",
        "WISE_W3": 16.21669404864226,
        "WISE_W3_err": 0.06,
        "WISE_W3_flux": 1.1839200481523529,
        "WISE_W3_flux_err": 0.06542583970013761,
        "WISE_W3_ref": "Sharma2024",
        "WISE_W4": 15.366989271669157,
        "WISE_W4_err": 0.28,
        "WISE_W4_flux": 2.5894306581664734,
        "WISE_W4_flux_err": 0.6677870564776189,
        "WISE_W4_ref": "Sharma2024"
    },
    "ra": 242.53994166666666,
    "ra_FRB": 242.538167,
    "redshift": {
        "z": 0.2621,
        "z_FRB": 0.2621,
        "z_spec": 0.2621
    }
}