{
    "FRB": "FRB20220506D",
    "cosmo": "Planck18",
    "dec": 72.82715555555555,
    "dec_FRB": 72.827278,
    "offsets": {
        "ang_avg": 1.283362184110954,
        "ang_avg_err": 0.6730656246643909,
        "ang_best": 0.4602863969497994,
        "ang_best_err": 1.0632361386426914,
        "physical": 2.1179631034786683,
        "physical_err": 4.892377717119349
    },
    "photom": {
        "EBV": 0.689,
        "Pan-STARRS_r": 19.648195730005764,
        "Pan-STARRS_r_err": 0.11566700041294098,
        "Pan-STARRS_r_flux": 0.050202078942074346,
        "Pan-STARRS_r_flux_err": 0.005348190343359673,
        "WASP_i": 18.235107048830788,
        "WASP_i_err": 0.01,
        "WASP_i_flux": 0.18448334934763788,
        "WASP_i_flux_err": 0.0016991544404539355,
        "WASP_i_ref": "Sharma2024",
        "WASP_r": 18.127965042372377,
        "WASP_r_err": 0.02,
        "WASP_r_flux": 0.2036169732218972,
        "WASP_r_flux_err": 0.0037507632577704663,
        "WASP_r_ref": "Sharma2024",
        "WASP_z": 18.503991019903122,
        "WASP_z_err": 0.03,
        "WASP_z_flux": 0.14401362635368928,
        "WASP_z_flux_err": 0.003979243550760233,
        "WASP_z_ref": "Sharma2024",
        "WIRC_H": 18.333721889061515,
        "WIRC_H_err": 0.04,
        "WIRC_H_flux": 0.16846560217270698,
        "WIRC_H_flux_err": 0.006206502147922248,
        "WIRC_H_ref": "Sharma2024",
        "WIRC_J": 18.192616715307192,
        "WIRC_J_err": 0.06,
        "WIRC_J_flux": 0.1918462472020497,
        "WIRC_J_flux_err": 0.010601815414902967,
        "WIRC_J_ref": "Sharma2024",
        "WISE_W1": 18.216922441026625,
        "WISE_W1_err": 0.05,
        "WISE_W1_flux": 0.18759921548439626,
        "WISE_W1_flux_err": 0.008639263140634974,
        "WISE_W1_ref": "Sharma2024",
        "WISE_W2": 18.213947134192882,
        "WISE_W2_err": 0.05,
        "WISE_W2_flux": 0.18811400969589687,
        "WISE_W2_flux_err": 0.00866297029018219,
        "WISE_W2_ref": "Sharma2024",
        "WISE_W3": 16.584453582763672,
        "WISE_W3_err": 999.0,
        "WISE_W3_flux": 0.843759298324585,
        "WISE_W3_flux_err": -99.0,
        "WISE_W4": 15.195754051208496,
        "WISE_W4_err": 999.0,
        "WISE_W4_flux": 3.0317859649658203,
        "WISE_W4_flux_err": -99.0
    },
    "ra": 318.0447083333333,
    "ra_FRB": 318.044833,
    "redshift": {
        "z": 0.3004,
        "z_FRB": 0.3004,
        "z_spec": 0.3004
    }
}