{
    "FRB": "FRB20231226A",
    "cosmo": "Planck18",
    "dec": 6.109724472222222,
    "dec_FRB": 6.11026001,
    "offsets": {
        "ang_avg": 2.0451445626335394,
        "ang_avg_err": 0.501761287936608,
        "ang_best": 1.985906815084196,
        "ang_best_err": 0.505245980495168,
        "physical": 5.568451369126948,
        "physical_err": 1.4167017558247945
    },
    "photom": {
        "DECaL_g": 19.255107166400432,
        "DECaL_g_err": 0.0061448233686158225,
        "DECaL_g_flux": 0.07210362971002506,
        "DECaL_g_flux_err": 0.00040807708802792107,
        "DECaL_r": 18.79940830217429,
        "DECaL_r_err": 0.005067153290425624,
        "DECaL_r_flux": 0.10970758965144978,
        "DECaL_r_flux_err": 0.0005120075866041949,
        "DECaL_z": 18.513157151022117,
        "DECaL_z_err": 0.013081205432017113,
        "DECaL_z_flux": 0.1428029351270534,
        "DECaL_z_flux_err": 0.0017205233854278093,
        "DELVE_g": 19.239130045624904,
        "DELVE_g_err": 0.010635,
        "DELVE_g_flux": 0.07317251393735964,
        "DELVE_g_flux_err": 0.0007167391879477555,
        "DELVE_i": 18.602332235223184,
        "DELVE_i_err": 0.016811,
        "DELVE_i_flux": 0.1315428055298914,
        "DELVE_i_flux_err": 0.0020367434502708073,
        "DELVE_r": 18.83865489499676,
        "DELVE_r_err": 0.013876,
        "DELVE_r_flux": 0.10581275846641781,
        "DELVE_r_flux_err": 0.0013523154427802274,
        "DELVE_z": 18.642012279914493,
        "DELVE_z_err": 0.028868,
        "DELVE_z_flux": 0.12682214149502294,
        "DELVE_z_flux_err": 0.003371999169442737,
        "EBV": 0.0201,
        "Pan-STARRS_g": 19.20403510273668,
        "Pan-STARRS_g_err": 0.014348999597132206,
        "Pan-STARRS_g_flux": 0.07557635689036084,
        "Pan-STARRS_g_flux_err": 0.0009988108619939503,
        "Pan-STARRS_i": 18.659917604473662,
        "Pan-STARRS_i_err": 0.010351999662816525,
        "Pan-STARRS_i_flux": 0.12474781642382943,
        "Pan-STARRS_i_flux_err": 0.0011894135499002393,
        "Pan-STARRS_r": 18.91973649541443,
        "Pan-STARRS_r_err": 0.013446999713778496,
        "Pan-STARRS_r_flux": 0.09819862260127529,
        "Pan-STARRS_r_flux_err": 0.0012162041241932753,
        "Pan-STARRS_y": 18.76634114533242,
        "Pan-STARRS_y_err": 0.040824998170137405,
        "Pan-STARRS_y_flux": 0.11310024251490766,
        "Pan-STARRS_y_flux_err": 0.0042527062959476485,
        "Pan-STARRS_z": 18.68944674640431,
        "Pan-STARRS_z_err": 0.024467000737786293,
        "Pan-STARRS_z_flux": 0.12140072930408038,
        "Pan-STARRS_z_flux_err": 0.0027357582075955805,
        "SDSS_g": 19.26676788,
        "SDSS_g_err": 0.01857537,
        "SDSS_g_flux": 0.07133338649563176,
        "SDSS_g_flux_err": 0.0012204106685422215,
        "SDSS_i": 18.64150307,
        "SDSS_i_err": 0.01994446,
        "SDSS_i_flux": 0.1268816349868099,
        "SDSS_i_flux_err": 0.002330755557969785,
        "SDSS_r": 18.80242918,
        "SDSS_r_err": 0.01719679,
        "SDSS_r_flux": 0.10940277104077183,
        "SDSS_r_flux_err": 0.0017328117739477526,
        "SDSS_u": 20.17320908,
        "SDSS_u_err": 0.08460283,
        "SDSS_u_flux": 0.030953970352598302,
        "SDSS_u_flux_err": 0.0024119979421238008,
        "SDSS_z": 18.56358476,
        "SDSS_z_err": 0.0677434,
        "SDSS_z_flux": 0.13632204433018513,
        "SDSS_z_flux_err": 0.008505674525180576,
        "VLT_FORS2_R": 18.94206601691015,
        "VLT_FORS2_R_err": 0.0056254537892516,
        "VLT_FORS2_R_flux": 0.09619967116923149,
        "VLT_FORS2_R_flux_err": 0.0004984330469335941,
        "VLT_FORS2_R_ref": "Shannon2024",
        "VLT_HAWKI_Ks": 18.073118258761035,
        "VLT_HAWKI_Ks_err": 0.0190566584668475,
        "VLT_HAWKI_Ks_flux": 0.21416706783701714,
        "VLT_HAWKI_Ks_flux_err": 0.0037590241982631434,
        "VLT_HAWKI_Ks_ref": "Shannon2024",
        "WISE_W1": 18.630197525024414,
        "WISE_W1_err": 0.10000000149011612,
        "WISE_W1_flux": 0.12820978462696075,
        "WISE_W1_flux_err": 0.01180855743587017,
        "WISE_W2": 19.19159698486328,
        "WISE_W2_err": 0.453000009059906,
        "WISE_W2_flux": 0.07644715905189514,
        "WISE_W2_flux_err": 0.03189592808485031,
        "WISE_W3": 16.485637664794922,
        "WISE_W3_err": 999.0,
        "WISE_W3_flux": 0.9241554737091064,
        "WISE_W3_flux_err": -99.0,
        "WISE_W4": 13.853721618652344,
        "WISE_W4_err": 999.0,
        "WISE_W4_flux": 10.435453414916992,
        "WISE_W4_flux_err": -99.0
    },
    "ra": 155.3638720833333,
    "ra_FRB": 155.363739014,
    "redshift": {
        "z": 0.1569,
        "z_FRB": 0.1569,
        "z_spec": 0.1569
    }
}