{
    "FRB": "FRB20190611B",
    "cosmo": "Planck18",
    "dec": -79.39724722222223,
    "dec_FRB": -79.39758333,
    "derived": {
        "AV_nebular": 1.050443627730092,
        "AV_old": 0.45,
        "AV_old_loerr": 0.23,
        "AV_old_ref": "Gordon2023",
        "AV_old_uperr": 0.34,
        "AV_young": 1.2,
        "AV_young_loerr": 0.3,
        "AV_young_ref": "Gordon2023",
        "AV_young_uperr": 0.28,
        "EBV_spec": 0.32249012021169815,
        "Mstar": 3715352291.0,
        "Mstar_loerr": 896969359.7,
        "Mstar_ref": "Gordon2023",
        "Mstar_spec": 754135611.6315218,
        "Mstar_uperr": 1182435903.0,
        "Mtotal": 5888436554.0,
        "Mtotal_loerr": 1523278231.0,
        "Mtotal_ref": "Gordon2023",
        "Mtotal_uperr": 2054845794.0,
        "SFR_SED": 0.53,
        "SFR_SED_loerr": 0.26,
        "SFR_SED_ref": "Gordon2023",
        "SFR_SED_uperr": 0.77,
        "SFR_nebular": 0.26918480971158304,
        "Z_gas": 1.0,
        "Z_gas_loerr": 0.6198106037,
        "Z_gas_ref": "Gordon2023",
        "Z_gas_uperr": 0.2882495517,
        "Z_spec": -1.155254689268919,
        "Z_stellar": 0.1445439771,
        "Z_stellar_loerr": 0.1028570387,
        "Z_stellar_ref": "Gordon2023",
        "Z_stellar_uperr": 0.3683174069,
        "age_mass": 4.45,
        "age_mass_loerr": 1.34,
        "age_mass_ref": "Gordon2023",
        "age_mass_uperr": 0.98,
        "agn_tau": -999.0,
        "agn_tau_loerr": -999.0,
        "agn_tau_ref": "Gordon2023",
        "agn_tau_uperr": -999.0,
        "f_AGN": -999.0,
        "f_AGN_loerr": -999.0,
        "f_AGN_ref": "Gordon2023",
        "f_AGN_uperr": -999.0,
        "lg_sSFR": -9.66,
        "lg_sSFR_loerr": 0.35,
        "lg_sSFR_ref": "Gordon2023",
        "lg_sSFR_uperr": 0.38,
        "z_SED": 0.3778,
        "z_SED_loerr": 0.0,
        "z_SED_ref": "Gordon2023",
        "z_SED_uperr": 0.0
    },
    "morphology": {
        "PA": 57.62,
        "PA_err": 15.97,
        "b/a": 0.9,
        "b/a_err": 0.04,
        "dec": -79.39711553046635,
        "dec_err": 0.008,
        "n": 0.27,
        "n_err": 0.19,
        "ra": 320.74464349168306,
        "ra_err": 0.008,
        "reff_ang": 0.40159999999999996,
        "reff_ang_err": 0.020800000000000003,
        "reff_kpc": 2.1485404375300985,
        "reff_kpc_err": 0.11127898680434775
    },
    "neb_lines": {
        "Halpha": 4.886669581330679e-17,
        "Halpha_err": 4.548112584928302e-18,
        "Hbeta": 1.1501636447121192e-17,
        "Hbeta_err": 3.144462654359013e-18,
        "[NII] 6584": 1.2259194091228288e-17,
        "[NII] 6584_err": 3.5431308965841374e-18,
        "[OIII] 5007": 1.7691577278339768e-17,
        "[OIII] 5007_err": 4.187041647947899e-18
    },
    "offsets": {
        "ang_avg": 2.523309118879783,
        "ang_avg_err": 1.0307603214901486,
        "ang_best": 2.193694189334669,
        "ang_best_err": 1.082179671837123,
        "physical": 11.736157055180142,
        "physical_err": 5.789608529918105
    },
    "photom": {
        "DELVE_g": 23.723043879471362,
        "DELVE_g_err": 0.184727,
        "DELVE_g_flux": 0.0011770162058493722,
        "DELVE_g_flux_err": 0.00021830194102800748,
        "DELVE_i": 22.64526605646547,
        "DELVE_i_err": 0.097172,
        "DELVE_i_flux": 0.003176095640644517,
        "DELVE_i_flux_err": 0.00029736491727941393,
        "DELVE_r": 22.860466563347295,
        "DELVE_r_err": 0.142989,
        "DELVE_r_flux": 0.0026050338381769424,
        "DELVE_r_flux_err": 0.00036669356439644675,
        "DELVE_z": 98,
        "DELVE_z_err": 99,
        "DELVE_z_flux": 0,
        "DELVE_z_flux_err": 0,
        "EBV": 0.1966,
        "GMOS_S_i": 22.398677482005763,
        "GMOS_S_i_err": 0.15,
        "GMOS_S_i_flux": 0.003985923887878796,
        "GMOS_S_i_flux_err": 0.0005905290590001788,
        "GMOS_S_i_ref": "Bhandari2021",
        "GMOS_S_r": 22.150095796962134,
        "GMOS_S_r_err": 0.15,
        "GMOS_S_r_flux": 0.005011430081103748,
        "GMOS_S_r_flux_err": 0.0007424615153939374,
        "GMOS_S_r_ref": "Bhandari2021",
        "VLT_FORS2_I": 22.073281404638774,
        "VLT_FORS2_I_err": 0.07,
        "VLT_FORS2_I_flux": 0.005378825219122234,
        "VLT_FORS2_I_flux_err": 0.000358208896369033,
        "VLT_FORS2_I_ref": "Bhandari2021",
        "VLT_FORS2_g": 23.36422654609205,
        "VLT_FORS2_g_err": 0.09,
        "VLT_FORS2_g_flux": 0.0016379829463913733,
        "VLT_FORS2_g_flux_err": 0.00014156369761599282,
        "VLT_FORS2_g_ref": "Bhandari2021"
    },
    "ra": 320.7428208333333,
    "ra_FRB": 320.7455833,
    "redshift": {
        "z": 0.3778,
        "z_FRB": 0.3778,
        "z_spec": 0.3778
    }
}