{
    "FRB": "FRB20190611B",
    "cosmo": "Planck18",
    "dec": -79.39724722222223,
    "dec_FRB": -79.39758333333334,
    "derived": {
        "AV_nebular": 1.050443627730092,
        "EBV_photom": 0.3331956937384528,
        "EBV_photom_err": 0.22171138982616093,
        "EBV_spec": 0.32249012021169815,
        "Lnu_r": 2.2779184803440624e+21,
        "Lnu_r_err": 2.0268687774269912e+20,
        "M_r": -19.29384544491277,
        "M_r_err": 0.0966077071210178,
        "Mstar": 3494760588.500322,
        "Mstar_err": 6961443635.0987835,
        "Mstar_spec": 754135611.6315218,
        "SFR_nebular": 0.26918480971158304,
        "SFR_photom": 1.4121968950926578,
        "SFR_photom_err": 1.46952000423068,
        "Z_photom": 0.009777689811948828,
        "Z_photom_err": 0.014252565314404176,
        "Z_spec": -1.155254689268919,
        "age_mass": 607.2427044007322,
        "f_AGN": 0.09823439413749685,
        "f_AGN_err": 0.07202293000842978,
        "u-r": 1.2872504533666198,
        "u-r_err": 0.18228455086252707
    },
    "morphology": {
        "PA": 57.62,
        "PA_err": 15.97,
        "b/a": 0.9,
        "b/a_err": 0.04,
        "dec": -79.39711553046635,
        "dec_err": 0.008,
        "n": 0.27,
        "n_err": 0.19,
        "ra": 320.74464349168306,
        "ra_err": 0.008,
        "reff_ang": 0.40159999999999996,
        "reff_ang_err": 0.020800000000000003,
        "reff_kpc": 2.1485404375300985,
        "reff_kpc_err": 0.11127898680434775
    },
    "neb_lines": {
        "Halpha": 4.886669581330679e-17,
        "Halpha_err": 4.548112584928302e-18,
        "Hbeta": 1.1501636447121192e-17,
        "Hbeta_err": 3.144462654359013e-18,
        "[NII] 6584": 1.2259194091228288e-17,
        "[NII] 6584_err": 3.5431308965841374e-18,
        "[OIII] 5007": 1.7691577278339768e-17,
        "[OIII] 5007_err": 4.187041647947899e-18
    },
    "offsets": {
        "ang_avg": 2.5233299380826684,
        "ang_avg_err": 1.0307626377551506,
        "ang_best": 2.193719225050598,
        "ang_best_err": 1.082180593772347,
        "physical": 11.736290995040838,
        "physical_err": 5.789613462226644
    },
    "photom": {
        "EBV": 0.1966,
        "GMOS_S_i": 22.398677482005763,
        "GMOS_S_i_err": 0.15,
        "GMOS_S_i_flux": 0.003985923887878796,
        "GMOS_S_i_flux_err": 0.0005905290590001788,
        "GMOS_S_i_ref": "Bhandari2021",
        "GMOS_S_r": 22.150095796962137,
        "GMOS_S_r_err": 0.15,
        "GMOS_S_r_flux": 0.005011430081103728,
        "GMOS_S_r_flux_err": 0.0007424615153939345,
        "GMOS_S_r_ref": "Bhandari2021",
        "VLT_FORS2_I": 22.073281404638774,
        "VLT_FORS2_I_err": 0.07,
        "VLT_FORS2_I_flux": 0.005378825219122234,
        "VLT_FORS2_I_flux_err": 0.000358208896369033,
        "VLT_FORS2_I_ref": "Bhandari2021",
        "VLT_FORS2_g": 23.36422654609205,
        "VLT_FORS2_g_err": 0.09,
        "VLT_FORS2_g_flux": 0.0016379829463913733,
        "VLT_FORS2_g_flux_err": 0.00014156369761599282,
        "VLT_FORS2_g_ref": "Bhandari2021"
    },
    "ra": 320.7428208333333,
    "ra_FRB": 320.74558333333334,
    "redshift": {
        "z": 0.3778,
        "z_FRB": 0.3778,
        "z_spec": 0.3778
    }
}
