{
    "FRB": "FRB20220319D",
    "cosmo": "Planck18",
    "dec": 71.035875,
    "dec_FRB": 71.03526,
    "offsets": {
        "ang_avg": 9.250423579829745,
        "ang_avg_err": 0.5777458339788188,
        "ang_best": 9.233917697272457,
        "ang_best_err": 0.5779815679058252,
        "physical": 17.604360690306958,
        "physical_err": 1.1019153870917446
    },
    "photom": {
        "2MASS_H": 11.990261074483097,
        "2MASS_H_err": 0.02,
        "2MASS_H_flux": 58.0624776949647,
        "2MASS_H_flux_err": 1.0695503648218,
        "2MASS_H_ref": "Sharma2024",
        "2MASS_J": 11.947014523022894,
        "2MASS_J_err": 0.02,
        "2MASS_J_flux": 60.421873190788446,
        "2MASS_J_flux_err": 1.1130120359990885,
        "2MASS_J_ref": "Sharma2024",
        "2MASS_K": 12.323423798287955,
        "2MASS_K_err": 0.02,
        "2MASS_K_flux": 42.71992435220384,
        "2MASS_K_flux_err": 0.7869300878977431,
        "2MASS_K_ref": "Sharma2024",
        "EBV": 0.6957,
        "Pan-STARRS_g": 11.159852963003852,
        "Pan-STARRS_g_err": 0.02,
        "Pan-STARRS_g_flux": 124.7552437549144,
        "Pan-STARRS_g_flux_err": 2.2980765163432357,
        "Pan-STARRS_g_ref": "Sharma2024",
        "Pan-STARRS_i": 11.624781656279389,
        "Pan-STARRS_i_err": 0.01,
        "Pan-STARRS_i_flux": 81.29939837616138,
        "Pan-STARRS_i_flux_err": 0.7487951310813342,
        "Pan-STARRS_i_ref": "Sharma2024",
        "Pan-STARRS_r": 11.424218843375602,
        "Pan-STARRS_r_err": 0.01,
        "Pan-STARRS_r_flux": 97.79405557576929,
        "Pan-STARRS_r_flux_err": 0.9007165382087906,
        "Pan-STARRS_r_ref": "Sharma2024",
        "Pan-STARRS_y": 11.542681850272071,
        "Pan-STARRS_y_err": 0.01,
        "Pan-STARRS_y_flux": 87.6853932802051,
        "Pan-STARRS_y_flux_err": 0.8076123177612822,
        "Pan-STARRS_y_ref": "Sharma2024",
        "Pan-STARRS_z": 11.712811247193027,
        "Pan-STARRS_z_err": 0.01,
        "Pan-STARRS_z_flux": 74.96792586760021,
        "Pan-STARRS_z_flux_err": 0.690480114221676,
        "Pan-STARRS_z_ref": "Sharma2024",
        "SDSS_g": 11.007622,
        "SDSS_g_err": 0.02,
        "SDSS_g_flux": 143.53281231337672,
        "SDSS_g_flux_err": 2.6439721119063475,
        "SDSS_g_ref": "Sharma2024",
        "SDSS_i": 11.58133,
        "SDSS_i_err": 0.01,
        "SDSS_i_flux": 84.61902057936275,
        "SDSS_i_flux_err": 0.7793699814791882,
        "SDSS_i_ref": "Sharma2024",
        "SDSS_r": 11.348179,
        "SDSS_r_err": 0.01,
        "SDSS_r_flux": 104.88862550089276,
        "SDSS_r_flux_err": 0.9660599420119632,
        "SDSS_r_ref": "Sharma2024",
        "SDSS_u": 10.783159999999999,
        "SDSS_u_err": 0.14,
        "SDSS_u_flux": 176.4964580303227,
        "SDSS_u_flux_err": 22.75829434070474,
        "SDSS_u_ref": "Sharma2024",
        "SDSS_z": 11.651961,
        "SDSS_z_err": 0.02,
        "SDSS_z_flux": 79.28948449928573,
        "SDSS_z_flux_err": 1.4605662803139026,
        "SDSS_z_ref": "Sharma2024",
        "WISE_W1": 12.80592106789355,
        "WISE_W1_err": 0.0,
        "WISE_W1_flux": 27.39249349180426,
        "WISE_W1_flux_err": 0.0,
        "WISE_W1_ref": "Sharma2024",
        "WISE_W2": 13.353304921612034,
        "WISE_W2_err": 0.0,
        "WISE_W2_flux": 16.545428746832478,
        "WISE_W2_flux_err": 0.0,
        "WISE_W2_ref": "Sharma2024",
        "WISE_W3": 12.0703536959615,
        "WISE_W3_err": 0.0,
        "WISE_W3_flux": 53.93348898257424,
        "WISE_W3_flux_err": 0.0,
        "WISE_W3_ref": "Sharma2024",
        "WISE_W4": 11.917869098954611,
        "WISE_W4_err": 0.0,
        "WISE_W4_flux": 62.065799584335664,
        "WISE_W4_flux_err": 0.0,
        "WISE_W4_ref": "Sharma2024"
    },
    "ra": 32.17025833333333,
    "ra_FRB": 32.1779208,
    "redshift": {
        "z": 0.1,
        "z_FRB": 0.1,
        "z_spec": 0.1
    }
}