{
    "FRB": "FRB20220319D",
    "cosmo": "Planck18",
    "dec": 71.035875,
    "dec_FRB": 71.03526,
    "derived": {
        "AV_old": 0.34,
        "AV_old_loerr": -0.01,
        "AV_old_ref": "Sharma2024",
        "AV_old_uperr": 0.01,
        "Mtotal": 12609561959.936844,
        "Mtotal_loerr": -122536838.59283066,
        "Mtotal_ref": "Sharma2024",
        "Mtotal_uperr": 64038158.37444115,
        "SFR_SED": 0.4238,
        "SFR_SED_loerr": -0.0209,
        "SFR_SED_ref": "Sharma2024",
        "SFR_SED_uperr": 0.0222
    },
    "offsets": {
        "ang_avg": 9.259871760563033,
        "ang_avg_err": 0.5777504427130394,
        "ang_best": 9.24338303767507,
        "ang_best_err": 0.5779856849763574,
        "physical": 2.1934931459659532,
        "physical_err": 0.13715840112809607
    },
    "photom": {
        "EBV": 0.6957,
        "Pan-STARRS_g": 11.159852963003852,
        "Pan-STARRS_g_err": 0.02,
        "Pan-STARRS_g_flux": 124.7552437549144,
        "Pan-STARRS_g_flux_err": 2.2980765163432357,
        "Pan-STARRS_g_ref": "Sharma2024",
        "Pan-STARRS_i": 11.624781656279389,
        "Pan-STARRS_i_err": 0.01,
        "Pan-STARRS_i_flux": 81.29939837616138,
        "Pan-STARRS_i_flux_err": 0.7487951310813342,
        "Pan-STARRS_i_ref": "Sharma2024",
        "Pan-STARRS_r": 11.424218843375602,
        "Pan-STARRS_r_err": 0.01,
        "Pan-STARRS_r_flux": 97.79405557576929,
        "Pan-STARRS_r_flux_err": 0.9007165382087906,
        "Pan-STARRS_r_ref": "Sharma2024",
        "Pan-STARRS_y": 11.542681850272071,
        "Pan-STARRS_y_err": 0.01,
        "Pan-STARRS_y_flux": 87.6853932802051,
        "Pan-STARRS_y_flux_err": 0.8076123177612822,
        "Pan-STARRS_y_ref": "Sharma2024",
        "Pan-STARRS_z": 11.712811247193027,
        "Pan-STARRS_z_err": 0.01,
        "Pan-STARRS_z_flux": 74.96792586760021,
        "Pan-STARRS_z_flux_err": 0.690480114221676,
        "Pan-STARRS_z_ref": "Sharma2024",
        "SDSS_g": 11.007622,
        "SDSS_g_err": 0.02,
        "SDSS_g_flux": 143.53281231337672,
        "SDSS_g_flux_err": 2.6439721119063475,
        "SDSS_g_ref": "Sharma2024",
        "SDSS_i": 11.58133,
        "SDSS_i_err": 0.01,
        "SDSS_i_flux": 84.61902057936275,
        "SDSS_i_flux_err": 0.7793699814791882,
        "SDSS_i_ref": "Sharma2024",
        "SDSS_r": 11.348179,
        "SDSS_r_err": 0.01,
        "SDSS_r_flux": 104.88862550089276,
        "SDSS_r_flux_err": 0.9660599420119632,
        "SDSS_r_ref": "Sharma2024",
        "SDSS_u": 10.783159999999999,
        "SDSS_u_err": 0.14,
        "SDSS_u_flux": 176.4964580303227,
        "SDSS_u_flux_err": 22.75829434070474,
        "SDSS_u_ref": "Sharma2024",
        "SDSS_z": 11.651961,
        "SDSS_z_err": 0.02,
        "SDSS_z_flux": 79.28948449928573,
        "SDSS_z_flux_err": 1.4605662803139026,
        "SDSS_z_ref": "Sharma2024",
        "WISE_W1": 12.80592106789355,
        "WISE_W1_err": 0.0,
        "WISE_W1_flux": 27.39249349180426,
        "WISE_W1_flux_err": 0.0,
        "WISE_W1_ref": "Sharma2024",
        "WISE_W2": 13.353304921612034,
        "WISE_W2_err": 0.0,
        "WISE_W2_flux": 16.545428746832478,
        "WISE_W2_flux_err": 0.0,
        "WISE_W2_ref": "Sharma2024",
        "WISE_W3": 12.0703536959615,
        "WISE_W3_err": 0.0,
        "WISE_W3_flux": 53.93348898257424,
        "WISE_W3_flux_err": 0.0,
        "WISE_W3_ref": "Sharma2024",
        "WISE_W4": 11.917869098954611,
        "WISE_W4_err": 0.0,
        "WISE_W4_flux": 62.065799584335664,
        "WISE_W4_flux_err": 0.0,
        "WISE_W4_ref": "Sharma2024"
    },
    "ra": 32.170249999999996,
    "ra_FRB": 32.1779208,
    "redshift": {
        "z": 0.0112,
        "z_FRB": 0.0112,
        "z_spec": 0.0112
    }
}