{
    "FRB": "FRB20210117A",
    "cosmo": "Planck18",
    "dec": -16.151491666666665,
    "dec_FRB": -16.151514,
    "derived": {
        "AV_old": 0.05,
        "AV_old_loerr": 0.03,
        "AV_old_ref": "Gordon2023",
        "AV_old_uperr": 0.06,
        "AV_young": 1.19,
        "AV_young_loerr": 0.32,
        "AV_young_ref": "Gordon2023",
        "AV_young_uperr": 0.26,
        "Mstar": 389045145.0,
        "Mstar_loerr": 50200988.86,
        "Mstar_ref": "Gordon2023",
        "Mstar_uperr": 47470687.25,
        "Mtotal": 630957344.5,
        "Mtotal_loerr": 93925548.11,
        "Mtotal_ref": "Gordon2023",
        "Mtotal_uperr": 76988439.9,
        "SFR_SED": 0.02,
        "SFR_SED_loerr": 0.01,
        "SFR_SED_ref": "Gordon2023",
        "SFR_SED_uperr": 0.01,
        "Z_gas": 0.5011872336,
        "Z_gas_loerr": 0.08431785016,
        "Z_gas_ref": "Gordon2023",
        "Z_gas_uperr": 0.08765642173,
        "Z_stellar": 0.01513561248,
        "Z_stellar_loerr": 0.003654076269,
        "Z_stellar_ref": "Gordon2023",
        "Z_stellar_uperr": 0.007773064043,
        "age_mass": 5.01,
        "age_mass_loerr": 1.21,
        "age_mass_ref": "Gordon2023",
        "age_mass_uperr": 0.95,
        "agn_tau": -999.0,
        "agn_tau_loerr": -999.0,
        "agn_tau_ref": "Gordon2023",
        "agn_tau_uperr": -999.0,
        "f_AGN": -999.0,
        "f_AGN_loerr": -999.0,
        "f_AGN_ref": "Gordon2023",
        "f_AGN_uperr": -999.0,
        "lg_sSFR": -10.15,
        "lg_sSFR_loerr": 0.23,
        "lg_sSFR_ref": "Gordon2023",
        "lg_sSFR_uperr": 0.24,
        "z_SED": 0.2145,
        "z_SED_loerr": 0.0,
        "z_SED_ref": "Gordon2023",
        "z_SED_uperr": 0.0
    },
    "offsets": {
        "ang_avg": 0.8062172525867477,
        "ang_avg_err": 0.12902438696215449,
        "ang_best": 0.7970784218490607,
        "ang_best_err": 0.1293476349154165,
        "physical": 2.8679803774104324,
        "physical_err": 0.4654077549123659
    },
    "photom": {
        "DEIMOS_r": 22.97230204935631,
        "DEIMOS_r_err": 0.0401,
        "DEIMOS_r_flux": 0.002350061212392358,
        "DEIMOS_r_flux_err": 8.841865632971488e-05,
        "DEIMOS_r_ref": "Bhandari2023",
        "EBV": 0.0474,
        "SOAR_z": 22.199693328025226,
        "SOAR_z_err": 0.1614,
        "SOAR_z_flux": 0.004787652967464867,
        "SOAR_z_flux_err": 0.0007673291228947252,
        "SOAR_z_ref": "Gordon2023",
        "VLT_FORS2_I": 22.234716461430903,
        "VLT_FORS2_I_err": 0.0464,
        "VLT_FORS2_I_flux": 0.004635679579986477,
        "VLT_FORS2_I_flux_err": 0.00020240447909348168,
        "VLT_FORS2_I_ref": "Bhandari2023",
        "VLT_FORS2_g": 23.603773116690714,
        "VLT_FORS2_g_err": 0.024,
        "VLT_FORS2_g_flux": 0.0013136835074270565,
        "VLT_FORS2_g_flux_err": 2.9362059287210067e-05,
        "VLT_FORS2_g_ref": "Bhandari2023",
        "VLT_HAWKI_H": 22.940615811013885,
        "VLT_HAWKI_H_err": 0.0969,
        "VLT_HAWKI_H_flux": 0.0024196562380054154,
        "VLT_HAWKI_H_flux_err": 0.00022587972651496953,
        "VLT_HAWKI_H_ref": "Bhandari2023",
        "VLT_HAWKI_J": 22.693411108076333,
        "VLT_HAWKI_J_err": 0.0799,
        "VLT_HAWKI_J_flux": 0.003038334262351869,
        "VLT_HAWKI_J_flux_err": 0.00023202565329824419,
        "VLT_HAWKI_J_ref": "Bhandari2023",
        "VLT_HAWKI_Ks": 22.801032595755366,
        "VLT_HAWKI_Ks_err": 0.1023,
        "VLT_HAWKI_Ks_flux": 0.002751610487116983,
        "VLT_HAWKI_Ks_flux_err": 0.00027186850935532607,
        "VLT_HAWKI_Ks_ref": "Bhandari2023"
    },
    "ra": 339.9794583333333,
    "ra_FRB": 339.979229,
    "redshift": {
        "z": 0.2145,
        "z_FRB": 0.2145,
        "z_spec": 0.2145
    }
}