{
    "FRB": "FRB20210117A",
    "cosmo": "Planck18",
    "dec": -16.151491666666665,
    "dec_FRB": -16.151445389,
    "derived": {
        "AV_old": 0.05,
        "AV_old_loerr": 0.03,
        "AV_old_ref": "Gordon2023",
        "AV_old_uperr": 0.06,
        "AV_young": 1.19,
        "AV_young_loerr": 0.32,
        "AV_young_ref": "Gordon2023",
        "AV_young_uperr": 0.26,
        "Mstar": 389045145.0,
        "Mstar_loerr": 50200988.86,
        "Mstar_ref": "Gordon2023",
        "Mstar_uperr": 47470687.25,
        "Mtotal": 630957344.5,
        "Mtotal_loerr": 93925548.11,
        "Mtotal_ref": "Gordon2023",
        "Mtotal_uperr": 76988439.9,
        "SFR_SED": 0.02,
        "SFR_SED_loerr": 0.01,
        "SFR_SED_ref": "Gordon2023",
        "SFR_SED_uperr": 0.01,
        "Z_gas": 0.5011872336,
        "Z_gas_loerr": 0.08431785016,
        "Z_gas_ref": "Gordon2023",
        "Z_gas_uperr": 0.08765642173,
        "Z_stellar": 0.01513561248,
        "Z_stellar_loerr": 0.003654076269,
        "Z_stellar_ref": "Gordon2023",
        "Z_stellar_uperr": 0.007773064043,
        "age_mass": 5.01,
        "age_mass_loerr": 1.21,
        "age_mass_ref": "Gordon2023",
        "age_mass_uperr": 0.95,
        "agn_tau": -999.0,
        "agn_tau_loerr": -999.0,
        "agn_tau_ref": "Gordon2023",
        "agn_tau_uperr": -999.0,
        "f_AGN": -999.0,
        "f_AGN_loerr": -999.0,
        "f_AGN_ref": "Gordon2023",
        "f_AGN_uperr": -999.0,
        "lg_sSFR": -10.15,
        "lg_sSFR_loerr": 0.23,
        "lg_sSFR_ref": "Gordon2023",
        "lg_sSFR_uperr": 0.24,
        "z_SED": 0.2145,
        "z_SED_loerr": 0.0,
        "z_SED_ref": "Gordon2023",
        "z_SED_uperr": 0.0
    },
    "offsets": {
        "ang_avg": 1.0505756660147254,
        "ang_avg_err": 0.3909994669790697,
        "ang_best": 0.9528808603978274,
        "ang_best_err": 0.4030196747336789,
        "physical": 3.4285755764047585,
        "physical_err": 1.4501114158443558
    },
    "photom": {
        "DECaL_g": 24.160315898312515,
        "DECaL_g_err": 0.2144137816700642,
        "DECaL_g_flux": 0.000786816819257004,
        "DECaL_g_flux_err": 0.0001553824667162942,
        "DECaL_r": Infinity,
        "DECaL_r_err": -99.0,
        "DECaL_r_flux": 0.0,
        "DECaL_r_flux_err": -99.0,
        "DECaL_z": 22.97869847082398,
        "DECaL_z_err": 0.22147631254009997,
        "DECaL_z_flux": 0.002336256947942473,
        "DECaL_z_flux_err": 0.0004765665653488589,
        "DEIMOS_r": 22.97047053285986,
        "DEIMOS_r_err": 0.0401,
        "DEIMOS_r_flux": 0.0023540288504199144,
        "DEIMOS_r_flux_err": 8.694244190085508e-05,
        "DEIMOS_r_ref": "Bhandari2023",
        "EBV": 0.0474,
        "SOAR_z": 22.195093131222514,
        "SOAR_z_err": 0.1614,
        "SOAR_z_flux": 0.004807980989326857,
        "SOAR_z_flux_err": 0.000714729902416975,
        "SOAR_z_ref": "Gordon2023",
        "VLT_FORS2_I": 22.5959814074362,
        "VLT_FORS2_I_err": 0.0579529511213013,
        "VLT_FORS2_I_flux": 0.0033235899060531965,
        "VLT_FORS2_I_flux_err": 0.00017740206371368042,
        "VLT_FORS2_I_ref": "Shannon2024",
        "VLT_FORS2_g": 23.684353001799952,
        "VLT_FORS2_g_err": 0.0236586716713989,
        "VLT_FORS2_g_flux": 0.0012197162042572435,
        "VLT_FORS2_g_flux_err": 2.6578155064135047e-05,
        "VLT_FORS2_g_ref": "Shannon2024",
        "VLT_HAWKI_H": 22.43137184342433,
        "VLT_HAWKI_H_err": -800.0,
        "VLT_HAWKI_H_flux": 0.0038676864318774487,
        "VLT_HAWKI_H_flux_err": -99.0,
        "VLT_HAWKI_H_ref": "Shannon2024",
        "VLT_HAWKI_J": 22.66509896618565,
        "VLT_HAWKI_J_err": 0.1337623136467761,
        "VLT_HAWKI_J_flux": 0.003118605265470349,
        "VLT_HAWKI_J_flux_err": 0.00038421105774331395,
        "VLT_HAWKI_J_ref": "Shannon2024",
        "VLT_HAWKI_Ks": 22.38969287123279,
        "VLT_HAWKI_Ks_err": -800.0,
        "VLT_HAWKI_Ks_flux": 0.0040190447864253374,
        "VLT_HAWKI_Ks_flux_err": -99.0,
        "VLT_HAWKI_Ks_ref": "Shannon2024"
    },
    "ra": 339.9794583333333,
    "ra_FRB": 339.979187012,
    "redshift": {
        "z": 0.2145,
        "z_FRB": 0.2145,
        "z_spec": 0.2145
    }
}