{
    "FRB": "FRB20230712A",
    "cosmo": "Planck18",
    "dec": 0.020155003055555554,
    "dec_FRB": 72.557783,
    "offsets": {
        "ang_avg": 385149.69136933406,
        "ang_avg_err": 0.9328638807690838,
        "ang_best": 385149.6913668677,
        "ang_best_err": 0.932863880772344,
        "physical": 2294081.105086601,
        "physical_err": 5.556451038303212
    },
    "ra": 0.003099265015432099,
    "ra_FRB": 167.358529,
    "redshift": {
        "z": 0.4525,
        "z_FRB": 0.4525,
        "z_spec": 0.4525
    }
}