{
    "FRB": "180924",
    "cosmo": "Planck15",
    "dec": -40.900225,
    "derived": {
        "AV_nebular": 0.7917584440105081,
        "EBV_photom": 0.26696021019289895,
        "EBV_photom_err": 0.11409651615769302,
        "EBV_spec": 0.17217024497708244,
        "Lnu_r": 8.832473807459252e+21,
        "Lnu_r_err": 4.416236903729626e+20,
        "M_r": -20.765205895540973,
        "M_r_err": 0.05428681023790647,
        "Mstar": 22454584690.16538,
        "Mstar_err": 7114264761.28221,
        "Mstar_spec": 12560336857.112703,
        "SFR_nebular": 0.8763484887409289,
        "SFR_nebular_err": -999.0,
        "SFR_photom": 2.9199953061580506,
        "SFR_photom_err": 3.9101845793972356,
        "Z_photom": 0.012670477657916993,
        "Z_photom_err": 0.014291544504794269,
        "Z_spec": -0.07485665291622498,
        "f_AGN": 0.2379513222257412,
        "f_AGN_err": 0.2072343379515631,
        "u-r": 1.74720683809408,
        "u-r_err": 0.1627709656798918
    },
    "morphology": {
        "PA": 23.83,
        "PA_err": 3.96,
        "b/a": 0.71,
        "b/a_err": 0.03,
        "dec": -40.900230171796345,
        "dec_err": 0.00789,
        "n": 2.3,
        "n_err": 0.26,
        "ra": 326.1051997590707,
        "ra_err": 0.00526,
        "reff_ang": 0.57071,
        "reff_ang_err": 0.02104,
        "reff_kpc": 2.7465736379422694,
        "reff_kpc_err": 0.10125617098404678
    },
    "neb_lines": {
        "Halpha": 2.793917587884555e-16,
        "Halpha_err": 3.013472394842759e-18,
        "Hbeta": 7.242965230541272e-17,
        "Hbeta_err": 1.5593501300981236e-18,
        "Hgamma": 3.52957234235739e-17,
        "Hgamma_err": 1.8936419894150185e-18,
        "[NII] 6584": 1.9436203074257232e-16,
        "[NII] 6584_err": 2.883753521518385e-18,
        "[OIII] 5007": 7.872197042791452e-17,
        "[OIII] 5007_err": 1.8660434494152508e-18,
        "[OII] 3726": 3.977909646683979e-17,
        "[OII] 3726_err": 2.348287321814086e-18,
        "[OII] 3729": 6.947411709871694e-17,
        "[OII] 3729_err": 2.5078099684377433e-18
    },
    "photom": {
        "DES_Y": 19.78617365266614,
        "DES_Y_err": 0.056431600000000005,
        "DES_g": 21.551067250412807,
        "DES_g_err": 0.0269829,
        "DES_i": 20.103623793102997,
        "DES_i_err": 0.0186293,
        "DES_r": 20.493531812405237,
        "DES_r_err": 0.0156388,
        "DES_z": 19.82913789301026,
        "DES_z_err": 0.020038900000000002,
        "EBV": 0.0193,
        "VLT_FORS2_I": 20.066895766602293,
        "VLT_FORS2_I_err": 0.02,
        "VLT_FORS2_g": 21.30653561085921,
        "VLT_FORS2_g_err": 0.04,
        "WISE_W1": 16.843685731505186,
        "WISE_W1_err": 0.102,
        "WISE_W2": 16.06064991331171,
        "WISE_W2_err": 0.185,
        "WISE_W3": 11.690598109514454,
        "WISE_W3_err": -999.0,
        "WISE_W4": 8.500795764566254,
        "WISE_W4_err": -999.0
    },
    "ra": 326.1052083333333,
    "redshift": {
        "z": 0.3212,
        "z_FRB": 0.3212,
        "z_spec": 0.3212
    }
}
