{
    "FRB": "FRB180924",
    "cosmo": "Planck15",
    "dec": -40.90022222222222,
    "dec_FRB": -40.90002777777778,
    "derived": {
        "AV_nebular": 0.7917584440105081,
        "EBV_photom": 0.30680281982249247,
        "EBV_photom_err": 0.11099262185447464,
        "EBV_spec": 0.17217024497708244,
        "Lnu_r": 9.1812362986915e+21,
        "Lnu_r_err": 4.59061814934575e+20,
        "M_r": -20.807252912575215,
        "M_r_err": 0.05428681023790647,
        "Mstar": 13234909371.953825,
        "Mstar_err": 5055043404.296791,
        "Mstar_spec": 12560336857.112703,
        "SFR_nebular": 0.8763484887546509,
        "SFR_nebular_err": -999.0,
        "SFR_photom": 2.029897092912971,
        "SFR_photom_err": 2.841465247802765,
        "Z_photom": 0.005666169778486658,
        "Z_photom_err": 0.009809029187362926,
        "Z_spec": -0.07485665291622498,
        "age_mass": 383.42075323101426,
        "f_AGN": 0.0998315418958591,
        "f_AGN_err": 0.07622276151999985,
        "u-r": 1.7815692371447855,
        "u-r_err": 0.14557622154188526
    },
    "morphology": {
        "PA": 83.05,
        "PA_err": 12.04,
        "b/a": 0.89,
        "b/a_err": 0.02,
        "dec": -40.900216358441874,
        "dec_err": 0.005132515516873788,
        "n": 4.05,
        "n_err": 0.9,
        "ra": 326.10519772980297,
        "ra_err": 0.005132515516873788,
        "reff_ang": 0.5851067689236118,
        "reff_ang_err": 0.11034908361278643,
        "reff_kpc": 2.8158588896412575,
        "reff_kpc_err": 0.5310611063797108
    },
    "neb_lines": {
        "Halpha": 2.793917587884555e-16,
        "Halpha_err": 3.013472394842759e-18,
        "Hbeta": 7.242965230541272e-17,
        "Hbeta_err": 1.5593501300981236e-18,
        "Hgamma": 3.52957234235739e-17,
        "Hgamma_err": 1.8936419894150185e-18,
        "[NII] 6584": 1.9436203074257232e-16,
        "[NII] 6584_err": 2.883753521518385e-18,
        "[OIII] 5007": 7.872197042791452e-17,
        "[OIII] 5007_err": 1.8660434494152508e-18,
        "[OII] 3726": 3.977909646683979e-17,
        "[OII] 3726_err": 2.348287321814086e-18,
        "[OII] 3729": 6.947411709871694e-17,
        "[OII] 3729_err": 2.5078099684377433e-18
    },
    "offsets": {
        "ang_avg": 0.7066782158974648,
        "ang_avg_err": 0.11551890797698443,
        "ang_best": 0.7000918119916533,
        "ang_best_err": 0.11570652019918955,
        "physical": 3.369230808914334,
        "physical_err": 0.5568440681206338
    },
    "photom": {
        "DES_Y": 19.789268983065682,
        "DES_Y_err": 0.056431600000000005,
        "DES_Y_flux": 4.408515794288702e-05,
        "DES_Y_flux_err": 2.351936804302065e-06,
        "DES_g": 21.561015806498006,
        "DES_g_err": 0.0269829,
        "DES_g_flux": 8.621715178828459e-06,
        "DES_g_flux_err": 2.1695303598268942e-07,
        "DES_i": 20.108418259951364,
        "DES_i_err": 0.0186293,
        "DES_i_flux": 3.2857361830881765e-05,
        "DES_i_flux_err": 5.68638282306953e-07,
        "DES_r": 20.50024091451683,
        "DES_r_err": 0.0156388,
        "DES_r_flux": 2.290359357368534e-05,
        "DES_r_flux_err": 3.3228768681330176e-07,
        "DES_z": 19.832713667943604,
        "DES_z_err": 0.020038900000000002,
        "DES_z_flux": 4.235595976802157e-05,
        "DES_z_flux_err": 7.890018641122774e-07,
        "EBV": 0.0166,
        "VLT_FORS2_I": 20.071526286300077,
        "VLT_FORS2_I_err": 0.02,
        "VLT_FORS2_I_flux": 3.399299886563694e-05,
        "VLT_FORS2_I_flux_err": 6.319770330342108e-07,
        "VLT_FORS2_g": 21.31680969253246,
        "VLT_FORS2_g_err": 0.04,
        "VLT_FORS2_g_flux": 1.0796329169043373e-05,
        "VLT_FORS2_g_flux_err": 4.0516913036399916e-07,
        "WISE_W1": 16.844009482391797,
        "WISE_W1_err": 0.102,
        "WISE_W1_flux": 5.663866200348454e-05,
        "WISE_W1_flux_err": 5.578899431656933e-06,
        "WISE_W2": 16.060838784312814,
        "WISE_W2_err": 0.185,
        "WISE_W2_flux": 6.466284100783974e-05,
        "WISE_W2_flux_err": 1.2012335026958498e-05,
        "WISE_W3": 11.69065433198682,
        "WISE_W3_err": -999.0,
        "WISE_W3_flux": 0.0006674844914102428,
        "WISE_W3_flux_err": -99.0,
        "WISE_W4": 8.500824336350021,
        "WISE_W4_err": -999.0,
        "WISE_W4_flux": 0.0033268434295047195,
        "WISE_W4_flux_err": -99.0
    },
    "positional_error": {
        "dec_astrometric": 0.0228,
        "dec_source": 0.00026000000000000003,
        "ra_astrometric": 0.0243,
        "ra_source": 0.00032900000000000003
    },
    "ra": 326.1052333333333,
    "ra_FRB": 326.1052291666667,
    "redshift": {
        "z": 0.3212,
        "z_FRB": 0.3212,
        "z_spec": 0.3212
    }
}