{
    "FRB": "FRB20220509G",
    "cosmo": "Planck18",
    "dec": 70.24276416666667,
    "dec_FRB": 70.243833,
    "derived": {
        "AV_old": 0.0496,
        "AV_old_loerr": -0.0155,
        "AV_old_ref": "Sharma2024",
        "AV_old_uperr": 0.0184,
        "Mtotal": 50211130546.99527,
        "Mtotal_loerr": -1075007852.1411057,
        "Mtotal_ref": "Sharma2024",
        "Mtotal_uperr": 1501901244.7009735,
        "SFR_SED": 0.2542,
        "SFR_SED_loerr": -0.0396,
        "SFR_SED_ref": "Sharma2024",
        "SFR_SED_uperr": 0.0661
    },
    "offsets": {
        "ang_avg": 7.079692137975502,
        "ang_avg_err": 1.9445675307664176,
        "ang_best": 6.842038278027825,
        "ang_best_err": 1.95903604838171,
        "physical": 11.805806543609835,
        "physical_err": 3.380279334803553
    },
    "photom": {
        "DECaL_g": 17.29998245044301,
        "DECaL_g_err": 0.0019171936612600033,
        "DECaL_g_flux": 0.4365228822902976,
        "DECaL_g_flux_err": 0.00077081237528442,
        "DECaL_r": 16.441890369976218,
        "DECaL_r_err": 0.0014143670997953722,
        "DECaL_r_flux": 0.9621523530356869,
        "DECaL_r_flux_err": 0.0012533768581729598,
        "DECaL_z": 15.760422208696006,
        "DECaL_z_err": 0.001505380655949684,
        "DECaL_z_flux": 1.8023167165399352,
        "DECaL_z_flux_err": 0.002498924424813102,
        "DECam_g": 17.06114983739007,
        "DECam_g_err": 0.21,
        "DECam_g_flux": 0.5439263011876426,
        "DECam_g_flux_err": 0.10520467379537267,
        "DECam_g_ref": "Sharma2024",
        "DECam_r": 16.37163058287119,
        "DECam_r_err": 0.21,
        "DECam_r_flux": 1.0264735455638518,
        "DECam_r_flux_err": 0.19853758548691786,
        "DECam_r_ref": "Sharma2024",
        "DECam_z": 15.971343223773628,
        "DECam_z_err": 0.19,
        "DECam_z_flux": 1.4840984270363466,
        "DECam_z_flux_err": 0.2597119815118651,
        "DECam_z_ref": "Sharma2024",
        "EBV": 0.0549,
        "Pan-STARRS_g": 17.003009423996716,
        "Pan-STARRS_g_err": 0.02,
        "Pan-STARRS_g_flux": 0.5738471442228429,
        "Pan-STARRS_g_flux_err": 0.010570655039557779,
        "Pan-STARRS_g_ref": "Sharma2024",
        "Pan-STARRS_i": 16.131087401524812,
        "Pan-STARRS_i_err": 0.01,
        "Pan-STARRS_i_flux": 1.2810469113022953,
        "Pan-STARRS_i_flux_err": 0.011798878085562924,
        "Pan-STARRS_i_ref": "Sharma2024",
        "Pan-STARRS_r": 16.365111502058376,
        "Pan-STARRS_r_err": 0.01,
        "Pan-STARRS_r_flux": 1.0326553359450295,
        "Pan-STARRS_r_flux_err": 0.009511107130991134,
        "Pan-STARRS_r_ref": "Sharma2024",
        "Pan-STARRS_y": 15.798282664148035,
        "Pan-STARRS_y_err": 0.02,
        "Pan-STARRS_y_flux": 1.7405517035113307,
        "Pan-STARRS_y_flux_err": 0.03206214724872466,
        "Pan-STARRS_y_ref": "Sharma2024",
        "Pan-STARRS_z": 16.02327605444615,
        "Pan-STARRS_z_err": 0.01,
        "Pan-STARRS_z_flux": 1.414782152403981,
        "Pan-STARRS_z_flux_err": 0.013030625175837746,
        "Pan-STARRS_z_ref": "Sharma2024",
        "WISE_W1": 16.47177938213547,
        "WISE_W1_err": 0.01,
        "WISE_W1_flux": 0.9360267093758382,
        "WISE_W1_flux_err": 0.008621124590612301,
        "WISE_W1_ref": "Sharma2024",
        "WISE_W2": 17.074736105345707,
        "WISE_W2_err": 0.02,
        "WISE_W2_flux": 0.5371623339554181,
        "WISE_W2_flux_err": 0.009894895861469081,
        "WISE_W2_ref": "Sharma2024",
        "WISE_W3": 16.5428844036768,
        "WISE_W3_err": 0.03,
        "WISE_W3_flux": 0.8766903634354963,
        "WISE_W3_flux_err": 0.024223849944217273,
        "WISE_W3_ref": "Sharma2024",
        "WISE_W4": 15.833518109630127,
        "WISE_W4_err": 0.23,
        "WISE_W4_flux": 1.6849722407710201,
        "WISE_W4_flux_err": 0.35694086066114755,
        "WISE_W4_ref": "Sharma2024"
    },
    "ra": 282.67464916666665,
    "ra_FRB": 282.67,
    "redshift": {
        "z": 0.0894,
        "z_FRB": 0.0894,
        "z_spec": 0.0894
    }
}