{
    "FRB": "FRB191228",
    "cosmo": "Planck15",
    "dec": -29.594203999999998,
    "dec_FRB": -29.594083333333334,
    "derived": {
        "EBV_photom": 0.47439201893826777,
        "EBV_photom_err": 0.25313770586248646,
        "EBV_spec": 0.6858030649230903,
        "Lnu_r": 8.824226752713792e+20,
        "Lnu_r_err": 4.412113376356896e+19,
        "M_r": -18.26419164867867,
        "M_r_err": 0.05428681023790647,
        "Mstar": 5353407506.427006,
        "Mstar_err": 6041608284.575709,
        "Mstar_spec": 28461985085.124126,
        "SFR_nebular": 0.028404274466589607,
        "SFR_photom": 0.2002482571709272,
        "SFR_photom_err": 0.4562859736679772,
        "Z_photom": 0.012285008624873826,
        "Z_photom_err": 0.016855468136521046,
        "Z_spec": -0.4641005688287729,
        "age_mass": 760.7114527097034,
        "f_AGN": 0.09774771965207694,
        "f_AGN_err": 0.07542189704574626,
        "u-r": 2.1324868391184695,
        "u-r_err": 0.7422042727886725
    },
    "neb_lines": {
        "Halpha": 3.004182313912709e-17,
        "Halpha_err": 1.776185487993526e-18,
        "Hbeta": 2.2994069886900283e-18,
        "Hbeta_err": 2.490798795915987e-18,
        "[NII] 6584": 8.052280405069888e-18,
        "[NII] 6584_err": 2.136178126883877e-18,
        "[OIII] 5007": 1.2520609814797582e-17,
        "[OIII] 5007_err": 3.099397217991115e-18
    },
    "offsets": {
        "ang_avg": 1.7484010515608717,
        "ang_avg_err": 0.7777056638457908,
        "ang_best": 1.4367765316619356,
        "ang_best_err": 0.8378161737398391,
        "physical": 5.678995174477314,
        "physical_err": 3.3115476922942313
    },
    "photom": {
        "EBV": 0.0242,
        "VLT_FORS2_I": 21.958492764537603,
        "VLT_FORS2_I_err": 0.4,
        "VLT_FORS2_I_flux": 0.00597864667718756,
        "VLT_FORS2_I_flux_err": 0.0026631270052573275,
        "VLT_FORS2_g": 22.607892812634343,
        "VLT_FORS2_g_err": 0.5,
        "VLT_FORS2_g_flux": 0.003287326715936929,
        "VLT_FORS2_g_flux_err": 0.0019227350175470585
    },
    "ra": 344.4308541666666,
    "ra_FRB": 344.43041666666664,
    "redshift": {
        "z": 0.2432,
        "z_FRB": 0.2432,
        "z_spec": 0.2432
    }
}