{
    "FRB": "FRB191228",
    "cosmo": "Planck15",
    "dec": -29.594194444444444,
    "dec_FRB": -29.59361111,
    "derived": {
        "EBV_photom": 0.47450315628246004,
        "EBV_photom_err": 0.25317031571533666,
        "Lnu_r": 9.154876370721197e+20,
        "Lnu_r_err": 4.577438185360599e+19,
        "M_r": -18.304131209694745,
        "M_r_err": 0.05428681023790647,
        "Mstar": 5554220086.8752985,
        "Mstar_err": 6265858787.573633,
        "SFR_photom": 0.2086444541492545,
        "SFR_photom_err": 0.47463177803166456,
        "Z_photom": 0.012306113777618923,
        "Z_photom_err": 0.01686834778119356,
        "age_mass": 689.5290353912512,
        "f_AGN": 0.09763968621875461,
        "f_AGN_err": 0.07542946534853905,
        "u-r": 2.1338918600180445,
        "u-r_err": 0.7448092954839377
    },
    "offsets": {
        "ang_avg": 3.1753077653137414,
        "ang_avg_err": 1.2891370540363372,
        "ang_best": 2.7828964238920353,
        "ang_best_err": 1.347538869556595,
        "physical": 10.992954663403683,
        "physical_err": 5.323027322552123
    },
    "photom": {
        "EBV": 0.0242,
        "VLT_FORS2_I": 21.918492764537604,
        "VLT_FORS2_I_err": 0.4,
        "VLT_FORS2_I_flux": 0.006203015815718033,
        "VLT_FORS2_I_flux_err": 0.002763069942886803,
        "VLT_FORS2_g": 22.527892812634345,
        "VLT_FORS2_g_err": 0.5,
        "VLT_FORS2_g_flux": 0.0035386928555420955,
        "VLT_FORS2_g_flux_err": 0.0020697573614173502
    },
    "ra": 344.4307916666666,
    "ra_FRB": 344.43020833,
    "redshift": {
        "z": 0.243,
        "z_FRB": 0.243,
        "z_spec": 0.243
    }
}