{
    "FRB": "200430",
    "cosmo": "Planck15",
    "dec": 12.376611111111112,
    "derived": {
        "EBV_photom": 0.3073093973900757,
        "EBV_photom_err": 0.19715584642858094,
        "Lnu_r": 7.229724222055418e+20,
        "Lnu_r_err": 3.6148621110277095e+19,
        "M_r": -18.04780432860153,
        "M_r_err": 0.05428681023790647,
        "Mstar": 1521363806.8236718,
        "Mstar_err": 831108670.5091093,
        "SFR_photom": 0.25801988074440807,
        "SFR_photom_err": 0.510026266308214,
        "Z_photom": 0.007406205050753792,
        "Z_photom_err": 0.013084860816159682,
        "f_AGN": 0.09629854399684261,
        "f_AGN_err": 0.0739297171797585,
        "u-r": 1.7360183580437971,
        "u-r_err": 0.32310016410741255
    },
    "photom": {
        "EBV": 0.0426,
        "Pan-STARRS_g": 22.161908512444654,
        "Pan-STARRS_g_err": 0.07780399918556213,
        "Pan-STARRS_i": 21.159053132108397,
        "Pan-STARRS_i_err": 0.036667000502347946,
        "Pan-STARRS_r": 21.505304243701023,
        "Pan-STARRS_r_err": 0.05742599815130234,
        "Pan-STARRS_y": 20.67316436874092,
        "Pan-STARRS_y_err": 0.181085005402565,
        "Pan-STARRS_z": 20.913781686788177,
        "Pan-STARRS_z_err": 0.07339099794626236
    },
    "ra": 229.7063333333333,
    "redshift": {
        "z": 0.16,
        "z_FRB": 0.16,
        "z_spec": 0.16
    }
}
