{
    "FRB": "FRB200430",
    "cosmo": "Planck15",
    "dec": 12.376611111111112,
    "dec_FRB": 12.376888888888889,
    "derived": {
        "EBV_photom": 0.3095961249621095,
        "EBV_photom_err": 0.19804938480132378,
        "EBV_spec": 0.08614911669142879,
        "Lnu_r": 7.275364618847787e+20,
        "Lnu_r_err": 3.6376823094238937e+19,
        "M_r": -18.054636909260147,
        "M_r_err": 0.05428681023790647,
        "Mstar": 1303958069.40838,
        "Mstar_err": 597933321.8595595,
        "Mstar_spec": 42385721.338688426,
        "SFR_photom": 0.2305668156803755,
        "SFR_photom_err": 0.42125229862110675,
        "Z_photom": 0.007574325550224648,
        "Z_photom_err": 0.013288782884363913,
        "Z_spec": 0.16089083443366856,
        "age_mass": 689.5290353912512,
        "f_AGN": 0.09645877557429108,
        "f_AGN_err": 0.07396372034808145,
        "u-r": 1.7769240165204507,
        "u-r_err": 0.31107436960162776
    },
    "morphology": {
        "PA": 87.47,
        "PA_err": 61.14,
        "b/a": 0.71,
        "b/a_err": 0.5,
        "dec": 12.376575520221536,
        "dec_err": 0.1188,
        "n": 0.06,
        "n_err": 4.0,
        "ra": 229.70639290258913,
        "ra_err": 0.13068000000000002,
        "reff_ang": 0.5742,
        "reff_ang_err": 0.18612,
        "reff_kpc": 1.6413822359686217,
        "reff_kpc_err": 0.5320342420036221
    },
    "neb_lines": {
        "Halpha": 1.9218720227696544e-16,
        "Halpha_err": 7.25392090144745e-18,
        "Hbeta": 7.572590412489373e-17,
        "Hbeta_err": 1.241295584214758e-17,
        "[NII] 6584": 5.669444523243452e-17,
        "[NII] 6584_err": 7.366068862844251e-18,
        "[OIII] 5007": 6.56757002561253e-17,
        "[OIII] 5007_err": 1.489909730308678e-17
    },
    "offsets": {
        "ang_avg": 1.303037236086324,
        "ang_avg_err": 0.7864738879821305,
        "ang_best": 1.0420486034098901,
        "ang_best_err": 0.8286472366840089,
        "physical": 2.9787531637981624,
        "physical_err": 2.368733636672967
    },
    "photom": {
        "EBV": 0.0426,
        "Pan-STARRS_g": 22.161908512444654,
        "Pan-STARRS_g_err": 0.07780399918556213,
        "Pan-STARRS_g_flux": 4.9572016926629155e-06,
        "Pan-STARRS_g_flux_err": 3.682713297158761e-07,
        "Pan-STARRS_i": 21.159053132108397,
        "Pan-STARRS_i_err": 0.036667000502347946,
        "Pan-STARRS_i_flux": 1.2484718124451437e-05,
        "Pan-STARRS_i_flux_err": 4.288287007727388e-07,
        "Pan-STARRS_r": 21.505304243701023,
        "Pan-STARRS_r_err": 0.05742599815130234,
        "Pan-STARRS_r_flux": 9.07566165510065e-06,
        "Pan-STARRS_r_flux_err": 4.929448686893181e-07,
        "Pan-STARRS_y": 20.67316436874092,
        "Pan-STARRS_y_err": 0.181085005402565,
        "Pan-STARRS_y_flux": 1.9531439234452873e-05,
        "Pan-STARRS_y_flux_err": 3.5449708966542748e-06,
        "Pan-STARRS_z": 20.913781686788177,
        "Pan-STARRS_z_err": 0.07339099794626236,
        "Pan-STARRS_z_flux": 1.5649026269246593e-05,
        "Pan-STARRS_z_flux_err": 1.0943762790193042e-06
    },
    "ra": 229.7063333333333,
    "ra_FRB": 229.70641666666663,
    "redshift": {
        "z": 0.1608,
        "z_FRB": 0.1608,
        "z_spec": 0.1608
    }
}