{
    "FRB": "FRB200430",
    "cosmo": "Planck15",
    "dec": 12.376611111111112,
    "dec_FRB": 12.376750000000001,
    "derived": {
        "AV_nebular": 0.7004898024485874,
        "EBV_photom": 0.2843850580158977,
        "EBV_photom_err": 0.17592176371975377,
        "EBV_spec": 0.0,
        "Lnu_r": 8.691124044896793e+20,
        "Lnu_r_err": 4.345562022448397e+19,
        "M_r": -18.247689871192676,
        "M_r_err": 0.05428681023790647,
        "Mstar": 2051321043.7522395,
        "Mstar_err": 1071784553.4062623,
        "Mstar_spec": 464817886.04140633,
        "SFR_nebular": 0.26387236311086953,
        "SFR_photom": 0.1454827011695294,
        "SFR_photom_err": 0.39654930050180465,
        "Z_photom": 0.008659723515018161,
        "Z_photom_err": 0.013057326261510755,
        "Z_spec": 0.21831361273017735,
        "age_mass": 607.2427044007322,
        "f_AGN": 0.08925752932918925,
        "f_AGN_err": 0.07404858432678728,
        "u-r": 2.0785905938131997,
        "u-r_err": 0.2970234035400081
    },
    "morphology": {
        "PA": 87.47,
        "PA_err": 61.14,
        "b/a": 0.71,
        "b/a_err": 0.5,
        "dec": 12.376575520221536,
        "dec_err": 0.1188,
        "n": 0.06,
        "n_err": 4.0,
        "ra": 229.70639290258913,
        "ra_err": 0.13068000000000002,
        "reff_ang": 0.5742,
        "reff_ang_err": 0.18612,
        "reff_kpc": 1.6413822359686217,
        "reff_kpc_err": 0.5320342420036221
    },
    "neb_lines": {
        "Halpha": 4.2694603103948097e-16,
        "Halpha_err": 1.5289793435172125e-17,
        "Hbeta": 1.1451929072221e-16,
        "Hbeta_err": 2.0738361350339645e-17,
        "[NII] 6584": 2.0208531169286558e-16,
        "[NII] 6584_err": 1.9508300542265818e-17,
        "[OIII] 5007": 1.1676568325778105e-16,
        "[OIII] 5007_err": 2.47353750723511e-17
    },
    "offsets": {
        "ang_avg": 1.0264657204321181,
        "ang_avg_err": 0.6261933875034027,
        "ang_best": 0.5795389008028885,
        "ang_best_err": 0.7693255102080552,
        "physical": 1.6566437771345215,
        "physical_err": 2.1991592234987776
    },
    "photom": {
        "EBV": 0.0426,
        "Pan-STARRS_g": 22.20840776476399,
        "Pan-STARRS_g_err": 0.10269699990749359,
        "Pan-STARRS_g_flux": 0.004749379664514043,
        "Pan-STARRS_g_flux_err": 0.0004711634687844815,
        "Pan-STARRS_i": 20.971352860501952,
        "Pan-STARRS_i_err": 0.05153400078415871,
        "Pan-STARRS_i_flux": 0.014840852546010763,
        "Pan-STARRS_i_flux_err": 0.0007213996986495081,
        "Pan-STARRS_r": 21.247703459399265,
        "Pan-STARRS_r_err": 0.0739310011267662,
        "Pan-STARRS_r_flux": 0.011505847420586808,
        "Pan-STARRS_r_flux_err": 0.0008107575054027517,
        "Pan-STARRS_z": 20.70688204384384,
        "Pan-STARRS_z_err": 0.09693799912929535,
        "Pan-STARRS_z_flux": 0.018934209440774494,
        "Pan-STARRS_z_flux_err": 0.0017682706856416098
    },
    "ra": 229.7063333333333,
    "ra_FRB": 229.70641666666663,
    "redshift": {
        "z": 0.1608,
        "z_FRB": 0.1608,
        "z_spec": 0.1608
    }
}
