{
    "FRB": "FRB200430",
    "cosmo": "Planck15",
    "dec": 12.376611111111112,
    "dec_FRB": 12.376888888888889,
    "derived": {
        "EBV_photom": 0.3095961249621095,
        "EBV_photom_err": 0.19804938480132378,
        "EBV_spec": 0.0,
        "Lnu_r": 7.275364618847787e+20,
        "Lnu_r_err": 3.6376823094238937e+19,
        "M_r": -18.054636909260147,
        "M_r_err": 0.05428681023790647,
        "Mstar": 1303958069.40838,
        "Mstar_err": 597933321.8595595,
        "Mstar_spec": 464817886.04140633,
        "SFR_photom": 0.2305668156803755,
        "SFR_photom_err": 0.42125229862110675,
        "Z_photom": 0.007574325550224648,
        "Z_photom_err": 0.013288782884363913,
        "Z_spec": 0.21831361273017735,
        "age_mass": 689.5290353912512,
        "f_AGN": 0.09645877557429108,
        "f_AGN_err": 0.07396372034808145,
        "u-r": 1.7769240165204507,
        "u-r_err": 0.31107436960162776
    },
    "morphology": {
        "PA": 87.47,
        "PA_err": 61.14,
        "b/a": 0.71,
        "b/a_err": 0.5,
        "dec": 12.376575520221536,
        "dec_err": 0.1188,
        "n": 0.06,
        "n_err": 4.0,
        "ra": 229.70639290258913,
        "ra_err": 0.13068000000000002,
        "reff_ang": 0.5742,
        "reff_ang_err": 0.18612,
        "reff_kpc": 1.6413822359686217,
        "reff_kpc_err": 0.5320342420036221
    },
    "neb_lines": {
        "Halpha": 4.2694603103948097e-16,
        "Halpha_err": 1.5289793435172125e-17,
        "Hbeta": 1.1451929072221e-16,
        "Hbeta_err": 2.0738361350339645e-17,
        "[NII] 6584": 2.0208531169286558e-16,
        "[NII] 6584_err": 1.9508300542265818e-17,
        "[OIII] 5007": 1.1676568325778105e-16,
        "[OIII] 5007_err": 2.47353750723511e-17
    },
    "offsets": {
        "ang_avg": 1.303037236086324,
        "ang_avg_err": 0.7864738879821305,
        "ang_best": 1.0420486034098901,
        "ang_best_err": 0.8286472366840089,
        "physical": 2.9787531637981624,
        "physical_err": 2.368733636672967
    },
    "photom": {
        "EBV": 0.0426,
        "Pan-STARRS_g": 22.161908512444654,
        "Pan-STARRS_g_err": 0.07780399918556213,
        "Pan-STARRS_g_flux": 0.004957201692662915,
        "Pan-STARRS_g_flux_err": 0.0003682713297158761,
        "Pan-STARRS_i": 21.159053132108397,
        "Pan-STARRS_i_err": 0.036667000502347946,
        "Pan-STARRS_i_flux": 0.012484718124451438,
        "Pan-STARRS_i_flux_err": 0.0004288287007727388,
        "Pan-STARRS_r": 21.505304243701023,
        "Pan-STARRS_r_err": 0.05742599815130234,
        "Pan-STARRS_r_flux": 0.00907566165510065,
        "Pan-STARRS_r_flux_err": 0.000492944868689318,
        "Pan-STARRS_y": 20.67316436874092,
        "Pan-STARRS_y_err": 0.181085005402565,
        "Pan-STARRS_y_flux": 0.01953143923445287,
        "Pan-STARRS_y_flux_err": 0.003544970896654275,
        "Pan-STARRS_z": 20.913781686788177,
        "Pan-STARRS_z_err": 0.07339099794626236,
        "Pan-STARRS_z_flux": 0.015649026269246594,
        "Pan-STARRS_z_flux_err": 0.0010943762790193042
    },
    "ra": 229.7063333333333,
    "ra_FRB": 229.70641666666663,
    "redshift": {
        "z": 0.1608,
        "z_FRB": 0.1608,
        "z_spec": 0.1608
    }
}