{
    "FRB": "FRB200430",
    "cosmo": "Planck15",
    "dec": 12.376611111111112,
    "dec_FRB": 12.376888888888889,
    "derived": {
        "EBV_photom": 0.3095961249621095,
        "EBV_photom_err": 0.19804938480132378,
        "Lnu_r": 7.275364618847787e+20,
        "Lnu_r_err": 3.6376823094238937e+19,
        "M_r": -18.054636909260147,
        "M_r_err": 0.05428681023790647,
        "Mstar": 1303958069.40838,
        "Mstar_err": 597933321.8595595,
        "SFR_photom": 0.2305668156803755,
        "SFR_photom_err": 0.42125229862110675,
        "Z_photom": 0.007574325550224648,
        "Z_photom_err": 0.013288782884363913,
        "age_mass": 689.5290353912512,
        "f_AGN": 0.09645877557429108,
        "f_AGN_err": 0.07396372034808145,
        "u-r": 1.7769240165204507,
        "u-r_err": 0.31107436960162776
    },
    "morphology": {
        "PA": 87.47,
        "PA_err": 61.14,
        "b/a": 0.71,
        "b/a_err": 0.5,
        "dec": 12.376575520221536,
        "dec_err": 0.1188,
        "n": 0.06,
        "n_err": 4.0,
        "ra": 229.70639290258913,
        "ra_err": 0.13068000000000002,
        "reff_ang": 0.5742,
        "reff_ang_err": 0.18612,
        "reff_kpc": 1.6346719334487927,
        "reff_kpc_err": 0.5298591784282293
    },
    "offsets": {
        "ang_avg": 1.4273762527818585,
        "ang_avg_err": 0.5251136034941629,
        "ang_best": 1.0420486034098901,
        "ang_best_err": 0.6513230334827345,
        "physical": 2.966575418466839,
        "physical_err": 1.8542310735683631
    },
    "photom": {
        "EBV": 0.0426,
        "Pan-STARRS_g": 22.161908512444654,
        "Pan-STARRS_g_err": 0.07780399918556213,
        "Pan-STARRS_i": 21.159053132108397,
        "Pan-STARRS_i_err": 0.036667000502347946,
        "Pan-STARRS_r": 21.505304243701023,
        "Pan-STARRS_r_err": 0.05742599815130234,
        "Pan-STARRS_y": 20.67316436874092,
        "Pan-STARRS_y_err": 0.181085005402565,
        "Pan-STARRS_z": 20.913781686788177,
        "Pan-STARRS_z_err": 0.07339099794626236
    },
    "ra": 229.7063333333333,
    "ra_FRB": 229.70641666666663,
    "redshift": {
        "z": 0.16,
        "z_FRB": 0.16,
        "z_spec": 0.16
    }
}
