{
    "FRB": "FRB20210410D",
    "cosmo": "Planck18",
    "dec": -79.318,
    "dec_FRB": -79.318194,
    "derived": {
        "AV_old": 0.39,
        "AV_old_loerr": 0.11,
        "AV_old_ref": "Gordon2023",
        "AV_old_uperr": 0.13,
        "AV_young": 1.14,
        "AV_young_loerr": 0.3,
        "AV_young_ref": "Gordon2023",
        "AV_young_uperr": 0.28,
        "Mstar": 2951209227.0,
        "Mstar_loerr": 320941234.8,
        "Mstar_ref": "Gordon2023",
        "Mstar_uperr": 360101988.2,
        "Mtotal": 5011872336.0,
        "Mtotal_loerr": 646714013.9,
        "Mtotal_ref": "Gordon2023",
        "Mtotal_uperr": 611540915.6,
        "SFR_SED": 0.03,
        "SFR_SED_loerr": 0.01,
        "SFR_SED_ref": "Gordon2023",
        "SFR_SED_uperr": 0.03,
        "Z_gas": 1.071519305,
        "Z_gas_loerr": 0.4405619608,
        "Z_gas_ref": "Gordon2023",
        "Z_gas_uperr": 0.8783252945,
        "Z_stellar": 0.09120108394,
        "Z_stellar_loerr": 0.042223202,
        "Z_stellar_ref": "Gordon2023",
        "Z_stellar_uperr": 0.05005267053,
        "age_mass": 6.78,
        "age_mass_loerr": 1.48,
        "age_mass_ref": "Gordon2023",
        "age_mass_uperr": 1.02,
        "agn_tau": -999.0,
        "agn_tau_loerr": -999.0,
        "agn_tau_ref": "Gordon2023",
        "agn_tau_uperr": -999.0,
        "f_AGN": -999.0,
        "f_AGN_loerr": -999.0,
        "f_AGN_ref": "Gordon2023",
        "f_AGN_uperr": -999.0,
        "lg_sSFR": -10.86,
        "lg_sSFR_loerr": 0.35,
        "lg_sSFR_ref": "Gordon2023",
        "lg_sSFR_uperr": 0.39,
        "z_SED": 0.1415,
        "z_SED_loerr": 0.0,
        "z_SED_ref": "Gordon2023",
        "z_SED_uperr": 0.0
    },
    "offsets": {
        "ang_avg": 1.0673090017500528,
        "ang_avg_err": 0.4896061132057653,
        "ang_best": 0.6991964851615139,
        "ang_best_err": 0.6125528311563043,
        "physical": 1.7989361759005766,
        "physical_err": 1.576013997500067
    },
    "photom": {
        "DELVE_g": 22.105752268831665,
        "DELVE_g_err": 0.081825,
        "DELVE_g_flux": 0.005220343573635388,
        "DELVE_g_flux_err": 0.0004086284055228144,
        "DELVE_i": 20.59690911045932,
        "DELVE_i_err": 0.037505,
        "DELVE_i_flux": 0.020952524160246386,
        "DELVE_i_flux_err": 0.0007364169774274646,
        "DELVE_r": 20.939022808695594,
        "DELVE_r_err": 0.048081,
        "DELVE_r_flux": 0.01528941506897106,
        "DELVE_r_flux_err": 0.0006922958513782155,
        "DELVE_z": 98,
        "DELVE_z_err": 99,
        "DELVE_z_flux": 0,
        "DELVE_z_flux_err": 0,
        "EBV": 0.1569,
        "SOAR_g": 21.77432037191452,
        "SOAR_g_err": 0.046,
        "SOAR_g_flux": 0.0070838905996983,
        "SOAR_g_flux_err": 0.0003065757776491083,
        "SOAR_g_ref": "Gordon2023",
        "SOAR_i": 20.09674968922846,
        "SOAR_i_err": 0.0204,
        "SOAR_i_flux": 0.033212389202591557,
        "SOAR_i_flux_err": 0.0006299300906533068,
        "SOAR_i_ref": "Gordon2023",
        "SOAR_r": 20.654990913277437,
        "SOAR_r_err": 0.0296,
        "SOAR_r_flux": 0.0198611151332088,
        "SOAR_r_flux_err": 0.0005489142047256325,
        "SOAR_r_ref": "Gordon2023",
        "SOAR_z": 20.225088394885958,
        "SOAR_z_err": 0.0404,
        "SOAR_z_flux": 0.029509689258673328,
        "SOAR_z_flux_err": 0.0011187337388732814,
        "SOAR_z_ref": "Gordon2023",
        "VISTA_J": 20.02493252467849,
        "VISTA_J_err": 0.212,
        "VISTA_J_flux": 0.03548354358687198,
        "VISTA_J_flux_err": 0.007651176529480834,
        "VISTA_J_ref": "Gordon2023",
        "VISTA_Y": 19.756050999896498,
        "VISTA_Y_err": 0.1598,
        "VISTA_Y_flux": 0.04545478357992334,
        "VISTA_Y_flux_err": 0.007207488718844122,
        "VISTA_Y_ref": "Gordon2023"
    },
    "ra": 326.08619999999996,
    "ra_FRB": 326.08625,
    "redshift": {
        "z": 0.1415,
        "z_FRB": 0.1415,
        "z_spec": 0.1415
    }
}