{
    "FRB": "FRB20230307A",
    "cosmo": "Planck18",
    "dec": 71.69527500000001,
    "dec_FRB": 71.695131,
    "derived": {
        "AV_old": 0.1021,
        "AV_old_loerr": -0.0416,
        "AV_old_ref": "Sharma2024",
        "AV_old_uperr": 0.0414,
        "Mtotal": 57703213533.293045,
        "Mtotal_loerr": -3124291032.722183,
        "Mtotal_ref": "Sharma2024",
        "Mtotal_uperr": 3616483438.275391,
        "SFR_SED": 0.4648,
        "SFR_SED_loerr": -0.0593,
        "SFR_SED_ref": "Sharma2024",
        "SFR_SED_uperr": 0.0628
    },
    "offsets": {
        "ang_avg": 1.2182784495259473,
        "ang_avg_err": 0.19856639189752073,
        "ang_best": 1.201512450090196,
        "ang_best_err": 0.19927295533583927,
        "physical": 5.137289933590979,
        "physical_err": 0.852028580650065
    },
    "photom": {
        "DECaL_g": 19.643917586492933,
        "DECaL_g_err": 0.010841212120726402,
        "DECaL_g_flux": 0.05040028121982799,
        "DECaL_g_flux_err": 0.0005032531265457252,
        "DECaL_r": 18.466058284178047,
        "DECaL_r_err": 0.006841557598131573,
        "DECaL_r_flux": 0.14913400486646355,
        "DECaL_r_flux_err": 0.000939739210742484,
        "DECaL_z": 17.71845073364749,
        "DECaL_z_err": 0.00803422090990711,
        "DECaL_z_flux": 0.296906496841918,
        "DECaL_z_flux_err": 0.00219704599953541,
        "DECam_g": 20.643604029719004,
        "DECam_g_err": 0.2,
        "DECam_g_flux": 0.02007050880655399,
        "DECam_g_flux_err": 0.003697124350942155,
        "DECam_g_ref": "Sharma2024",
        "DECam_r": 19.437725705940963,
        "DECam_r_err": 0.19,
        "DECam_r_flux": 0.060941019013367854,
        "DECam_r_flux_err": 0.010664463026835613,
        "DECam_r_ref": "Sharma2024",
        "DECam_z": 18.691657317005138,
        "DECam_z_err": 0.18,
        "DECam_z_flux": 0.12115380756529667,
        "DECam_z_flux_err": 0.020085620490671138,
        "DECam_z_ref": "Sharma2024",
        "EBV": 0.0128,
        "GALEX_NUV": 21.890445821888434,
        "GALEX_NUV_err": 0.5493111,
        "GALEX_NUV_flux": 0.0063653408707012955,
        "GALEX_NUV_flux_err": 0.0032204437691555256,
        "Pan-STARRS_g": 20.50403904630874,
        "Pan-STARRS_g_err": 0.04,
        "Pan-STARRS_g_flux": 0.022823612002021577,
        "Pan-STARRS_g_flux_err": 0.000840852940226158,
        "Pan-STARRS_g_ref": "Sharma2024",
        "Pan-STARRS_i": 18.99460090282106,
        "Pan-STARRS_i_err": 0.01,
        "Pan-STARRS_i_flux": 0.0916557326225147,
        "Pan-STARRS_i_flux_err": 0.0008441804944962017,
        "Pan-STARRS_i_ref": "Sharma2024",
        "Pan-STARRS_r": 19.37620659630152,
        "Pan-STARRS_r_err": 0.02,
        "Pan-STARRS_r_flux": 0.06449370930681234,
        "Pan-STARRS_r_flux_err": 0.0011880180291340596,
        "Pan-STARRS_r_ref": "Sharma2024",
        "Pan-STARRS_y": 18.81327723132953,
        "Pan-STARRS_y_err": 0.05,
        "Pan-STARRS_y_flux": 0.10831512413170469,
        "Pan-STARRS_y_flux_err": 0.004988095803429258,
        "Pan-STARRS_y_ref": "Sharma2024",
        "Pan-STARRS_z": 18.81977804714431,
        "Pan-STARRS_z_err": 0.02,
        "Pan-STARRS_z_flux": 0.10766852796015021,
        "Pan-STARRS_z_flux_err": 0.0019833275797252357,
        "Pan-STARRS_z_ref": "Sharma2024",
        "SDSS_g": 20.621005120000003,
        "SDSS_g_err": 0.04,
        "SDSS_g_flux": 0.020492641677309034,
        "SDSS_g_flux_err": 0.0007549768198758446,
        "SDSS_g_ref": "Sharma2024",
        "SDSS_i": 19.054812809999998,
        "SDSS_i_err": 0.02,
        "SDSS_i_flux": 0.08671113487283758,
        "SDSS_i_flux_err": 0.0015972781324383358,
        "SDSS_i_ref": "Sharma2024",
        "SDSS_r": 19.52610557,
        "SDSS_r_err": 0.02,
        "SDSS_r_flux": 0.05617689952961789,
        "SDSS_r_flux_err": 0.001034816731420179,
        "SDSS_r_ref": "Sharma2024",
        "SDSS_u": 21.10215101,
        "SDSS_u_err": 0.2767053,
        "SDSS_u_flux": 0.013156476377704632,
        "SDSS_u_flux_err": 0.003352993781621811,
        "SDSS_z": 18.73126535,
        "SDSS_z_err": 0.09,
        "SDSS_z_flux": 0.11681371994226798,
        "SDSS_z_flux_err": 0.009683047087064911,
        "SDSS_z_ref": "Sharma2024",
        "WISE_W1": 18.358083239396446,
        "WISE_W1_err": 0.05,
        "WISE_W1_flux": 0.16472772422711632,
        "WISE_W1_flux_err": 0.007585992044163844,
        "WISE_W1_ref": "Sharma2024",
        "WISE_W2": 18.798772705015175,
        "WISE_W2_err": 0.08,
        "WISE_W2_flux": 0.10977183200253483,
        "WISE_W2_flux_err": 0.00808828748798987,
        "WISE_W2_ref": "Sharma2024",
        "WISE_W3": 17.568340348267906,
        "WISE_W3_err": 0.18,
        "WISE_W3_flux": 0.34092892963132543,
        "WISE_W3_flux_err": 0.05652128672204443,
        "WISE_W3_ref": "Sharma2024",
        "WISE_W4": 15.027583122253418,
        "WISE_W4_err": 999.0,
        "WISE_W4_flux": 3.5397040843963623,
        "WISE_W4_flux_err": -99.0
    },
    "ra": 177.78254166666665,
    "ra_FRB": 177.781583,
    "redshift": {
        "z": 0.2706,
        "z_FRB": 0.2706,
        "z_spec": 0.2706
    }
}