{
    "FRB": "20200120E",
    "cosmo": "Planck15",
    "dec": 68.81583333,
    "dec_FRB":68.81583333,
    "derived": {
        "M_r": -19.78,
        "M_r_err": 0.05428681023790647,
        "Mstar": 72000000000,
        "Mstar_err": 17000000000,
        "SFR_nebular": 0.89,
        "u-r": 2.773,
        "u-r_err": 0.004
    },
    "ra": 149.42541667,
    "ra_FRB": 149.42541667,
    "redshift": {
        "z": 0.00085,
        "z_FRB": 0.00085,
        "z_spec": 0.00085
    }
}
