{
    "FRB": "FRB20200120E",
    "cosmo": "Planck18",
    "dec": 69.06529472222222,
    "dec_FRB": 68.81888889,
    "derived": {
        "M_r": -19.78,
        "M_r_err": 0.1,
        "M_r_ref": "Bhardwaj2021",
        "Mstar": 72000000000.0,
        "Mstar_err": 17000000000.0,
        "Mstar_ref": "Bhardwaj2021",
        "SFR_nebular": 0.89,
        "SFR_nebular_err": 0.27,
        "SFR_nebular_ref": "Bhardwaj2021",
        "u-r": 2.773,
        "u-r_err": 0.004,
        "u-r_ref": "Bhardwaj2021"
    },
    "offsets": {
        "ang_avg": 1169.8412288669606,
        "ang_avg_err": 0.3999970504228014,
        "ang_best": 1169.8411604826115,
        "ang_best_err": 0.3999970562683684,
        "physical": 20.08408531779488,
        "physical_err": 0.006867235720827694
    },
    "photom": {
        "EBV": 0.0689,
        "Pan-STARRS_g": 9.434404297113744,
        "Pan-STARRS_g_err": 6.800000119255856e-05,
        "Pan-STARRS_g_flux": 611.2773099083978,
        "Pan-STARRS_g_flux_err": 0.038285689765616894,
        "Pan-STARRS_i": 7.704277497383742,
        "Pan-STARRS_i_err": 1.9999999494757503e-05,
        "Pan-STARRS_i_flux": 3008.0773208130145,
        "Pan-STARRS_i_flux_err": 0.055411340935527624,
        "Pan-STARRS_r": 9.11703610233675,
        "Pan-STARRS_r_err": 6.600000051548705e-05,
        "Pan-STARRS_r_flux": 818.8145538933829,
        "Pan-STARRS_r_flux_err": 0.04977581416878574,
        "Pan-STARRS_y": 7.636764579600512,
        "Pan-STARRS_y_err": 4.8999998398358e-05,
        "Pan-STARRS_y_flux": 3201.062564335328,
        "Pan-STARRS_y_flux_err": 0.1444693465230846,
        "Pan-STARRS_z": 8.374533769227366,
        "Pan-STARRS_z_err": 4.8000001697801054e-05,
        "Pan-STARRS_z_flux": 1622.5066542195304,
        "Pan-STARRS_z_flux_err": 0.07173201314604805,
        "WISE_W1": 9.661011695861816,
        "WISE_W1_err": 0.010999999940395355,
        "WISE_W1_flux": 496.12982177734375,
        "WISE_W1_flux_err": 5.0520195960998535,
        "WISE_W2": 10.166769981384277,
        "WISE_W2_err": 0.010999999940395355,
        "WISE_W2_flux": 311.3808288574219,
        "WISE_W2_flux_err": 3.1707465648651123,
        "WISE_W3": 10.28287410736084,
        "WISE_W3_err": 0.008999999612569809,
        "WISE_W3_flux": 279.80169677734375,
        "WISE_W3_flux_err": 2.329010248184204,
        "WISE_W4": 9.51343059539795,
        "WISE_W4_err": 0.008999999612569809,
        "WISE_W4_flux": 568.3656005859375,
        "WISE_W4_flux_err": 4.730954647064209
    },
    "ra": 148.8882208333333,
    "ra_FRB": 149.4778333,
    "redshift": {
        "z": 0.0008,
        "z_FRB": 0.0008,
        "z_spec": 0.0008
    }
}