{
    "FRB": "FRB20200120E",
    "cosmo": "Planck18",
    "dec": 69.06529472222222,
    "dec_FRB": 68.81888888888888,
    "derived": {
        "M_r": -19.78,
        "M_r_err": 0.1,
        "M_r_ref": "Bhardwaj2021",
        "Mstar": 72000000000.0,
        "Mstar_err": 17000000000.0,
        "Mstar_ref": "Bhardwaj2021",
        "SFR_nebular": 0.89,
        "SFR_nebular_err": 0.27,
        "SFR_nebular_ref": "Bhardwaj2021",
        "u-r": 2.773,
        "u-r_err": 0.004,
        "u-r_ref": "Bhardwaj2021"
    },
    "offsets": {
        "ang_avg": 1169.8412600214488,
        "ang_avg_err": 0.3999970504228012,
        "ang_best": 1169.8411916371015,
        "ang_best_err": 0.39999705626836773,
        "physical": 20.084085852661886,
        "physical_err": 0.006867235720827682
    },
    "photom": {
        "EBV": 0.0801,
        "Pan-STARRS_g": 9.393590664290803,
        "Pan-STARRS_g_err": 6.800000119255856e-05,
        "Pan-STARRS_g_flux": 634.6930293039588,
        "Pan-STARRS_g_flux_err": 0.03975226958771357,
        "Pan-STARRS_i": 7.683090138987589,
        "Pan-STARRS_i_err": 1.9999999494757503e-05,
        "Pan-STARRS_i_flux": 3067.35427099371,
        "Pan-STARRS_i_flux_err": 0.05650327273972507,
        "Pan-STARRS_r": 9.087709496741345,
        "Pan-STARRS_r_err": 6.600000051548705e-05,
        "Pan-STARRS_r_flux": 841.2327960087565,
        "Pan-STARRS_r_flux_err": 0.05113862122713583,
        "Pan-STARRS_y": 7.623244673227632,
        "Pan-STARRS_y_err": 4.8999998398358e-05,
        "Pan-STARRS_y_flux": 3241.1723474582304,
        "Pan-STARRS_y_flux_err": 0.1462795686104344,
        "Pan-STARRS_z": 8.358128173098248,
        "Pan-STARRS_z_err": 4.8000001697801054e-05,
        "Pan-STARRS_z_flux": 1647.2090703409606,
        "Pan-STARRS_z_flux_err": 0.07282412209571143,
        "WISE_W1": 5.732395933784874,
        "WISE_W1_err": 0.038,
        "WISE_W1_flux": 1576.7338986484735,
        "WISE_W1_flux_err": 56.16164854201154,
        "WISE_W2": 6.466396924114888,
        "WISE_W2_err": 0.019,
        "WISE_W2_flux": 445.0732837297931,
        "WISE_W2_flux_err": 7.857173592378638,
        "WISE_W3": 5.090332110008703,
        "WISE_W3_err": 0.014,
        "WISE_W3_flux": 291.454032414135,
        "WISE_W3_flux_err": 3.78248132767638,
        "WISE_W4": 2.9561523714151323,
        "WISE_W4_err": 0.021,
        "WISE_W4_flux": 549.4158045449249,
        "WISE_W4_flux_err": 10.730078335301611
    },
    "ra": 148.8882208333333,
    "ra_FRB": 149.47783333333328,
    "redshift": {
        "z": 0.0008,
        "z_FRB": 0.0008,
        "z_spec": 0.0008
    }
}