{
    "FRB": "FRB20200120E",
    "cosmo": "Planck15",
    "dec": 69.06529472222222,
    "dec_FRB": 68.81888888888888,
    "derived": {
        "M_r": -19.78,
        "M_r_err": 0.05428681023790647,
        "Mstar": 72000000000,
        "Mstar_err": 17000000000,
        "SFR_nebular": 0.89,
        "u-r": 2.773,
        "u-r_err": 0.004
    },
    "offsets": {
        "ang_avg": NaN,
        "ang_avg_err": NaN,
        "ang_best": 1169.8411916371015,
        "ang_best_err": NaN,
        "physical": 20.060392866757677,
        "physical_err": NaN
    },
    "ra": 148.8882208333333,
    "ra_FRB": 149.47783333333328,
    "redshift": {
        "z": 0.0008,
        "z_FRB": 0.0008,
        "z_spec": 0.0008
    }
}