{
    "FRB": "FRB20200120E",
    "cosmo": "Planck18",
    "dec": 69.06529472222222,
    "dec_FRB": 68.81888889,
    "derived": {
        "M_r": -19.78,
        "M_r_err": 0.1,
        "M_r_ref": "Bhardwaj2021",
        "Mstar": 72000000000.0,
        "Mstar_err": 17000000000.0,
        "Mstar_ref": "Bhardwaj2021",
        "SFR_nebular": 0.89,
        "SFR_nebular_err": 0.27,
        "SFR_nebular_ref": "Bhardwaj2021",
        "u-r": 2.773,
        "u-r_err": 0.004,
        "u-r_ref": "Bhardwaj2021"
    },
    "morphology": {
        "PA": 332.44,
        "PA_err": 0.02,
        "b/a": 0.54,
        "b/a_err": 0.0,
        "dec": 69.06460320910476,
        "dec_err": 0.05544000000000001,
        "n": 1.53,
        "n_err": 0.0,
        "ra": 148.89147646941944,
        "ra_err": 0.03564,
        "reff_ang": 242.52228,
        "reff_ang_err": 0.16632,
        "reff_kpc": 4.268085731238957,
        "reff_kpc_err": 0.39976560568078384
    },
    "offsets": {
        "ang_avg": 1169.8412288669606,
        "ang_avg_err": 0.3999970504228014,
        "ang_best": 1169.8411604826115,
        "ang_best_err": 0.3999970562683684,
        "physical": 20.08408531779488,
        "physical_err": 0.006867235720827694
    },
    "ra": 148.8882208333333,
    "ra_FRB": 149.4778333,
    "redshift": {
        "z": 0.0008,
        "z_FRB": 0.0008,
        "z_spec": 0.0008
    }
}