{
    "FRB": "FRB20230222B",
    "cosmo": "Planck18",
    "dec": 30.899874999999998,
    "dec_FRB": 30.898695,
    "offsets": {
        "ang_avg": 11.148406826335538,
        "ang_avg_err": 6.551315340232626,
        "ang_best": 5.566785725672562,
        "ang_best_err": 8.606638530723444,
        "physical": 11.540559384143133,
        "physical_err": 17.842508757541246
    },
    "photom": {
        "DECaL_g": 17.991398427847592,
        "DECaL_g_err": 0.001820190587098152,
        "DECaL_g_flux": 0.23090887381760172,
        "DECaL_g_flux_err": 0.000387108909842298,
        "DECaL_r": 17.35275525046274,
        "DECaL_r_err": 0.0019088187458686768,
        "DECaL_r_flux": 0.41581283828321436,
        "DECaL_r_flux_err": 0.0007310351602990673,
        "DECaL_z": 16.81773522325616,
        "DECaL_z_err": 0.004238139449669299,
        "DECaL_z_flux": 0.6806218779814369,
        "DECaL_z_flux_err": 0.00265678754999584,
        "DELVE_g": 17.93901494267654,
        "DELVE_g_err": 0.005148,
        "DELVE_g_flux": 0.24232265418532634,
        "DELVE_g_flux_err": 0.0011489687994921027,
        "DELVE_i": 98,
        "DELVE_i_err": 99,
        "DELVE_i_flux": 0,
        "DELVE_i_flux_err": 0,
        "DELVE_r": 17.435020561755817,
        "DELVE_r_err": 0.004845,
        "DELVE_r_flux": 0.38547105245178964,
        "DELVE_r_flux_err": 0.0017201298445647481,
        "DELVE_z": 16.98987789650751,
        "DELVE_z_err": 0.01053,
        "DELVE_z_flux": 0.5808297271848231,
        "DELVE_z_flux_err": 0.0056331703782676055,
        "EBV": 0.0278,
        "Pan-STARRS_g": 17.86540404421761,
        "Pan-STARRS_g_err": 0.009457999840378761,
        "Pan-STARRS_g_flux": 0.2593214113700376,
        "Pan-STARRS_g_flux_err": 0.0022589850615610564,
        "Pan-STARRS_i": 17.24464184912595,
        "Pan-STARRS_i_err": 0.004244000185281038,
        "Pan-STARRS_i_flux": 0.45934950704429844,
        "Pan-STARRS_i_flux_err": 0.001795536875772733,
        "Pan-STARRS_r": 17.513414230921143,
        "Pan-STARRS_r_err": 0.005024000070989132,
        "Pan-STARRS_r_flux": 0.35861983130568936,
        "Pan-STARRS_r_flux_err": 0.0016594326043859445,
        "Pan-STARRS_y": 17.001080910978477,
        "Pan-STARRS_y_err": 0.016147000715136528,
        "Pan-STARRS_y_flux": 0.5748673322897268,
        "Pan-STARRS_y_flux_err": 0.008549390897081387,
        "Pan-STARRS_z": 17.10558201254695,
        "Pan-STARRS_z_err": 0.008046000264585018,
        "Pan-STARRS_z_flux": 0.5221162249468817,
        "Pan-STARRS_z_flux_err": 0.003869215437098361,
        "SDSS_g": 18.1002568,
        "SDSS_g_err": 0.008305446,
        "SDSS_g_flux": 0.20888019983070574,
        "SDSS_g_flux_err": 0.0015978496549717692,
        "SDSS_i": 17.124040360000002,
        "SDSS_i_err": 0.007189048,
        "SDSS_i_flux": 0.5133148758616033,
        "SDSS_i_flux_err": 0.0033988415100380544,
        "SDSS_r": 17.44816051,
        "SDSS_r_err": 0.006966738,
        "SDSS_r_flux": 0.38083406666195363,
        "SDSS_r_flux_err": 0.0024436609484708256,
        "SDSS_u": 19.530481100000003,
        "SDSS_u_err": 0.0672939,
        "SDSS_u_flux": 0.055950961519217676,
        "SDSS_u_flux_err": 0.0034678390504780583,
        "SDSS_z": 16.86381442,
        "SDSS_z_err": 0.021944,
        "SDSS_z_flux": 0.6523403259621817,
        "SDSS_z_flux_err": 0.013184561820984014,
        "WISE_W1": 17.33704376220703,
        "WISE_W1_err": 0.019999999552965164,
        "WISE_W1_flux": 0.42187389731407166,
        "WISE_W1_flux_err": 0.007771204691380262,
        "WISE_W2": 17.888858795166016,
        "WISE_W2_err": 0.07000000029802322,
        "WISE_W2_flux": 0.2537795901298523,
        "WISE_W2_flux_err": 0.016361774876713753,
        "WISE_W3": 16.987638473510742,
        "WISE_W3_err": 0.2150000035762787,
        "WISE_W3_flux": 0.5820289850234985,
        "WISE_W3_flux_err": 0.11525473743677139,
        "WISE_W4": 15.677811622619629,
        "WISE_W4_err": 999.0,
        "WISE_W4_flux": 1.944800853729248,
        "WISE_W4_flux_err": -99.0
    },
    "ra": 238.73795833333332,
    "ra_FRB": 238.739123,
    "redshift": {
        "z": 0.11,
        "z_FRB": 0.11,
        "z_spec": 0.11
    }
}