{
    "FRB": "FRB20211203C",
    "cosmo": "Planck18",
    "dec": -31.380060555555556,
    "dec_FRB": -31.38026619,
    "derived": {
        "AV_old": 0.04,
        "AV_old_loerr": 0.02,
        "AV_old_ref": "Gordon2023",
        "AV_old_uperr": 0.04,
        "AV_young": 1.08,
        "AV_young_loerr": 0.25,
        "AV_young_ref": "Gordon2023",
        "AV_young_uperr": 0.26,
        "Mstar": 5754399373.0,
        "Mstar_loerr": 1077047960.0,
        "Mstar_ref": "Gordon2023",
        "Mstar_uperr": 1006430381.0,
        "Mtotal": 7943282347.0,
        "Mtotal_loerr": 1633708902.0,
        "Mtotal_ref": "Gordon2023",
        "Mtotal_uperr": 1829089862.0,
        "SFR_SED": 15.91,
        "SFR_SED_loerr": 2.98,
        "SFR_SED_ref": "Gordon2023",
        "SFR_SED_uperr": 2.82,
        "Z_gas": 0.5623413252,
        "Z_gas_loerr": 0.1549610474,
        "Z_gas_ref": "Gordon2023",
        "Z_gas_uperr": 0.2319869095,
        "Z_stellar": 1.0,
        "Z_stellar_loerr": 0.354345771,
        "Z_stellar_ref": "Gordon2023",
        "Z_stellar_uperr": 0.3182567386,
        "age_mass": 2.47,
        "age_mass_loerr": 1.25,
        "age_mass_ref": "Gordon2023",
        "age_mass_uperr": 2.0,
        "agn_tau": -999.0,
        "agn_tau_loerr": -999.0,
        "agn_tau_ref": "Gordon2023",
        "agn_tau_uperr": -999.0,
        "f_AGN": -999.0,
        "f_AGN_loerr": -999.0,
        "f_AGN_ref": "Gordon2023",
        "f_AGN_uperr": -999.0,
        "lg_sSFR": -8.64,
        "lg_sSFR_loerr": 0.1,
        "lg_sSFR_ref": "Gordon2023",
        "lg_sSFR_uperr": 0.11,
        "z_SED": 0.3437,
        "z_SED_loerr": 0.0,
        "z_SED_ref": "Gordon2023",
        "z_SED_uperr": 0.0
    },
    "offsets": {
        "ang_avg": 0.8879494409071583,
        "ang_avg_err": 0.387993424151424,
        "ang_best": 0.7428316057653132,
        "ang_best_err": 0.41424399001192824,
        "physical": 3.742712529551288,
        "physical_err": 2.0871435190370557
    },
    "photom": {
        "DECaL_g": 20.654831898312516,
        "DECaL_g_err": 0.009508105725710156,
        "DECaL_g_flux": 0.01986402416930507,
        "DECaL_g_flux_err": 0.00017395500040628107,
        "DECaL_r": 19.941721163620514,
        "DECaL_r_err": 0.006604788312065044,
        "DECaL_r_flux": 0.03830994503185465,
        "DECaL_r_flux_err": 0.00023304839248555352,
        "DECaL_z": 19.501286470823977,
        "DECaL_z_err": 0.011500218837883327,
        "DECaL_z_flux": 0.057475850433150906,
        "DECaL_z_flux_err": 0.0006087895521748166,
        "DELVE_g": 20.76031487159688,
        "DELVE_g_err": 0.026774,
        "DELVE_g_flux": 0.01802494904400058,
        "DELVE_g_flux_err": 0.00044449101318453385,
        "DELVE_i": 19.83749283565447,
        "DELVE_i_err": 0.019539,
        "DELVE_i_flux": 0.04216992805066138,
        "DELVE_i_flux_err": 0.0007588935697004105,
        "DELVE_r": 20.020241736221127,
        "DELVE_r_err": 0.012922,
        "DELVE_r_flux": 0.03563717747005103,
        "DELVE_r_flux_err": 0.00042413949654611203,
        "DELVE_z": 19.583426202473877,
        "DELVE_z_err": 0.027757,
        "DELVE_z_flux": 0.053288011368895355,
        "DELVE_z_flux_err": 0.0013623155653135215,
        "EBV": 0.0474,
        "SOAR_g": 20.32477793936449,
        "SOAR_g_err": 0.02403559028,
        "SOAR_g_flux": 0.026920853120987284,
        "SOAR_g_flux_err": 0.0005959629906126743,
        "SOAR_g_ref": "Gordon2023",
        "SOAR_i": 19.786762135438682,
        "SOAR_i_err": 0.01430917538,
        "SOAR_i_flux": 0.04418706341004992,
        "SOAR_i_flux_err": 0.0005823518061668018,
        "SOAR_i_ref": "Gordon2023",
        "SOAR_r": 19.64090378608467,
        "SOAR_r_err": 0.03230254015,
        "SOAR_r_flux": 0.05054037731371828,
        "SOAR_r_flux_err": 0.0015036641130855778,
        "SOAR_r_ref": "Gordon2023",
        "SOAR_z": 19.439493131222516,
        "SOAR_z_err": 0.02510657484,
        "SOAR_z_flux": 0.06084189633744633,
        "SOAR_z_flux_err": 0.0014069086184188798,
        "SOAR_z_ref": "Gordon2023",
        "VISTA_J": 19.6316765697398,
        "VISTA_J_err": 0.2589,
        "VISTA_J_flux": 0.05097172911256196,
        "VISTA_J_flux_err": 0.01215449996915421,
        "VISTA_J_ref": "Gordon2023",
        "VISTA_Ks": 19.279844890619568,
        "VISTA_Ks_err": 0.3829,
        "VISTA_Ks_flux": 0.07047937400689004,
        "VISTA_Ks_flux_err": 0.024855533221580305,
        "VISTA_Ks_ref": "Gordon2023",
        "VISTA_Y": 19.60550934350929,
        "VISTA_Y_err": 0.2117,
        "VISTA_Y_flux": 0.05221511716984092,
        "VISTA_Y_flux_err": 0.010181055265922369,
        "VISTA_Y_ref": "Gordon2023",
        "VLT_FORS2_R": 20.144758043658356,
        "VLT_FORS2_R_err": 0.0035897186578832,
        "VLT_FORS2_R_flux": 0.031775820742636685,
        "VLT_FORS2_R_flux_err": 0.00010505890481454983,
        "VLT_FORS2_R_ref": "Shannon2024",
        "VLT_FORS2_g": 20.664589122945618,
        "VLT_FORS2_g_err": 0.0039311891943378,
        "VLT_FORS2_g_flux": 0.019686311154286505,
        "VLT_FORS2_g_flux_err": 7.127938936451252e-05,
        "VLT_FORS2_g_ref": "Shannon2024",
        "WISE_W1": 19.44790234229241,
        "WISE_W1_err": 0.197,
        "WISE_W1_flux": 0.06037248570926463,
        "WISE_W1_flux_err": 0.010954207506946525,
        "WISE_W1_ref": "Gordon2023",
        "WISE_W2": 20.046455208909837,
        "WISE_W2_err": 0.396,
        "WISE_W2_flux": 0.034787074776537384,
        "WISE_W2_flux_err": 0.012687871649796947,
        "WISE_W2_ref": "Gordon2023",
        "WISE_W3": 17.344099044799805,
        "WISE_W3_err": 999.0,
        "WISE_W3_flux": 0.41914111375808716,
        "WISE_W3_flux_err": -99.0,
        "WISE_W4": 14.910497665405273,
        "WISE_W4_err": 999.0,
        "WISE_W4_flux": 3.942765235900879,
        "WISE_W4_flux_err": -99.0
    },
    "ra": 204.56247999999997,
    "ra_FRB": 204.5625,
    "redshift": {
        "z": 0.3439,
        "z_FRB": 0.3439,
        "z_spec": 0.3439
    }
}