{
    "FRB": "FRB20211203C",
    "cosmo": "Planck18",
    "dec": -31.380060555555556,
    "dec_FRB": -31.380333,
    "derived": {
        "AV_old": 0.04,
        "AV_old_loerr": 0.02,
        "AV_old_ref": "Gordon2023",
        "AV_old_uperr": 0.04,
        "AV_young": 1.08,
        "AV_young_loerr": 0.25,
        "AV_young_ref": "Gordon2023",
        "AV_young_uperr": 0.26,
        "Mstar": 5754399373.0,
        "Mstar_loerr": 1077047960.0,
        "Mstar_ref": "Gordon2023",
        "Mstar_uperr": 1006430381.0,
        "Mtotal": 7943282347.0,
        "Mtotal_loerr": 1633708902.0,
        "Mtotal_ref": "Gordon2023",
        "Mtotal_uperr": 1829089862.0,
        "SFR_SED": 15.91,
        "SFR_SED_loerr": 2.98,
        "SFR_SED_ref": "Gordon2023",
        "SFR_SED_uperr": 2.82,
        "Z_gas": 0.5623413252,
        "Z_gas_loerr": 0.1549610474,
        "Z_gas_ref": "Gordon2023",
        "Z_gas_uperr": 0.2319869095,
        "Z_stellar": 1.0,
        "Z_stellar_loerr": 0.354345771,
        "Z_stellar_ref": "Gordon2023",
        "Z_stellar_uperr": 0.3182567386,
        "age_mass": 2.47,
        "age_mass_loerr": 1.25,
        "age_mass_ref": "Gordon2023",
        "age_mass_uperr": 2.0,
        "agn_tau": -999.0,
        "agn_tau_loerr": -999.0,
        "agn_tau_ref": "Gordon2023",
        "agn_tau_uperr": -999.0,
        "f_AGN": -999.0,
        "f_AGN_loerr": -999.0,
        "f_AGN_ref": "Gordon2023",
        "f_AGN_uperr": -999.0,
        "lg_sSFR": -8.64,
        "lg_sSFR_loerr": 0.1,
        "lg_sSFR_ref": "Gordon2023",
        "lg_sSFR_uperr": 0.11,
        "z_SED": 0.3437,
        "z_SED_loerr": 0.0,
        "z_SED_ref": "Gordon2023",
        "z_SED_uperr": 0.0
    },
    "offsets": {
        "ang_avg": 1.568137192606906,
        "ang_avg_err": 0.7876388242377395,
        "ang_best": 0.9997298266105688,
        "ang_best_err": 0.971319644177705,
        "physical": 5.037078819992547,
        "physical_err": 4.893935818357919
    },
    "photom": {
        "DELVE_g": 20.757401802897782,
        "DELVE_g_err": 0.026774,
        "DELVE_g_flux": 0.018073375556785662,
        "DELVE_g_flux_err": 0.00045122589618406964,
        "DELVE_i": 19.842195371776523,
        "DELVE_i_err": 0.019539,
        "DELVE_i_flux": 0.04198767680198755,
        "DELVE_i_flux_err": 0.0007624537748350622,
        "DELVE_r": 20.021952879175327,
        "DELVE_r_err": 0.012922,
        "DELVE_r_flux": 0.03558105676873797,
        "DELVE_r_flux_err": 0.00042600159245522514,
        "DELVE_z": 19.588568582178144,
        "DELVE_z_err": 0.027757,
        "DELVE_z_flux": 0.053036219753354735,
        "DELVE_z_flux_err": 0.0013733587335631723,
        "EBV": 0.0474,
        "SOAR_g": 20.321997675782146,
        "SOAR_g_err": 0.02403559028,
        "SOAR_g_flux": 0.026989878156861068,
        "SOAR_g_flux_err": 0.0006041536205471339,
        "SOAR_g_ref": "Gordon2023",
        "SOAR_i": 19.791298119754654,
        "SOAR_i_err": 0.01430917538,
        "SOAR_i_flux": 0.0440028439592009,
        "SOAR_i_flux_err": 0.0005837622554235269,
        "SOAR_i_ref": "Gordon2023",
        "SOAR_r": 19.641969664531715,
        "SOAR_r_err": 0.03230254015,
        "SOAR_r_flux": 0.05049078564957289,
        "SOAR_r_flux_err": 0.0015247583100982366,
        "SOAR_r_ref": "Gordon2023",
        "SOAR_z": 19.44409332802523,
        "SOAR_z_err": 0.02510657484,
        "SOAR_z_flux": 0.06058465834053712,
        "SOAR_z_flux_err": 0.0014172837324187486,
        "SOAR_z_ref": "Gordon2023",
        "VISTA_J": 19.63522819793917,
        "VISTA_J_err": 0.2589,
        "VISTA_J_flux": 0.05080526431384502,
        "VISTA_J_flux_err": 0.01368122215055643,
        "VISTA_J_ref": "Gordon2023",
        "VISTA_Ks": 19.282401854026688,
        "VISTA_Ks_err": 0.3829,
        "VISTA_Ks_flux": 0.07031358682908805,
        "VISTA_Ks_flux_err": 0.02973230332311843,
        "VISTA_Ks_ref": "Gordon2023",
        "VISTA_Y": 19.609358008734212,
        "VISTA_Y_err": 0.2117,
        "VISTA_Y_flux": 0.05203035520716053,
        "VISTA_Y_flux_err": 0.011201626189768991,
        "VISTA_Y_ref": "Gordon2023",
        "WISE_W1": 19.449316456996076,
        "WISE_W1_err": 0.197,
        "WISE_W1_flux": 0.06029390488442559,
        "WISE_W1_flux_err": 0.011995293935704145,
        "WISE_W1_ref": "Gordon2023",
        "WISE_W2": 20.04768427960472,
        "WISE_W2_err": 0.396,
        "WISE_W2_flux": 0.03474771753395742,
        "WISE_W2_flux_err": 0.015293317329419354,
        "WISE_W2_ref": "Gordon2023",
        "WISE_W3": 17.34925651550293,
        "WISE_W3_err": 999.0,
        "WISE_W3_flux": 0.41715502738952637,
        "WISE_W3_flux_err": -99.0,
        "WISE_W4": 14.915592193603516,
        "WISE_W4_err": 999.0,
        "WISE_W4_flux": 3.924306869506836,
        "WISE_W4_flux_err": -99.0
    },
    "ra": 204.56247999999997,
    "ra_FRB": 204.562417,
    "redshift": {
        "z": 0.3439,
        "z_FRB": 0.3439,
        "z_spec": 0.3439
    }
}