{
    "FRB": "FRB20231201A",
    "cosmo": "Planck18",
    "dec": 26.812847222222224,
    "dec_FRB": 26.817672,
    "offsets": {
        "ang_avg": 23.058268511516747,
        "ang_avg_err": 14.668033923258488,
        "ang_best": 18.21803754743579,
        "ang_best_err": 15.446004498235475,
        "physical": 38.33662739758894,
        "physical_err": 32.503375716979
    },
    "photom": {
        "EBV": 0.1344,
        "Pan-STARRS_g": 19.853890038237413,
        "Pan-STARRS_g_err": 0.03277700021862984,
        "Pan-STARRS_g_flux": 0.04153784668210444,
        "Pan-STARRS_g_flux_err": 0.0012539749561764398,
        "Pan-STARRS_i": 18.862191492150004,
        "Pan-STARRS_i_err": 0.02469700016081333,
        "Pan-STARRS_i_flux": 0.10354363266127896,
        "Pan-STARRS_i_flux_err": 0.0023552840011045566,
        "Pan-STARRS_r": 19.074947021236607,
        "Pan-STARRS_r_err": 0.023298000916838646,
        "Pan-STARRS_r_flux": 0.08511795595214429,
        "Pan-STARRS_r_flux_err": 0.0018264825351884267,
        "Pan-STARRS_y": 19.049265296426018,
        "Pan-STARRS_y_err": 0.059411000460386276,
        "Pan-STARRS_y_flux": 0.08715531476978927,
        "Pan-STARRS_y_flux_err": 0.004769099918765779,
        "Pan-STARRS_z": 18.717535105966558,
        "Pan-STARRS_z_err": 0.029256999492645264,
        "Pan-STARRS_z_flux": 0.11830032885839861,
        "Pan-STARRS_z_flux_err": 0.003187802567715766,
        "WISE_W1": 19.00908660888672,
        "WISE_W1_err": 0.17900000512599945,
        "WISE_W1_flux": 0.09044095873832703,
        "WISE_W1_flux_err": 0.014910558238625526,
        "WISE_W2": 18.933637619018555,
        "WISE_W2_err": 999.0,
        "WISE_W2_flux": 0.09694939851760864,
        "WISE_W2_flux_err": -99.0,
        "WISE_W3": 17.263835906982422,
        "WISE_W3_err": 999.0,
        "WISE_W3_flux": 0.45130041241645813,
        "WISE_W3_flux_err": -99.0,
        "WISE_W4": 14.750226020812988,
        "WISE_W4_err": 999.0,
        "WISE_W4_flux": 4.569932460784912,
        "WISE_W4_flux_err": -99.0
    },
    "ra": 54.58758333333333,
    "ra_FRB": 54.589294,
    "redshift": {
        "z": 0.1119,
        "z_FRB": 0.1119,
        "z_spec": 0.1119
    }
}