{
    "FRB": "FRB20230902A",
    "cosmo": "Planck18",
    "dec": -47.33345416666667,
    "dec_FRB": -47.333503723,
    "offsets": {
        "ang_avg": 0.9220587409686238,
        "ang_avg_err": 0.47728527643501806,
        "ang_best": 0.5392959483177532,
        "ang_best_err": 0.6118076417792971,
        "physical": 2.8080420646887183,
        "physical_err": 3.185600780004448
    },
    "photom": {
        "DECaL_g": 22.314116944674744,
        "DECaL_g_err": 0.018407180154758482,
        "DECaL_g_flux": 0.004308769048951005,
        "DECaL_g_flux_err": 7.304931693509935e-05,
        "DECaL_r": 21.459144088917817,
        "DECaL_r_err": 0.009764139626389685,
        "DECaL_r_flux": 0.009469833837672496,
        "DECaL_r_flux_err": 8.516320946517795e-05,
        "DECaL_z": 20.97131309609549,
        "DECaL_z_err": 0.020887435504008452,
        "DECaL_z_flux": 0.014841396092866055,
        "DECaL_z_flux_err": 0.0002855193575756659,
        "DELVE_g": 22.347467487405954,
        "DELVE_g_err": 0.065386,
        "DELVE_g_flux": 0.004178428733606625,
        "DELVE_g_flux_err": 0.000251636391950719,
        "DELVE_i": 21.289933373747456,
        "DELVE_i_err": 0.07207,
        "DELVE_i_flux": 0.011066916795414515,
        "DELVE_i_flux_err": 0.0007346100184834533,
        "DELVE_r": 21.474941264606766,
        "DELVE_r_err": 0.044078,
        "DELVE_r_flux": 0.009333047764353827,
        "DELVE_r_flux_err": 0.00037889689738110187,
        "DELVE_z": 21.112468145019363,
        "DELVE_z_err": 0.103695,
        "DELVE_z_flux": 0.013032049961813591,
        "DELVE_z_flux_err": 0.0012446471020014515,
        "DES_Y": 20.968318613407725,
        "DES_Y_err": 0.12667228,
        "DES_Y_flux": 0.01488238546601308,
        "DES_Y_flux_err": 0.0017363201950502368,
        "DES_g": 22.42087548740595,
        "DES_g_err": 0.029912222,
        "DES_g_flux": 0.003905258616887111,
        "DES_g_flux_err": 0.00010759055671516746,
        "DES_i": 21.253541373747456,
        "DES_i_err": 0.025330797,
        "DES_i_flux": 0.011444147451030928,
        "DES_i_flux_err": 0.0002669979822444171,
        "DES_r": 21.51928926460677,
        "DES_r_err": 0.017251404,
        "DES_r_flux": 0.008959510617216766,
        "DES_r_flux_err": 0.00014235883138329002,
        "DES_z": 20.999198145019363,
        "DES_z_err": 0.040429477,
        "DES_z_flux": 0.014465076549519293,
        "DES_z_flux_err": 0.0005386349622487807,
        "EBV": 0.0132,
        "VISTA_J": 21.11866151595141,
        "VISTA_J_err": 0.425585,
        "VISTA_J_flux": 0.012957922791420972,
        "VISTA_J_flux_err": 0.0050792241679141654,
        "VLT_FORS2_R": 21.4905080769752,
        "VLT_FORS2_R_err": 0.0055662353252227,
        "VLT_FORS2_R_flux": 0.009200189303591469,
        "VLT_FORS2_R_flux_err": 4.716653868219772e-05,
        "VLT_FORS2_R_ref": "Shannon2024",
        "VLT_HAWKI_Ks": 20.35218979881682,
        "VLT_HAWKI_Ks_err": 0.0384710216289099,
        "VLT_HAWKI_Ks_flux": 0.02624968370597079,
        "VLT_HAWKI_Ks_flux_err": 0.0009301082023228762,
        "VLT_HAWKI_Ks_ref": "Shannon2024"
    },
    "ra": 52.13998291666667,
    "ra_FRB": 52.139774323,
    "redshift": {
        "z": 0.3619,
        "z_FRB": 0.3619,
        "z_spec": 0.3619
    }
}