{
    "FRB": "FRB20230902A",
    "cosmo": "Planck18",
    "dec": -47.33345416666667,
    "dec_FRB": -47.333503723,
    "offsets": {
        "ang_avg": 0.9220587409686238,
        "ang_avg_err": 0.47728527643501806,
        "ang_best": 0.5392959483177532,
        "ang_best_err": 0.6118076417792971,
        "physical": 2.8080420646887183,
        "physical_err": 3.185600780004448
    },
    "photom": {
        "DECaL_g": 22.314116944674744,
        "DECaL_g_err": 0.018407180154758482,
        "DECaL_g_flux": 22.314116944674744,
        "DECaL_g_flux_err": 0.00019401994971299136,
        "DECaL_r": 21.459144088917817,
        "DECaL_r_err": 0.009764139626389685,
        "DECaL_r_flux": 21.459144088917817,
        "DECaL_r_flux_err": 0.00013008595137286176,
        "DECaL_z": 20.97131309609549,
        "DECaL_z_err": 0.020887435504008452,
        "DECaL_z_flux": 20.97131309609549,
        "DECaL_z_flux_err": 0.00028630791273686083,
        "DELVE_g": 22.347467487405954,
        "DELVE_g_err": 0.065386,
        "DELVE_g_flux": 22.347467487405954,
        "DELVE_g_flux_err": -5962.050424064143,
        "DELVE_i": 21.289933373747456,
        "DELVE_i_err": 0.07207,
        "DELVE_i_flux": 21.289933373747456,
        "DELVE_i_flux_err": 0.00025922686126300204,
        "DELVE_r": 21.474941264606766,
        "DELVE_r_err": 0.044078,
        "DELVE_r_flux": 21.474941264606766,
        "DELVE_r_flux_err": -4019.1364908680657,
        "DELVE_z": 21.112468145019363,
        "DELVE_z_err": 0.103695,
        "DELVE_z_flux": 21.112468145019363,
        "DELVE_z_flux_err": 0.0008556926161076661,
        "DES_Y": 20.968318613407725,
        "DES_Y_err": 0.12667228,
        "DES_Y_flux": 0.01488238546601308,
        "DES_Y_flux_err": 0.001511794132736798,
        "DES_g": 22.42087548740595,
        "DES_g_err": 0.029912222,
        "DES_g_flux": 0.003905258616887111,
        "DES_g_flux_err": 33440724.220933873,
        "DES_i": 21.253541373747456,
        "DES_i_err": 0.025330797,
        "DES_i_flux": 0.011444147451030928,
        "DES_i_flux_err": 0.000610470785495773,
        "DES_r": 21.51928926460677,
        "DES_r_err": 0.017251404,
        "DES_r_flux": 0.008959510617216766,
        "DES_r_flux_err": 33440724.220933873,
        "DES_z": 20.999198145019363,
        "DES_z_err": 0.040429477,
        "DES_z_flux": 0.014465076549519293,
        "DES_z_flux_err": -3686.4555178867267,
        "EBV": 0.0132,
        "VISTA_J": 21.11866151595141,
        "VISTA_J_err": 0.425585,
        "VISTA_J_flux": 0.012957922791420972,
        "VISTA_J_flux_err": 33440724.220933873,
        "VLT_FORS2_I": null,
        "VLT_FORS2_I_flux": null,
        "VLT_FORS2_R": 21.49030708873089,
        "VLT_FORS2_R_flux": 0.009201892572811567,
        "VLT_FORS2_g": null,
        "VLT_FORS2_g_flux": null,
        "VLT_FORS2_u": null,
        "VLT_FORS2_u_flux": null,
        "VLT_FORS2_z": null,
        "VLT_FORS2_z_flux": null,
        "VLT_HAWKI_J": null,
        "VLT_HAWKI_J_flux": null,
        "VLT_HAWKI_Ks": 20.35564910878673,
        "VLT_HAWKI_Ks_flux": 0.026166181575727553
    },
    "ra": 52.13998291666667,
    "ra_FRB": 52.139774323,
    "redshift": {
        "z": 0.3619,
        "z_FRB": 0.3619,
        "z_spec": 0.3619
    }
}