{
    "FRB": "FRB20201124A",
    "cosmo": "Planck18",
    "dec": 26.060536111111112,
    "dec_FRB": 26.06069556,
    "derived": {
        "AV_nebular": 1.2782863952657029,
        "Mstar": 2800000000.0,
        "Mstar_err": 500000000.0,
        "Mstar_ref": "Fong2021",
        "SFR_nebular": 2.1,
        "SFR_nebular_err": 0.5,
        "SFR_nebular_ref": "Fong2021",
        "SFR_photom": 4.0,
        "SFR_photom_err": 0.7,
        "SFR_photom_ref": "Fong2021",
        "Z_spec": 9.03,
        "Z_spec_err": 0.2,
        "Z_spec_ref": "Fong2021"
    },
    "morphology": {
        "PA": 356.98,
        "PA_err": 1.44,
        "b/a": 0.55,
        "b/a_err": 0.01,
        "dec": 26.060560702122842,
        "dec_err": 0.015000000363215783,
        "n": 0.56,
        "n_err": 0.05,
        "ra": 77.01448006769074,
        "ra_err": 0.010000000242143856,
        "reff_ang": 1.0625000257277848,
        "reff_ang_err": 0.02000000048428771,
        "reff_kpc": 1.9879284317405923,
        "reff_kpc_err": 0.03741982930335232
    },
    "neb_lines": {
        "Halpha": 5.69e-15,
        "Halpha_err": 1.24e-15,
        "Halpha_ref": "Fong2021",
        "Hbeta": 1.23e-15,
        "Hbeta_err": 2.7e-16,
        "Hbeta_ref": "Fong2021",
        "[NII] 6548": 8.5e-16,
        "[NII] 6548_err": 1.8e-16,
        "[NII] 6548_ref": "Fong2021",
        "[NII] 6584": 2.53e-15,
        "[NII] 6584_err": 5.4e-16,
        "[NII] 6584_ref": "Fong2021",
        "[OIII] 4959": 1.2e-16,
        "[OIII] 4959_err": 5e-17,
        "[OIII] 4959_ref": "Fong2021",
        "[OIII] 5007": 3.8e-16,
        "[OIII] 5007_err": 1.6e-16,
        "[OIII] 5007_ref": "Fong2021",
        "[SII] 6716": 1.08e-15,
        "[SII] 6716_err": 2.3e-16,
        "[SII] 6716_ref": "Fong2021",
        "[SII] 6731": 8.4e-16,
        "[SII] 6731_err": 1.7e-16,
        "[SII] 6731_ref": "Fong2021"
    },
    "offsets": {
        "ang_avg": 0.7075670573497082,
        "ang_avg_err": 0.003999938667725529,
        "ang_best": 0.7075557508959494,
        "ang_best_err": 0.003999954647425703,
        "physical": 1.323830739000837,
        "physical_err": 0.007483880825173456
    },
    "photom": {
        "2MASS_H": 16.787248430757263,
        "2MASS_H_err": 0.123,
        "2MASS_H_flux": 0.700004161667756,
        "2MASS_H_flux_err": 0.08396796487612794,
        "2MASS_H_ref": "Fong2021",
        "2MASS_J": 16.964220283354937,
        "2MASS_J_err": 0.119,
        "2MASS_J_flux": 0.5947190923676133,
        "2MASS_J_flux_err": 0.06888931716147151,
        "2MASS_J_ref": "Fong2021",
        "2MASS_K": 16.706793871061087,
        "2MASS_K_err": 0.115,
        "2MASS_K_flux": 0.7538456721357367,
        "2MASS_K_flux_err": 0.08422847905147796,
        "2MASS_K_ref": "Fong2021",
        "EBV": 0.6291
    },
    "ra": 77.0144875,
    "ra_FRB": 77.01461542,
    "redshift": {
        "z": 0.0979,
        "z_FRB": 0.0979,
        "z_spec": 0.0979
    }
}