{
    "FRB": "FRB20201124a",
    "cosmo": "Planck15",
    "dec": 26.06056111,
    "dec_FRB": 26.060872222222223,
    "derived": {
        "EBV_photom": 0.25623049891055605,
        "EBV_photom_err": 0.028607079237017538,
        "Lnu_r": 8.197450720360532e+21,
        "Lnu_r_err": 4.098725360180266e+20,
        "M_r": -20.684197036381924,
        "M_r_err": 0.05428681023790647,
        "Mstar": 15848931924.611135,
        "Mstar_err": 1959074917.657819,
	"SFR_nebular": 0.8,
        "SFR_photom": 2.9919220309152186,
        "SFR_photom_err": 1.002721421225156,
        "Z_photom": 0.006291772005821445,
        "Z_photom_err": 0.006086208577801336,
        "age_mass": 823.6260489936413,
        "f_AGN": 0.03802390702929437,
        "f_AGN_err": 0.03710497435586843,
        "u-r": 1.4892612191962606,
        "u-r_err": 0.10592911731301258
    },
    "offsets": {
        "ang_avg": NaN,
        "ang_avg_err": NaN,
        "ang_best": 1.1551982677046824,
        "ang_best_err": NaN,
        "physical": 2.161109947377177,
        "physical_err": NaN
    },
    "photom": {
        "EBV": 0.7315,
        "Pan-STARRS_g": 17.979498092179877,
        "Pan-STARRS_g_err": 0.028522999957203865,
        "Pan-STARRS_g_flux": 0.2334536978401382,
        "Pan-STARRS_g_flux_err": 0.006214250089979062,
        "Pan-STARRS_i": 17.331062618460653,
        "Pan-STARRS_i_err": 0.013850999996066093,
        "Pan-STARRS_i_flux": 0.4242041832048734,
        "Pan-STARRS_i_flux_err": 0.005446341899049938,
        "Pan-STARRS_r": 17.614833731417562,
        "Pan-STARRS_r_err": 0.01395499985665083,
        "Pan-STARRS_r_flux": 0.32663784505246135,
        "Pan-STARRS_r_flux_err": 0.004225382287855864,
        "Pan-STARRS_y": 17.21327655385607,
        "Pan-STARRS_y_err": 0.0250410009175539,
        "Pan-STARRS_y_flux": 0.4728129605693817,
        "Pan-STARRS_y_flux_err": 0.011031499830573702,
        "Pan-STARRS_z": 17.16905221619984,
        "Pan-STARRS_z_err": 0.015918999910354614,
        "Pan-STARRS_z_flux": 0.4924692382926244,
        "Pan-STARRS_z_flux_err": 0.007273748123634368,
        "WISE_W1": 14.423365370182523,
        "WISE_W1_err": 0.036,
        "WISE_W1_flux": 0.5264663650950572,
        "WISE_W1_flux_err": 0.017748788127271316,
        "WISE_W2": 14.233843906174586,
        "WISE_W2_err": 0.068,
        "WISE_W2_flux": 0.34789864158040046,
        "WISE_W2_flux_err": 0.02248579797616343,
        "WISE_W3": 9.868774099949164,
        "WISE_W3_err": 0.054,
        "WISE_W3_flux": 3.5743186929451056,
        "WISE_W3_flux_err": 0.18226676000903025,
        "WISE_W4": 7.908259306789464,
        "WISE_W4_err": 0.221,
        "WISE_W4_flux": 5.741936351113723,
        "WISE_W4_flux_err": 1.2962113088355731
    },
    "ra": 77.0145,
    "ra_FRB": 77.01441249999999,
    "redshift": {
        "z": 0.098,
        "z_FRB": 0.098,
        "z_spec": 0.098
    }
}
