{
    "FRB": "FRB20201124A",
    "cosmo": "Planck18",
    "dec": 26.060536111111112,
    "dec_FRB": 26.06069556,
    "derived": {
        "AV_nebular": 1.2782863952657029,
        "Mstar": 2800000000.0,
        "Mstar_err": 500000000.0,
        "Mstar_ref": "Fong2021",
        "SFR_nebular": 2.1,
        "SFR_nebular_err": 0.5,
        "SFR_nebular_ref": "Fong2021",
        "SFR_photom": 4.0,
        "SFR_photom_err": 0.7,
        "SFR_photom_ref": "Fong2021",
        "Z_spec": 9.03,
        "Z_spec_err": 0.2,
        "Z_spec_ref": "Fong2021"
    },
    "neb_lines": {
        "Halpha": 5.69e-15,
        "Halpha_err": 1.24e-15,
        "Halpha_ref": "Fong2021",
        "Hbeta": 1.23e-15,
        "Hbeta_err": 2.7e-16,
        "Hbeta_ref": "Fong2021",
        "[NII] 6548": 8.5e-16,
        "[NII] 6548_err": 1.8e-16,
        "[NII] 6548_ref": "Fong2021",
        "[NII] 6584": 2.53e-15,
        "[NII] 6584_err": 5.4e-16,
        "[NII] 6584_ref": "Fong2021",
        "[OIII] 4959": 1.2e-16,
        "[OIII] 4959_err": 5e-17,
        "[OIII] 4959_ref": "Fong2021",
        "[OIII] 5007": 3.8e-16,
        "[OIII] 5007_err": 1.6e-16,
        "[OIII] 5007_ref": "Fong2021",
        "[SII] 6716": 1.08e-15,
        "[SII] 6716_err": 2.3e-16,
        "[SII] 6716_ref": "Fong2021",
        "[SII] 6731": 8.4e-16,
        "[SII] 6731_err": 1.7e-16,
        "[SII] 6731_ref": "Fong2021"
    },
    "offsets": {
        "ang_avg": 0.707567057340418,
        "ang_avg_err": 0.003999938667725527,
        "ang_best": 0.7075557508866602,
        "ang_best_err": 0.003999954647425705,
        "physical": 1.3238307389834572,
        "physical_err": 0.007483880825173459
    },
    "photom": {
        "2MASS_H": 16.787248430757263,
        "2MASS_H_err": 0.123,
        "2MASS_H_flux": 0.700004161667756,
        "2MASS_H_flux_err": 0.08396796487612794,
        "2MASS_H_ref": "Fong2021",
        "2MASS_J": 16.964220283354937,
        "2MASS_J_err": 0.119,
        "2MASS_J_flux": 0.5947190923676132,
        "2MASS_J_flux_err": 0.0688893171614715,
        "2MASS_J_ref": "Fong2021",
        "2MASS_K": 16.706793871061087,
        "2MASS_K_err": 0.115,
        "2MASS_K_flux": 0.7538456721357367,
        "2MASS_K_flux_err": 0.08422847905147796,
        "2MASS_K_ref": "Fong2021",
        "EBV": 0.6291,
        "Pan-STARRS_g": 18.34599075448032,
        "Pan-STARRS_g_err": 0.028522999957203865,
        "Pan-STARRS_g_flux": 0.16657264905155555,
        "Pan-STARRS_g_flux_err": 0.004433958891777762,
        "Pan-STARRS_i": 17.523159840510743,
        "Pan-STARRS_i_err": 0.013850999996066093,
        "Pan-STARRS_i_flux": 0.3554152497592112,
        "Pan-STARRS_i_flux_err": 0.0045631633137149415,
        "Pan-STARRS_r": 17.878931759070106,
        "Pan-STARRS_r_err": 0.01395499985665083,
        "Pan-STARRS_r_flux": 0.25611044495507895,
        "Pan-STARRS_r_flux_err": 0.0033130408929628727,
        "Pan-STARRS_y": 17.336567004070787,
        "Pan-STARRS_y_err": 0.0250410009175539,
        "Pan-STARRS_y_flux": 0.42205902628955244,
        "Pan-STARRS_y_flux_err": 0.009847327516991945,
        "Pan-STARRS_z": 17.31853908094357,
        "Pan-STARRS_z_err": 0.015918999910354614,
        "Pan-STARRS_z_flux": 0.42912553899038675,
        "Pan-STARRS_z_flux_err": 0.006338164582333183,
        "SDSS_g": 18.324044,
        "SDSS_g_err": 0.03424947,
        "SDSS_g_flux": 0.16997396066823076,
        "SDSS_g_flux_err": 0.005447281639746233,
        "SDSS_i": 17.400036,
        "SDSS_i_err": 0.01440313,
        "SDSS_i_flux": 0.3980939654130325,
        "SDSS_i_flux_err": 0.0053162080087370564,
        "SDSS_r": 17.832598,
        "SDSS_r_err": 0.02020506,
        "SDSS_r_flux": 0.26727651153083265,
        "SDSS_r_flux_err": 0.005020464465622288,
        "SDSS_u": 19.960853,
        "SDSS_u_err": 0.5452362,
        "SDSS_u_flux": 0.037640795592657705,
        "SDSS_u_flux_err": 0.02455388965400235,
        "SDSS_z": 17.2093143,
        "SDSS_z_err": 0.0330442,
        "SDSS_z_flux": 0.47454158259071233,
        "SDSS_z_flux_err": 0.014664619463766694,
        "WISE_W1": 16.978897094726562,
        "WISE_W1_err": 0.02500000037252903,
        "WISE_W1_flux": 0.5867339968681335,
        "WISE_W1_flux_err": 0.013666804879903793,
        "WISE_W2": 17.42259407043457,
        "WISE_W2_err": 0.10499999672174454,
        "WISE_W2_flux": 0.3899082839488983,
        "WISE_W2_flux_err": 0.039590999484062195,
        "WISE_W3": 14.913212776184082,
        "WISE_W3_err": 0.08500000089406967,
        "WISE_W3_flux": 3.9329166412353516,
        "WISE_W3_flux_err": 0.32027316093444824,
        "WISE_W4": 14.461503982543945,
        "WISE_W4_err": 0.328000009059906,
        "WISE_W4_flux": 5.9620866775512695,
        "WISE_W4_flux_err": 2.102800130844116
    },
    "ra": 77.0144875,
    "ra_FRB": 77.01461542,
    "redshift": {
        "z": 0.0979,
        "z_FRB": 0.0979,
        "z_spec": 0.0979
    }
}