{
    "FRB": "FRB20201124A",
    "cosmo": "Planck18",
    "dec": 26.060536111111112,
    "dec_FRB": 26.06069556,
    "derived": {
        "AV_nebular": 1.2782863952657029,
        "AV_old": 0.73,
        "AV_old_loerr": 0.1,
        "AV_old_ref": "Gordon2023",
        "AV_old_uperr": 0.1,
        "AV_young": 1.25,
        "AV_young_loerr": 0.25,
        "AV_young_ref": "Gordon2023",
        "AV_young_uperr": 0.27,
        "Mstar": 16595869074.0,
        "Mstar_loerr": 1804785193.0,
        "Mstar_ref": "Gordon2023",
        "Mstar_uperr": 2025002292.0,
        "Mtotal": 26915348039.0,
        "Mtotal_loerr": 2927018849.0,
        "Mtotal_ref": "Gordon2023",
        "Mtotal_uperr": 3284169165.0,
        "SFR_SED": 2.72,
        "SFR_SED_loerr": 1.22,
        "SFR_SED_ref": "Gordon2023",
        "SFR_SED_uperr": 1.65,
        "SFR_nebular": 2.1,
        "SFR_nebular_err": 0.5,
        "SFR_nebular_ref": "Fong2021",
        "SFR_photom": 4.0,
        "SFR_photom_err": 0.7,
        "SFR_photom_ref": "Fong2021",
        "Z_gas": 1.513561248,
        "Z_gas_loerr": 0.3386636935,
        "Z_gas_ref": "Gordon2023",
        "Z_gas_uperr": 0.8306675669,
        "Z_spec": 9.03,
        "Z_spec_err": 0.2,
        "Z_spec_ref": "Fong2021",
        "Z_stellar": 0.2630267992,
        "Z_stellar_loerr": 0.05885300472,
        "Z_stellar_ref": "Gordon2023",
        "Z_stellar_uperr": 0.07581735695,
        "age_mass": 6.13,
        "age_mass_loerr": 1.16,
        "age_mass_ref": "Gordon2023",
        "age_mass_uperr": 0.95,
        "agn_tau": 34.5,
        "agn_tau_loerr": 22.23,
        "agn_tau_ref": "Gordon2023",
        "agn_tau_uperr": 53.54,
        "f_AGN": 0.0006760829754,
        "f_AGN_loerr": 0.0006236022294,
        "f_AGN_ref": "Gordon2023",
        "f_AGN_uperr": 0.007452222186,
        "lg_sSFR": -9.73,
        "lg_sSFR_loerr": 0.18,
        "lg_sSFR_ref": "Gordon2023",
        "lg_sSFR_uperr": 0.15,
        "z_SED": 0.098,
        "z_SED_loerr": 0.0,
        "z_SED_ref": "Gordon2023",
        "z_SED_uperr": 0.0
    },
    "morphology": {
        "PA": 356.98,
        "PA_err": 1.44,
        "b/a": 0.55,
        "b/a_err": 0.01,
        "dec": 26.060560702122842,
        "dec_err": 0.015000000363215783,
        "n": 0.56,
        "n_err": 0.05,
        "ra": 77.01448006769074,
        "ra_err": 0.010000000242143856,
        "reff_ang": 1.0625000257277848,
        "reff_ang_err": 0.02000000048428771,
        "reff_kpc": 1.987928431740592,
        "reff_kpc_err": 0.03741982930335232
    },
    "neb_lines": {
        "Halpha": 5.69e-15,
        "Halpha_err": 1.24e-15,
        "Halpha_ref": "Fong2021",
        "Hbeta": 1.23e-15,
        "Hbeta_err": 2.7e-16,
        "Hbeta_ref": "Fong2021",
        "[NII] 6548": 8.5e-16,
        "[NII] 6548_err": 1.8e-16,
        "[NII] 6548_ref": "Fong2021",
        "[NII] 6584": 2.53e-15,
        "[NII] 6584_err": 5.4e-16,
        "[NII] 6584_ref": "Fong2021",
        "[OIII] 4959": 1.2e-16,
        "[OIII] 4959_err": 5e-17,
        "[OIII] 4959_ref": "Fong2021",
        "[OIII] 5007": 3.8e-16,
        "[OIII] 5007_err": 1.6e-16,
        "[OIII] 5007_ref": "Fong2021",
        "[SII] 6716": 1.08e-15,
        "[SII] 6716_err": 2.3e-16,
        "[SII] 6716_ref": "Fong2021",
        "[SII] 6731": 8.4e-16,
        "[SII] 6731_err": 1.7e-16,
        "[SII] 6731_ref": "Fong2021"
    },
    "offsets": {
        "ang_avg": 0.707567057340418,
        "ang_avg_err": 0.003999938667725527,
        "ang_best": 0.7075557508866602,
        "ang_best_err": 0.003999954647425705,
        "physical": 1.323830738983457,
        "physical_err": 0.007483880825173458
    },
    "photom": {
        "2MASS_H": 16.740000000757263,
        "2MASS_H_err": 0.123,
        "2MASS_H_flux": 0.7311390733678051,
        "2MASS_H_flux_err": 0.08770270720369128,
        "2MASS_H_ref": "Gordon2023",
        "2MASS_J": 16.921000003354937,
        "2MASS_J_err": 0.119,
        "2MASS_J_flux": 0.6188708013760179,
        "2MASS_J_flux_err": 0.07168693163732075,
        "2MASS_J_ref": "Gordon2023",
        "2MASS_K": 16.740000001061087,
        "2MASS_K_err": 0.115,
        "2MASS_K_flux": 0.7311390731632076,
        "2MASS_K_flux_err": 0.08169143152758686,
        "2MASS_K_ref": "Gordon2023",
        "EBV": 0.6291,
        "LRISb_G": 18.26448252985786,
        "LRISb_G_err": 0.02490702712,
        "LRISb_G_flux": 0.17955891908276544,
        "LRISb_G_flux_err": 0.004166731196994818,
        "LRISb_G_ref": "Gordon2023",
        "LRISr_I": 17.462410076548725,
        "LRISr_I_err": 0.01603561664,
        "LRISr_I_flux": 0.37586852845510943,
        "LRISr_I_flux_err": 0.005592530733257658,
        "LRISr_I_ref": "Gordon2023",
        "Pan-STARRS_g": 18.397000003879732,
        "Pan-STARRS_g_err": 0.0338,
        "Pan-STARRS_g_flux": 0.15892784433235332,
        "Pan-STARRS_g_flux_err": 0.005025391605946036,
        "Pan-STARRS_g_ref": "Gordon2023",
        "Pan-STARRS_i": 17.53500000298633,
        "Pan-STARRS_i_err": 0.034,
        "Pan-STARRS_i_flux": 0.35156043494254374,
        "Pan-STARRS_i_flux_err": 0.011183360770473334,
        "Pan-STARRS_i_ref": "Gordon2023",
        "Pan-STARRS_r": 17.864999997654092,
        "Pan-STARRS_r_err": 0.029,
        "Pan-STARRS_r_flux": 0.2594179333641758,
        "Pan-STARRS_r_flux_err": 0.007022416483521151,
        "Pan-STARRS_r_ref": "Gordon2023",
        "Pan-STARRS_y": 17.34199999910985,
        "Pan-STARRS_y_err": 0.059,
        "Pan-STARRS_y_flux": 0.4199523294910547,
        "Pan-STARRS_y_flux_err": 0.02345206668049066,
        "Pan-STARRS_y_ref": "Gordon2023",
        "Pan-STARRS_z": 17.363000002115445,
        "Pan-STARRS_z_err": 0.028,
        "Pan-STARRS_z_flux": 0.4119077786535538,
        "Pan-STARRS_z_flux_err": 0.01076082923552374,
        "Pan-STARRS_z_ref": "Gordon2023",
        "SDSS_g": 18.324044,
        "SDSS_g_err": 0.03424947,
        "SDSS_g_flux": 0.16997396066823076,
        "SDSS_g_flux_err": 0.005447281639746233,
        "SDSS_g_ref": "Gordon2023",
        "SDSS_i": 17.400036,
        "SDSS_i_err": 0.01440313,
        "SDSS_i_flux": 0.3980939654130325,
        "SDSS_i_flux_err": 0.0053162080087370564,
        "SDSS_i_ref": "Gordon2023",
        "SDSS_r": 17.832598,
        "SDSS_r_err": 0.02020506,
        "SDSS_r_flux": 0.26727651153083265,
        "SDSS_r_flux_err": 0.005020464465622288,
        "SDSS_r_ref": "Gordon2023",
        "SDSS_u": 19.960853,
        "SDSS_u_err": 0.5452362,
        "SDSS_u_flux": 0.037640795592657705,
        "SDSS_u_flux_err": 0.02455388965400235,
        "SDSS_u_ref": "Gordon2023",
        "SDSS_z": 17.2093143,
        "SDSS_z_err": 0.0330442,
        "SDSS_z_flux": 0.47454158259071233,
        "SDSS_z_flux_err": 0.014664619463766694,
        "SDSS_z_ref": "Gordon2023",
        "WISE_W1": 17.265623186455485,
        "WISE_W1_err": 0.025,
        "WISE_W1_flux": 0.4505580149278465,
        "WISE_W1_flux_err": 0.010494844363746219,
        "WISE_W1_ref": "Gordon2023",
        "WISE_W2": 17.76800329356446,
        "WISE_W2_err": 0.105,
        "WISE_W2_flux": 0.2836603777237268,
        "WISE_W2_flux_err": 0.028802678898324198,
        "WISE_W2_ref": "Gordon2023",
        "WISE_W3": 15.763904730330754,
        "WISE_W3_err": 0.085,
        "WISE_W3_flux": 1.7965450092778688,
        "WISE_W3_flux_err": 0.14629975879008766,
        "WISE_W3_ref": "Gordon2023",
        "WISE_W4": 15.063342879818054,
        "WISE_W4_err": 0.328,
        "WISE_W4_flux": 3.4250178747722297,
        "WISE_W4_flux_err": 1.2079879089688668,
        "WISE_W4_ref": "Gordon2023"
    },
    "ra": 77.0144875,
    "ra_FRB": 77.01461542,
    "redshift": {
        "z": 0.0979,
        "z_FRB": 0.0979,
        "z_spec": 0.0979
    }
}