{
    "FRB": "FRB190611",
    "cosmo": "Planck15",
    "dec": -79.39724722222223,
    "dec_FRB": -79.39758333333334,
    "derived": {
        "EBV_photom": 0.3331956937384528,
        "EBV_photom_err": 0.22171138982616093,
        "Lnu_r": 2.2779184803440624e+21,
        "Lnu_r_err": 2.0268687774269912e+20,
        "M_r": -19.29384544491277,
        "M_r_err": 0.0966077071210178,
        "Mstar": 3494760588.500322,
        "Mstar_err": 6961443635.0987835,
	"SFR_nebular": 0.2688606697709391,
        "SFR_photom": 1.4121968950926578,
        "SFR_photom_err": 1.46952000423068,
        "Z_photom": 0.009777689811948828,
        "Z_photom_err": 0.014252565314404176,
        "age_mass": 607.2427044007322,
	"AV_nebular": 1.050443627730092,
        "EBV_spec": 0.32249012021169815,
        "Mstar_spec": 754135611.6315218,
	"Z_spec": -1.155254689268919,
        "f_AGN": 0.09823439413749685,
        "f_AGN_err": 0.07202293000842978,
        "u-r": 1.2872504533666198,
        "u-r_err": 0.18228455086252707
    },

    "morphology": {
        "PA": 57.62,
        "PA_err": 15.97,
        "b/a": 0.9,
        "b/a_err": 0.04,
        "dec": -79.39711553046635,
        "dec_err": 0.008,
        "n": 0.27,
        "n_err": 0.19,
        "ra": 320.74464349168306,
        "ra_err": 0.008,
        "reff_ang": 0.40159999999999996,
        "reff_ang_err": 0.020800000000000003,
        "reff_kpc": 2.1472464611937014,
        "reff_kpc_err": 0.11121196810963395
    },
    "neb_lines": {
        "Halpha": 4.886669581330679e-17,
        "Halpha_err": 4.548112584928302e-18,
        "Hbeta": 1.1501636447121192e-17,
        "Hbeta_err": 3.144462654359013e-18,
        "[NII] 6584": 1.2259194091228288e-17,
        "[NII] 6584_err": 3.5431308965841374e-18,
        "[OIII] 5007": 1.7691577278339768e-17,
        "[OIII] 5007_err": 4.187041647947899e-18
    },

    "offsets": {
        "ang_avg": 2.5233299380826684,
        "ang_avg_err": 1.0307626377551506,
        "ang_best": 2.193719225050598,
        "ang_best_err": 1.082180593772347,
        "physical": 11.72922271624125,
        "physical_err": 5.786126619397836
    },
    "photom": {
        "EBV": 0.2286,
        "GMOS_S_i": 22.341596679002265,
        "GMOS_S_i_err": 0.15,
        "GMOS_S_i_flux": 0.004201083588109765,
        "GMOS_S_i_flux_err": 0.0006224057477895806,
        "GMOS_S_r": 22.068962856826026,
        "GMOS_S_r_err": 0.15,
        "GMOS_S_r_flux": 0.005400262260220315,
        "GMOS_S_r_flux_err": 0.0008000684108845816,
        "VLT_FORS2_I": 22.018579091322326,
        "VLT_FORS2_I_err": 0.07,
        "VLT_FORS2_I_flux": 0.005656767873662116,
        "VLT_FORS2_I_flux_err": 0.00037671879908583066,
        "VLT_FORS2_g": 23.243376983329842,
        "VLT_FORS2_g_err": 0.09,
        "VLT_FORS2_g_flux": 0.0018308349778144342,
        "VLT_FORS2_g_flux_err": 0.0001582310546975488
    },
    "ra": 320.7428208333333,
    "ra_FRB": 320.74558333333334,
    "redshift": {
        "z": 0.3778,
        "z_FRB": 0.3778,
        "z_spec": 0.3778
    }
}
