{
    "FRB": "FRB190611",
    "cosmo": "Planck15",
    "dec": -79.39724722222223,
    "dec_FRB": -79.39758333333334,
    "derived": {
        "AV_nebular": 1.050443627730092,
        "EBV_spec": 0.32249012021169815,
        "Mstar_spec": 754135611.6315218,
        "SFR_nebular": 0.2688606697709391,
        "Z_spec": -1.155254689268919
    },
    "morphology": {
        "PA": 57.62,
        "PA_err": 15.97,
        "b/a": 0.9,
        "b/a_err": 0.04,
        "dec": -79.39711553046635,
        "dec_err": 0.008,
        "n": 0.27,
        "n_err": 0.19,
        "ra": 320.74464349168306,
        "ra_err": 0.008,
        "reff_ang": 0.40159999999999996,
        "reff_ang_err": 0.020800000000000003,
        "reff_kpc": 2.1472464611937014,
        "reff_kpc_err": 0.11121196810963395
    },
    "neb_lines": {
        "Halpha": 4.886669581330679e-17,
        "Halpha_err": 4.548112584928302e-18,
        "Hbeta": 1.1501636447121192e-17,
        "Hbeta_err": 3.144462654359013e-18,
        "[NII] 6584": 1.2259194091228288e-17,
        "[NII] 6584_err": 3.5431308965841374e-18,
        "[OIII] 5007": 1.7691577278339768e-17,
        "[OIII] 5007_err": 4.187041647947899e-18
    },
    "offsets": {
        "ang_avg": 2.2395243064542316,
        "ang_avg_err": 0.662391666152463,
        "ang_best": 2.1251460225677037,
        "ang_best_err": 0.6721942511008727,
        "physical": 11.362580369717062,
        "physical_err": 3.594040654659112
    },
    "photom": {
        "EBV": 0.2286,
        "GMOS_S_i": 22.341596679002265,
        "GMOS_S_i_err": 0.15,
        "GMOS_S_i_flux": 0.004201083588109765,
        "GMOS_S_i_flux_err": 0.0006224057477895806,
        "GMOS_S_r": 22.068962856826026,
        "GMOS_S_r_err": 0.15,
        "GMOS_S_r_flux": 0.005400262260220315,
        "GMOS_S_r_flux_err": 0.0008000684108845816
    },
    "ra": 320.7428208333333,
    "ra_FRB": 320.7454583333333,
    "redshift": {
        "z": 0.3778,
        "z_FRB": 0.3778,
        "z_spec": 0.3778
    }
}