{
    "FRB": "FRB190611",
    "cosmo": "Planck15",
    "dec": -79.39724722222223,
    "dec_FRB": -79.39758333333334,
    "derived": {
        
	"AV_nebular": 1.050443627730092,
        "EBV_spec": 0.32249012021169815,
        "Mstar_spec": 754135611.6315218,
        "SFR_nebular": 0.2688606697709391,
        "Z_spec": -1.155254689268919,
	"EBV_photom": 0.3331956937384528,
        "EBV_photom_err": 0.22171138982616093,
        "Lnu_r": 2.2779184803440624e+21,
        "Lnu_r_err": 2.0268687774269912e+20,
        "M_r": -19.29384544491277,
        "M_r_err": 0.0966077071210178,
        "Mstar": 3494760588.500322,
        "Mstar_err": 6961443635.0987835,
        "SFR_photom": 1.4121968950926578,
        "SFR_photom_err": 1.46952000423068,
        "Z_photom": 0.009777689811948828,
        "Z_photom_err": 0.014252565314404176,
        "age_mass": 607.2427044007322,
        "f_AGN": 0.09823439413749685,
        "f_AGN_err": 0.07202293000842978,
        "u-r": 1.2872504533666198,
        "u-r_err": 0.18228455086252707
    },
    "offsets": {
        "ang_avg": 2.2395243064542316,
        "ang_avg_err": 0.662391666152463,
        "ang_best": 2.1251460225677037,
        "ang_best_err": 0.6721942511008727,
        "physical": 11.362580369717064,
        "physical_err": 3.594040654659113
    },
    "photom": {
        "EBV": 0.2286,
        "GMOS_S_i": 22.341596679002265,
        "GMOS_S_i_err": 0.15,
        "GMOS_S_i_flux": 0.004201083588109765,
        "GMOS_S_i_flux_err": 0.0006224057477895806,
        "GMOS_S_r": 22.068962856826026,
        "GMOS_S_r_err": 0.15,
        "GMOS_S_r_flux": 0.005400262260220315,
        "GMOS_S_r_flux_err": 0.0008000684108845816,
        "VLT_FORS2_I": 22.018579091322326,
        "VLT_FORS2_I_err": 0.07,
        "VLT_FORS2_I_flux": 0.005656767873662116,
        "VLT_FORS2_I_flux_err": 0.00037671879908583066,
        "VLT_FORS2_g": 23.243376983329842,
        "VLT_FORS2_g_err": 0.09,
        "VLT_FORS2_g_flux": 0.0018308349778144342,
        "VLT_FORS2_g_flux_err": 0.0001582310546975488
    },
    "neb_lines": {
        "Halpha": 4.886669581330679e-17,
        "Halpha_err": 4.548112584928302e-18,
        "Hbeta": 1.1501636447121192e-17,
        "Hbeta_err": 3.144462654359013e-18,
        "[NII] 6584": 1.2259194091228288e-17,
        "[NII] 6584_err": 3.5431308965841374e-18,
        "[OIII] 5007": 1.7691577278339768e-17,
        "[OIII] 5007_err": 4.187041647947899e-18
    },
    "ra": 320.7428208333333,
    "ra_FRB": 320.7454583333333,
    "redshift": {
        "z": 0.3778,
        "z_FRB": 0.3778,
        "z_spec": 0.3778
    }
}
