{
    "FRB": "190611",
    "cosmo": "Planck15",
    "dec": -79.39724722222223,
    "derived": {
        "AV_nebular": 1.050443627730092,
        "EBV_spec": 0.32249012021169815,
        "Mstar": 754135611.6315218,
        "Mstar_err": 999,
        "Mstar_spec": 754135611.6315218,
        "SFR_nebular": 0.26886066976672957,
        "Z_spec": -1.155254689268919
    },
    "neb_lines": {
        "Halpha": 4.886669581330679e-17,
        "Halpha_err": 4.548112584928302e-18,
        "Hbeta": 1.1501636447121192e-17,
        "Hbeta_err": 3.144462654359013e-18,
        "[NII] 6584": 1.2259194091228288e-17,
        "[NII] 6584_err": 3.5431308965841374e-18,
        "[OIII] 5007": 1.7691577278339768e-17,
        "[OIII] 5007_err": 4.187041647947899e-18
    },
    "photom": {
        "GMOS_S_i": 22.341596679002265,
        "GMOS_S_i_err": 0.15,
        "GMOS_S_r": 22.068962856826026,
        "GMOS_S_r_err": 0.15
    },
    "ra": 320.7428208333333,
    "redshift": {
        "z": 0.3778,
        "z_FRB": 0.3778,
        "z_spec": 0.3778
    }
}
