{
    "FRB": "FRB20221101B",
    "cosmo": "Planck18",
    "dec": 70.68047055555556,
    "dec_FRB": 70.6815,
    "derived": {
        "AV_old": 1.4994,
        "AV_old_loerr": -0.0464,
        "AV_old_ref": "Sharma2024",
        "AV_old_uperr": 0.0589,
        "Mtotal": 160879237788.8798,
        "Mtotal_loerr": -6730790739.59964,
        "Mtotal_ref": "Sharma2024",
        "Mtotal_uperr": 10279864503.970154,
        "SFR_SED": 12.2665,
        "SFR_SED_loerr": -4.3058,
        "SFR_SED_ref": "Sharma2024",
        "SFR_SED_uperr": 4.714
    },
    "offsets": {
        "ang_avg": 3.9144481798688666,
        "ang_avg_err": 0.8960542929203386,
        "ang_best": 3.7250303220063965,
        "ang_best_err": 0.91585611355615,
        "physical": 14.568479862087784,
        "physical_err": 3.5818852985137775
    },
    "photom": {
        "2MASS_h": 16.46884536743164,
        "2MASS_h_err": -999.0,
        "2MASS_h_flux": 0.9385594129562378,
        "2MASS_h_flux_err": -99.0,
        "2MASS_j": 17.181455612182617,
        "2MASS_j_err": 0.1761000007390976,
        "2MASS_j_flux": 0.48687508702278137,
        "2MASS_j_flux_err": 0.07896826416254044,
        "2MASS_k": 16.795543670654297,
        "2MASS_k_err": 0.16599999368190765,
        "2MASS_k_flux": 0.6946765184402466,
        "2MASS_k_flux_err": 0.10621023923158646,
        "EBV": 0.4607,
        "Pan-STARRS_g": 17.43799502795283,
        "Pan-STARRS_g_err": 0.12,
        "Pan-STARRS_g_flux": 0.38441646711138167,
        "Pan-STARRS_g_flux_err": 0.04248727808026096,
        "Pan-STARRS_g_ref": "Sharma2024",
        "Pan-STARRS_i": 17.48812072964937,
        "Pan-STARRS_i_err": 0.05,
        "Pan-STARRS_i_flux": 0.36707237557282796,
        "Pan-STARRS_i_flux_err": 0.016904307600878108,
        "Pan-STARRS_i_ref": "Sharma2024",
        "Pan-STARRS_r": 17.598465453822865,
        "Pan-STARRS_r_err": 0.04,
        "Pan-STARRS_r_flux": 0.33159945856618317,
        "Pan-STARRS_r_flux_err": 0.012216575522230242,
        "Pan-STARRS_r_ref": "Sharma2024",
        "Pan-STARRS_y": 17.37879937010397,
        "Pan-STARRS_y_err": 0.03,
        "Pan-STARRS_y_flux": 0.40595719799670865,
        "Pan-STARRS_y_flux_err": 0.011217011910010243,
        "Pan-STARRS_y_ref": "Sharma2024",
        "Pan-STARRS_z": 17.542995614165328,
        "Pan-STARRS_z_err": 0.02,
        "Pan-STARRS_z_flux": 0.34898097255984145,
        "Pan-STARRS_z_flux_err": 0.0064284670812388405,
        "Pan-STARRS_z_ref": "Sharma2024",
        "WISE_W1": 16.8410550811596,
        "WISE_W1_err": 0.02,
        "WISE_W1_flux": 0.6661590952818396,
        "WISE_W1_flux_err": 0.012271104018866913,
        "WISE_W1_ref": "Sharma2024",
        "WISE_W2": 17.29583145270908,
        "WISE_W2_err": 0.05,
        "WISE_W2_flux": 0.4381949954101667,
        "WISE_W2_flux_err": 0.020179625285120885,
        "WISE_W2_ref": "Sharma2024",
        "WISE_W3": 17.160509235711572,
        "WISE_W3_err": 0.24,
        "WISE_W3_flux": 0.4963594561109808,
        "WISE_W3_flux_err": 0.10971934890314657,
        "WISE_W3_ref": "Sharma2024",
        "WISE_W4": 15.835609980418164,
        "WISE_W4_err": 0.25,
        "WISE_W4_flux": 1.6817289567772986,
        "WISE_W4_flux_err": 0.3872324026331836,
        "WISE_W4_ref": "Sharma2024"
    },
    "ra": 342.21547625,
    "ra_FRB": 342.215792,
    "redshift": {
        "z": 0.2395,
        "z_FRB": 0.2395,
        "z_spec": 0.2395
    }
}