{
    "FRB": "FRB20240201A",
    "cosmo": "Planck18",
    "dec": 14.087250222222222,
    "dec_FRB": 14.088025093,
    "offsets": {
        "ang_avg": 6.27370158560692,
        "ang_avg_err": 0.5016527721724756,
        "ang_best": 6.25531727167864,
        "ang_best_err": 0.5019895286028817,
        "physical": 5.451000611052975,
        "physical_err": 0.4374430757566024
    },
    "ra": 149.9071820833333,
    "ra_FRB": 149.905578613,
    "redshift": {
        "z": 0.042729,
        "z_FRB": 0.042729,
        "z_spec": 0.042729
    }
}