{
    "FRB": "FRB20240117B",
    "cosmo": "Planck18",
    "dec": -15.852322222222222,
    "dec_FRB": -15.852306,
    "offsets": {
        "ang_avg": 0.7411495843406726,
        "ang_avg_err": 0.40360705681071246,
        "ang_best": 0.06015622556857909,
        "ang_best_err": 0.7916126647541096,
        "physical": 0.4274825293982984,
        "physical_err": 5.625362645916535
    },
    "photom": {
        "DECaL_g": 22.856619503014123,
        "DECaL_g_err": 0.04240422357190303,
        "DECaL_g_flux": 0.002614280557722412,
        "DECaL_g_flux_err": 0.00010210264405250824,
        "DECaL_r": 21.965010438747743,
        "DECaL_r_err": 0.02239402849371349,
        "DECaL_r_flux": 0.005942864370478568,
        "DECaL_r_flux_err": 0.00012257551462642729,
        "DECaL_z": 21.328484358273986,
        "DECaL_z_err": 0.0392587482068791,
        "DECaL_z_flux": 0.010680860698988362,
        "DECaL_z_flux_err": 0.000386205432753112,
        "DELVE_g": 22.809244275405767,
        "DELVE_g_err": 0.189967,
        "DELVE_g_flux": 0.0027308779078846785,
        "DELVE_g_flux_err": 0.00047781098323298256,
        "DELVE_i": 21.770874853406195,
        "DELVE_i_err": 0.103076,
        "DELVE_i_flux": 0.007106406607924353,
        "DELVE_i_flux_err": 0.000674657402330606,
        "DELVE_r": 22.17562268969715,
        "DELVE_r_err": 0.093301,
        "DELVE_r_flux": 0.004894979963042735,
        "DELVE_r_flux_err": 0.00042064225502509706,
        "DELVE_z": 21.511581795943357,
        "DELVE_z_err": 0.189726,
        "DELVE_z_flux": 0.0090233390442256,
        "DELVE_z_flux_err": 0.0015767752940375804,
        "DES_Y": 21.064462364698098,
        "DES_Y_err": 0.1896259,
        "DES_Y_flux": 0.013621189922533118,
        "DES_Y_flux_err": 0.0023789668123912976,
        "DES_g": 22.822991275405766,
        "DES_g_err": 0.06387379,
        "DES_g_flux": 0.002696518996308072,
        "DES_g_flux_err": 0.0001586360364021958,
        "DES_i": 21.644350853406195,
        "DES_i_err": 0.04588925,
        "DES_i_flux": 0.007984719293726185,
        "DES_i_flux_err": 0.00033747864190570166,
        "DES_r": 22.069591689697152,
        "DES_r_err": 0.04054698,
        "DES_r_flux": 0.005397135460915791,
        "DES_r_flux_err": 0.00020155682626406846,
        "DES_z": 21.327472795943358,
        "DES_z_err": 0.067016855,
        "DES_z_flux": 0.010690816516043426,
        "DES_z_flux_err": 0.0006598885596219893,
        "EBV": 0.0815,
        "Pan-STARRS_i": 21.936041593572938,
        "Pan-STARRS_i_err": 0.12364599853754044,
        "Pan-STARRS_i_flux": 0.006103561948972023,
        "Pan-STARRS_i_flux_err": 0.000695086899109626,
        "Pan-STARRS_r": 22.49766058920158,
        "Pan-STARRS_r_err": 0.16668400168418884,
        "Pan-STARRS_r_flux": 0.0036386120933819747,
        "Pan-STARRS_r_flux_err": 0.0005586056922883043,
        "Pan-STARRS_z": 21.463565916011895,
        "Pan-STARRS_z_err": 0.17412100732326508,
        "Pan-STARRS_z_flux": 0.009431344917232862,
        "Pan-STARRS_z_flux_err": 0.0015125177462121894,
        "VLT_FORS2_R": 22.097955021074828,
        "VLT_FORS2_R_err": 0.011293,
        "VLT_FORS2_R_flux": 0.005257968571479489,
        "VLT_FORS2_R_flux_err": 5.4689379259435866e-05,
        "VLT_FORS2_R_ref": "Muller2025",
        "VLT_HAWKI_Ks": 20.35650910197042,
        "VLT_HAWKI_Ks_err": 0.064214,
        "VLT_HAWKI_Ks_flux": 0.0261454639943902,
        "VLT_HAWKI_Ks_flux_err": 0.0015463284889811549,
        "VLT_HAWKI_Ks_ref": "Muller2025"
    },
    "ra": 53.87750416666666,
    "ra_FRB": 53.8775,
    "redshift": {
        "z": 0.644,
        "z_FRB": 0.644,
        "z_spec": 0.644
    }
}