,Hbeta,Hbeta_err,ra,dec,Name
0,2.575e-17,5.34e-18,329.419167,-80.358125,HG20190711A
0,3.0e-18,-999.,207.06433,72.470756,HG20190523A
