Name,ra,dec,WFC3_F160W,WFC3_F160W_err,WFC3_F300X,WFC3_F300X_err
20180924B,326.105233,-40.900222,19.349,0.002,23.478,0.058
20190102C,322.414904,-79.475700,20.55,0.006 ,27.2,-999
20190608B,334.02043,-7.89886,16.693,0.001,19.765,0.014
20190711A,329.419221,-80.358069,22.899,0.014,25.008,0.121
20190714A,183.979542,-13.021100,18.896,0.002,23.072,0.053
20191001A,323.351833,-54.748481,17.135,0.001,21.228,0.02
