Name,ra,dec,WFC3_F110W,WFC3_F110W_err
HG20180916B,29.50121667,65.71474667,16.178,0.005