{
    "FRB": "FRB20211127I",
    "cosmo": "Planck18",
    "dec": -18.83779694444444,
    "dec_FRB": -18.8379722,
    "offsets": {
        "ang_avg": 1.8294459147889979,
        "ang_avg_err": 0.3655271192528724,
        "ang_best": 1.6734671848687777,
        "ang_best_err": 0.39741595224251974,
        "physical": 1.5926714538241575,
        "physical_err": 0.3782285354347345
    },
    "photom": {
        "DELVE_g": 15.601455978491948,
        "DELVE_g_err": 0.003564,
        "DELVE_g_flux": 2.086496223067358,
        "DELVE_g_flux_err": 0.006860313672017491,
        "DELVE_i": 98,
        "DELVE_i_err": 99,
        "DELVE_i_flux": 0,
        "DELVE_i_flux_err": 0,
        "DELVE_r": 15.160611329768894,
        "DELVE_r_err": 0.002475,
        "DELVE_r_flux": 3.131521965916972,
        "DELVE_r_flux_err": 0.007146632330298158,
        "DELVE_z": 14.817366580137195,
        "DELVE_z_err": 0.002732,
        "DELVE_z_flux": 4.295892076193704,
        "DELVE_z_flux_err": 0.01082321415728006,
        "EBV": 0.063,
        "Pan-STARRS_g": 15.723920112061172,
        "Pan-STARRS_g_err": 0.0023690001107752323,
        "Pan-STARRS_g_flux": 1.8639400906142085,
        "Pan-STARRS_g_flux_err": 0.004071426478085315,
        "Pan-STARRS_i": 15.105249628495622,
        "Pan-STARRS_i_err": 0.001908999984152615,
        "Pan-STARRS_i_flux": 3.2953393390020307,
        "Pan-STARRS_i_flux_err": 0.005799140136879529,
        "Pan-STARRS_r": 15.33795837004087,
        "Pan-STARRS_r_err": 0.0020669999066740274,
        "Pan-STARRS_r_flux": 2.6596019719055226,
        "Pan-STARRS_r_flux_err": 0.005068112526505173,
        "Pan-STARRS_y": 14.92833698441929,
        "Pan-STARRS_y_err": 0.004712000023573637,
        "Pan-STARRS_y_flux": 3.8785125452146416,
        "Pan-STARRS_y_flux_err": 0.01686898318552807,
        "Pan-STARRS_z": 15.012796014380807,
        "Pan-STARRS_z_err": 0.002672000089660287,
        "Pan-STARRS_z_flux": 3.588240870370335,
        "Pan-STARRS_z_flux_err": 0.008841546728467417,
        "VISTA_J": 14.979845441283773,
        "VISTA_J_err": 0.008247,
        "VISTA_J_flux": 3.6988082512911804,
        "VISTA_J_flux_err": 0.028202261579535613,
        "VISTA_Ks": 14.958743530000406,
        "VISTA_Ks_err": 0.019816,
        "VISTA_Ks_flux": 3.771399874609543,
        "VISTA_Ks_flux_err": 0.0694645911073037,
        "VISTA_Y": 15.058756814950952,
        "VISTA_Y_err": 0.005987,
        "VISTA_Y_flux": 3.4395154793932656,
        "VISTA_Y_flux_err": 0.019018670605310418,
        "WISE_W1": 15.758654594421387,
        "WISE_W1_err": 0.008999999612569809,
        "WISE_W1_flux": 1.8052526712417603,
        "WISE_W1_flux_err": 0.01502654142677784,
        "WISE_W2": 16.2761173248291,
        "WISE_W2_err": 0.01899999938905239,
        "WISE_W2_flux": 1.1208640336990356,
        "WISE_W2_flux_err": 0.01978740096092224,
        "WISE_W3": 14.136930465698242,
        "WISE_W3_err": 0.02500000037252903,
        "WISE_W3_flux": 8.039475440979004,
        "WISE_W3_flux_err": 0.18726365268230438,
        "WISE_W4": 13.571428298950195,
        "WISE_W4_err": 0.10899999737739563,
        "WISE_W4_flux": 13.53408145904541,
        "WISE_W4_flux_err": 1.4292668104171753
    },
    "ra": 199.8082120833333,
    "ra_FRB": 199.808667,
    "redshift": {
        "z": 0.0469,
        "z_FRB": 0.0469,
        "z_spec": 0.0469
    }
}