{
    "FRB": "FRB20211127I",
    "cosmo": "Planck18",
    "dec": -18.83779694444444,
    "dec_FRB": -18.837911606,
    "derived": {
        "AV_old": 0.06,
        "AV_old_loerr": 0.01,
        "AV_old_ref": "Gordon2023",
        "AV_old_uperr": 0.01,
        "AV_young": 1.22,
        "AV_young_loerr": 0.31,
        "AV_young_ref": "Gordon2023",
        "AV_young_uperr": 0.25,
        "Mstar": 3019951720.0,
        "Mstar_loerr": 135920217.3,
        "Mstar_ref": "Gordon2023",
        "Mstar_uperr": 447416784.1,
        "Mtotal": 3801893963.0,
        "Mtotal_loerr": 171113415.5,
        "Mtotal_ref": "Gordon2023",
        "Mtotal_uperr": 768987932.9,
        "SFR_SED": 35.83,
        "SFR_SED_loerr": 1.46,
        "SFR_SED_ref": "Gordon2023",
        "SFR_SED_uperr": 1.02,
        "Z_gas": 1.9498446,
        "Z_gas_loerr": 0.4707362116,
        "Z_gas_ref": "Gordon2023",
        "Z_gas_uperr": 0.6804233921,
        "Z_stellar": 0.2951209227,
        "Z_stellar_loerr": 0.01328262954,
        "Z_stellar_ref": "Gordon2023",
        "Z_stellar_uperr": 0.02110684335,
        "age_mass": 3.85,
        "age_mass_loerr": 3.65,
        "age_mass_ref": "Gordon2023",
        "age_mass_uperr": 2.13,
        "agn_tau": 61.38,
        "agn_tau_loerr": 40.33,
        "agn_tau_ref": "Gordon2023",
        "agn_tau_uperr": 50.68,
        "f_AGN": 9.77237221e-05,
        "f_AGN_loerr": 7.428143394e-05,
        "f_AGN_ref": "Gordon2023",
        "f_AGN_uperr": 0.0004646176031,
        "lg_sSFR": -8.29,
        "lg_sSFR_loerr": 0.07,
        "lg_sSFR_ref": "Gordon2023",
        "lg_sSFR_uperr": 0.01,
        "z_SED": 0.0469,
        "z_SED_loerr": 0.0,
        "z_SED_ref": "Gordon2023",
        "z_SED_uperr": 0.0
    },
    "morphology": {
        "PA": -88.6760265634637,
        "amp": 48880.50848029588,
        "b/a": 0.8358430141624139,
        "dec": -18.83781619588897,
        "n": 2.0872646305861444,
        "phi_G": -1.5476886311183937,
        "q": 0.8358430141624139,
        "ra": 199.8081356082422,
        "reff_ang": 2.804924065805994,
        "reff_ang_err": 0.011,
        "reff_kpc": 2.6695010993620993,
        "reff_kpc_err": 0.010468915166352358
    },
    "offsets": {
        "ang_avg": 2.1337273073267915,
        "ang_avg_err": 0.5015970851017846,
        "ang_best": 2.0698307900007946,
        "ang_best_err": 0.5056504728653959,
        "physical": 1.9698984499293093,
        "physical_err": 0.48123744584125316
    },
    "photom": {
        "DECaL_g": 15.224933699430714,
        "DECaL_g_err": 0.0004872597617245534,
        "DECaL_g_flux": 2.951389409224207,
        "DECaL_g_flux_err": 0.0013245328782375114,
        "DECaL_r": Infinity,
        "DECaL_r_err": -99.0,
        "DECaL_r_flux": 0.0,
        "DECaL_r_flux_err": -99.0,
        "DECaL_z": 14.26527582744659,
        "DECaL_z_err": 0.00096123747126408,
        "DECaL_z_flux": 7.143148244784725,
        "DECaL_z_flux_err": 0.006324060785290774,
        "DELVE_g": 15.605331268136347,
        "DELVE_g_err": 0.003564,
        "DELVE_g_flux": 2.079062221927639,
        "DELVE_g_flux_err": 0.006824657524062937,
        "DELVE_i": 98,
        "DELVE_i_err": 99,
        "DELVE_i_flux": 0,
        "DELVE_i_flux_err": 0,
        "DELVE_r": 15.15832901406045,
        "DELVE_r_err": 0.002475,
        "DELVE_r_flux": 3.1381116319494553,
        "DELVE_r_flux_err": 0.007153511373239253,
        "DELVE_z": 14.810532689439528,
        "DELVE_z_err": 0.002732,
        "DELVE_z_flux": 4.323016752589961,
        "DELVE_z_flux_err": 0.010877855704099694,
        "EBV": 0.063,
        "Pan-STARRS_g": 15.727776048706792,
        "Pan-STARRS_g_err": 0.0023690001107752323,
        "Pan-STARRS_g_flux": 1.8573321434760537,
        "Pan-STARRS_g_flux_err": 0.004052568233755609,
        "Pan-STARRS_i": 15.099523708312843,
        "Pan-STARRS_i_err": 0.001908999984152615,
        "Pan-STARRS_i_flux": 3.3127640988019857,
        "Pan-STARRS_i_flux_err": 0.005824680603262338,
        "Pan-STARRS_r": 15.336846719277226,
        "Pan-STARRS_r_err": 0.0020669999066740274,
        "Pan-STARRS_r_flux": 2.6623264482790656,
        "Pan-STARRS_r_flux_err": 0.005068476574707702,
        "Pan-STARRS_y": 14.922103364582727,
        "Pan-STARRS_y_err": 0.004712000023573637,
        "Pan-STARRS_y_flux": 3.900844591221748,
        "Pan-STARRS_y_flux_err": 0.016929323831370878,
        "Pan-STARRS_z": 15.005582443863783,
        "Pan-STARRS_z_err": 0.002672000089660287,
        "Pan-STARRS_z_flux": 3.6121603134173053,
        "Pan-STARRS_z_flux_err": 0.008889537476065364,
        "SOAR_g": 15.037236558484302,
        "SOAR_g_err": 0.00952752481,
        "SOAR_g_flux": 3.5083698561373255,
        "SOAR_g_flux_err": 0.030786558190210537,
        "SOAR_g_ref": "Gordon2023",
        "SOAR_i": 14.71111412193106,
        "SOAR_i_err": 0.007921631208,
        "SOAR_i_flux": 4.737555879603419,
        "SOAR_i_flux_err": 0.034565643423367966,
        "SOAR_i_ref": "Gordon2023",
        "SOAR_r": 14.965182834083913,
        "SOAR_r_err": 0.006977716604,
        "SOAR_r_flux": 3.74909858527167,
        "SOAR_r_flux_err": 0.02409438621816131,
        "SOAR_r_ref": "Gordon2023",
        "SOAR_z": 14.568240015944708,
        "SOAR_z_err": 0.008165612347,
        "SOAR_z_flux": 5.403858741586644,
        "SOAR_z_flux_err": 0.04064137814357377,
        "SOAR_z_ref": "Gordon2023",
        "VISTA_J": 14.657334775026303,
        "VISTA_J_err": 0.01,
        "VISTA_J_flux": 4.978128287491083,
        "VISTA_J_flux_err": 0.045850255943155775,
        "VISTA_J_ref": "Gordon2023",
        "VISTA_Ks": 14.697893068373755,
        "VISTA_Ks_err": 0.01,
        "VISTA_Ks_flux": 4.795597961815087,
        "VISTA_Ks_flux_err": 0.044169089515472194,
        "VISTA_Ks_ref": "Gordon2023",
        "VISTA_Y": 14.777318181656288,
        "VISTA_Y_err": 0.01,
        "VISTA_Y_flux": 4.457308787796003,
        "VISTA_Y_flux_err": 0.04105333107860175,
        "VISTA_Y_ref": "Gordon2023",
        "VLT_FORS2_I": 14.74512818036235,
        "VLT_FORS2_I_err": 0.0053667490047912,
        "VLT_FORS2_I_flux": 4.591437977867756,
        "VLT_FORS2_I_flux_err": 0.02269528739144479,
        "VLT_FORS2_I_ref": "Shannon2024",
        "VLT_FORS2_g": 15.583078842709018,
        "VLT_FORS2_g_err": 0.0059830864849405,
        "VLT_FORS2_g_flux": 2.1221127623457545,
        "VLT_FORS2_g_flux_err": 0.011694170400018218,
        "VLT_FORS2_g_ref": "Shannon2024",
        "WISE_W1": 16.04356661184032,
        "WISE_W1_err": 0.009,
        "WISE_W1_flux": 1.388587813718968,
        "WISE_W1_flux_err": 0.011510429760656958,
        "WISE_W1_ref": "Gordon2023",
        "WISE_W2": 16.619959476242965,
        "WISE_W2_err": 0.019,
        "WISE_W2_flux": 0.8166128391228329,
        "WISE_W2_flux_err": 0.014290436180849528,
        "WISE_W2_ref": "Gordon2023",
        "WISE_W3": 14.980835168923475,
        "WISE_W3_err": 0.025,
        "WISE_W3_flux": 3.6954380544585046,
        "WISE_W3_flux_err": 0.08509060576279072,
        "WISE_W3_ref": "Gordon2023",
        "WISE_W4": 14.166561774831964,
        "WISE_W4_err": 0.109,
        "WISE_W4_flux": 7.823035199801518,
        "WISE_W4_flux_err": 0.7853757045601373,
        "WISE_W4_ref": "Gordon2023"
    },
    "ra": 199.8082120833333,
    "ra_FRB": 199.808807373,
    "redshift": {
        "z": 0.0469,
        "z_FRB": 0.0469,
        "z_spec": 0.0469
    }
}