{
    "FRB": "FRB20211127I",
    "cosmo": "Planck18",
    "dec": -18.83779694444444,
    "dec_FRB": -18.8379722,
    "derived": {
        "AV_old": 0.06,
        "AV_old_loerr": 0.01,
        "AV_old_ref": "Gordon2023",
        "AV_old_uperr": 0.01,
        "AV_young": 1.22,
        "AV_young_loerr": 0.31,
        "AV_young_ref": "Gordon2023",
        "AV_young_uperr": 0.25,
        "Mstar": 3019951720.0,
        "Mstar_loerr": 135920217.3,
        "Mstar_ref": "Gordon2023",
        "Mstar_uperr": 447416784.1,
        "Mtotal": 3801893963.0,
        "Mtotal_loerr": 171113415.5,
        "Mtotal_ref": "Gordon2023",
        "Mtotal_uperr": 768987932.9,
        "SFR_SED": 35.83,
        "SFR_SED_loerr": 1.46,
        "SFR_SED_ref": "Gordon2023",
        "SFR_SED_uperr": 1.02,
        "Z_gas": 1.9498446,
        "Z_gas_loerr": 0.4707362116,
        "Z_gas_ref": "Gordon2023",
        "Z_gas_uperr": 0.6804233921,
        "Z_stellar": 0.2951209227,
        "Z_stellar_loerr": 0.01328262954,
        "Z_stellar_ref": "Gordon2023",
        "Z_stellar_uperr": 0.02110684335,
        "age_mass": 3.85,
        "age_mass_loerr": 3.65,
        "age_mass_ref": "Gordon2023",
        "age_mass_uperr": 2.13,
        "agn_tau": 61.38,
        "agn_tau_loerr": 40.33,
        "agn_tau_ref": "Gordon2023",
        "agn_tau_uperr": 50.68,
        "f_AGN": 9.77237221e-05,
        "f_AGN_loerr": 7.428143394e-05,
        "f_AGN_ref": "Gordon2023",
        "f_AGN_uperr": 0.0004646176031,
        "lg_sSFR": -8.29,
        "lg_sSFR_loerr": 0.07,
        "lg_sSFR_ref": "Gordon2023",
        "lg_sSFR_uperr": 0.01,
        "z_SED": 0.0469,
        "z_SED_loerr": 0.0,
        "z_SED_ref": "Gordon2023",
        "z_SED_uperr": 0.0
    },
    "offsets": {
        "ang_avg": 1.8294459147889979,
        "ang_avg_err": 0.3655271192528724,
        "ang_best": 1.6734671848687777,
        "ang_best_err": 0.39741595224251974,
        "physical": 1.5926714538241575,
        "physical_err": 0.3782285354347345
    },
    "photom": {
        "DELVE_g": 15.601455978491948,
        "DELVE_g_err": 0.003564,
        "DELVE_g_flux": 2.086496223067358,
        "DELVE_g_flux_err": 0.006860313672017491,
        "DELVE_i": 98,
        "DELVE_i_err": 99,
        "DELVE_i_flux": 0,
        "DELVE_i_flux_err": 0,
        "DELVE_r": 15.160611329768894,
        "DELVE_r_err": 0.002475,
        "DELVE_r_flux": 3.131521965916972,
        "DELVE_r_flux_err": 0.007146632330298158,
        "DELVE_z": 14.817366580137195,
        "DELVE_z_err": 0.002732,
        "DELVE_z_flux": 4.295892076193704,
        "DELVE_z_flux_err": 0.01082321415728006,
        "EBV": 0.063,
        "Pan-STARRS_g": 15.723920112061172,
        "Pan-STARRS_g_err": 0.0023690001107752323,
        "Pan-STARRS_g_flux": 1.8639400906142085,
        "Pan-STARRS_g_flux_err": 0.004071426478085315,
        "Pan-STARRS_i": 15.105249628495622,
        "Pan-STARRS_i_err": 0.001908999984152615,
        "Pan-STARRS_i_flux": 3.2953393390020307,
        "Pan-STARRS_i_flux_err": 0.005799140136879529,
        "Pan-STARRS_r": 15.33795837004087,
        "Pan-STARRS_r_err": 0.0020669999066740274,
        "Pan-STARRS_r_flux": 2.6596019719055226,
        "Pan-STARRS_r_flux_err": 0.005068112526505173,
        "Pan-STARRS_y": 14.92833698441929,
        "Pan-STARRS_y_err": 0.004712000023573637,
        "Pan-STARRS_y_flux": 3.8785125452146416,
        "Pan-STARRS_y_flux_err": 0.01686898318552807,
        "Pan-STARRS_z": 15.012796014380807,
        "Pan-STARRS_z_err": 0.002672000089660287,
        "Pan-STARRS_z_flux": 3.588240870370335,
        "Pan-STARRS_z_flux_err": 0.008841546728467417,
        "SOAR_g": 15.03353855433353,
        "SOAR_g_err": 0.00952752481,
        "SOAR_g_flux": 3.5203396936763522,
        "SOAR_g_flux_err": 0.031027532510630305,
        "SOAR_g_ref": "Gordon2023",
        "SOAR_i": 14.717145290237992,
        "SOAR_i_err": 0.007921631208,
        "SOAR_i_flux": 4.7113121352578835,
        "SOAR_i_flux_err": 0.03449987072178581,
        "SOAR_i_ref": "Gordon2023",
        "SOAR_r": 14.966608561723497,
        "SOAR_r_err": 0.006977716604,
        "SOAR_r_flux": 3.7441787111021743,
        "SOAR_r_flux_err": 0.024140255769343786,
        "SOAR_r_ref": "Gordon2023",
        "SOAR_z": 14.574351593122323,
        "SOAR_z_err": 0.008165612347,
        "SOAR_z_flux": 5.373526030656145,
        "SOAR_z_flux_err": 0.04056560350963393,
        "SOAR_z_ref": "Gordon2023",
        "VISTA_J": 14.662054951666436,
        "VISTA_J_err": 0.01,
        "VISTA_J_flux": 4.956533132655323,
        "VISTA_J_flux_err": 0.04586223641177188,
        "VISTA_J_ref": "Gordon2023",
        "VISTA_Ks": 14.701291497228969,
        "VISTA_Ks_err": 0.01,
        "VISTA_Ks_flux": 4.780610878519197,
        "VISTA_Ks_flux_err": 0.044234447835896765,
        "VISTA_Ks_ref": "Gordon2023",
        "VISTA_Y": 14.782432415200486,
        "VISTA_Y_err": 0.01,
        "VISTA_Y_flux": 4.436362526692661,
        "VISTA_Y_flux_err": 0.04104915705435942,
        "VISTA_Y_ref": "Gordon2023",
        "WISE_W1": 16.045446074714597,
        "WISE_W1_err": 0.009,
        "WISE_W1_flux": 1.386186179059083,
        "WISE_W1_flux_err": 0.011538277966898271,
        "WISE_W1_ref": "Gordon2023",
        "WISE_W2": 16.62159305682218,
        "WISE_W2_err": 0.019,
        "WISE_W2_flux": 0.8153851009183063,
        "WISE_W2_flux_err": 0.014394533477421237,
        "WISE_W2_ref": "Gordon2023",
        "WISE_W3": 14.987688163219236,
        "WISE_W3_err": 0.025,
        "WISE_W3_flux": 3.672186494291165,
        "WISE_W3_flux_err": 0.08553621166501356,
        "WISE_W3_ref": "Gordon2023",
        "WISE_W4": 14.173333325527764,
        "WISE_W4_err": 0.109,
        "WISE_W4_flux": 7.774396104055608,
        "WISE_W4_flux_err": 0.8210152174856309,
        "WISE_W4_ref": "Gordon2023"
    },
    "ra": 199.8082120833333,
    "ra_FRB": 199.808667,
    "redshift": {
        "z": 0.0469,
        "z_FRB": 0.0469,
        "z_spec": 0.0469
    }
}