{
    "FRB": "FRB20190520B",
    "cosmo": "Planck18",
    "dec": -11.288472222222222,
    "dec_FRB": -11.288147,
    "derived": {
        "AV_old": 0.15,
        "AV_old_loerr": 0.1,
        "AV_old_ref": "Gordon2023",
        "AV_old_uperr": 0.15,
        "AV_young": 1.18,
        "AV_young_loerr": 0.33,
        "AV_young_ref": "Gordon2023",
        "AV_young_uperr": 0.27,
        "Mstar": 1202264435.0,
        "Mstar_loerr": 225027213.7,
        "Mstar_ref": "Gordon2023",
        "Mstar_uperr": 243175336.1,
        "Mtotal": 1995262315.0,
        "Mtotal_loerr": 446445696.1,
        "Mtotal_ref": "Gordon2023",
        "Mtotal_uperr": 403570604.1,
        "SFR_SED": 0.04,
        "SFR_SED_loerr": 0.02,
        "SFR_SED_ref": "Gordon2023",
        "SFR_SED_uperr": 0.04,
        "SFR_nebular": 0.4,
        "SFR_nebular_err": 0.2,
        "SFR_nebular_ref": "Niu2022",
        "Z_gas": 0.2089296131,
        "Z_gas_loerr": 0.1500452475,
        "Z_gas_ref": "Gordon2023",
        "Z_gas_uperr": 0.3799140423,
        "Z_stellar": 0.02818382931,
        "Z_stellar_loerr": 0.01372943161,
        "Z_stellar_ref": "Gordon2023",
        "Z_stellar_uperr": 0.03207212929,
        "age_mass": 5.27,
        "age_mass_loerr": 1.32,
        "age_mass_ref": "Gordon2023",
        "age_mass_uperr": 1.02,
        "agn_tau": -999.0,
        "agn_tau_loerr": -999.0,
        "agn_tau_ref": "Gordon2023",
        "agn_tau_uperr": -999.0,
        "f_AGN": -999.0,
        "f_AGN_loerr": -999.0,
        "f_AGN_ref": "Gordon2023",
        "f_AGN_uperr": -999.0,
        "lg_sSFR": -10.11,
        "lg_sSFR_loerr": 0.32,
        "lg_sSFR_ref": "Gordon2023",
        "lg_sSFR_uperr": 0.3,
        "z_SED": 0.2417,
        "z_SED_loerr": 0.0,
        "z_SED_ref": "Gordon2023",
        "z_SED_uperr": 0.0
    },
    "offsets": {
        "ang_avg": 1.3413642318176482,
        "ang_avg_err": 0.09232386183213664,
        "ang_best": 1.337789955015851,
        "ang_best_err": 0.0923930241861113,
        "physical": 5.2564037498904455,
        "physical_err": 0.36302787068679976
    },
    "photom": {
        "EBV": 0.2496,
        "SOAR_U": 23.231649845654815,
        "SOAR_U_err": 999.0,
        "SOAR_U_flux": 0.0018507171780525996,
        "SOAR_U_flux_err": -99.0,
        "SOAR_U_ref": "Gordon2023",
        "SOAR_g": 23.02686411385207,
        "SOAR_g_err": 0.1366,
        "SOAR_g_flux": 0.002234880719081828,
        "SOAR_g_flux_err": 0.0002996312631853645,
        "SOAR_g_ref": "Gordon2023",
        "SOAR_i": 21.855223368383683,
        "SOAR_i_err": 0.0688,
        "SOAR_i_flux": 0.006575225427628536,
        "SOAR_i_flux_err": 0.00043013761602422147,
        "SOAR_i_ref": "Gordon2023",
        "SOAR_r": 22.16181883338254,
        "SOAR_r_err": 0.059,
        "SOAR_r_flux": 0.004957611161884551,
        "SOAR_r_flux_err": 0.00027685577476225864,
        "SOAR_r_ref": "Gordon2023",
        "SOAR_z": 21.94585590382352,
        "SOAR_z_err": 0.1602,
        "SOAR_z_flux": 0.006048638546178493,
        "SOAR_z_flux_err": 0.000961678065812194,
        "SOAR_z_ref": "Gordon2023",
        "Subaru_MOIRCS_J": 21.884461382690354,
        "Subaru_MOIRCS_J_err": 0.14,
        "Subaru_MOIRCS_J_flux": 0.006400522685821561,
        "Subaru_MOIRCS_J_flux_err": 0.0008808865651009173,
        "Subaru_MOIRCS_J_ref": "Niu2022"
    },
    "ra": 240.5179583333333,
    "ra_FRB": 240.517775,
    "redshift": {
        "z": 0.241,
        "z_FRB": 0.241,
        "z_spec": 0.241
    }
}