{
    "FRB": "180916",
    "cosmo": "Planck15",
    "dec": 65.71472222222222,
    "derived": {
        "EBV_photom": 0.12000000000000001,
        "EBV_photom_err": 1.889655952629106e-09,
        "Lnu_r": 2.565403827311893e+21,
        "Lnu_r_err": 1.2827019136559466e+20,
        "M_r": -19.42288934581154,
        "M_r_err": 0.05428681023790647,
        "Mstar": 2182007373.1804857,
        "Mstar_err": 327063917.9750273,
        "SFR_nebular": 0.07537179543596584,
        "SFR_photom": 0.0014270539699549913,
        "SFR_photom_err": 0.006133720808579315,
        "Z_photom": 0.0003959809733470144,
        "Z_photom_err": 3.4593112931170375e-05,
        "age_mass": 154.8514878172389,
        "f_AGN": 0.0022224066647297284,
        "f_AGN_err": 0.010493132201866968,
        "u-r": 1.5209882369520886,
        "u-r_err": 0.060592290114077615
    },
    "morphology": {
        "PA": 52.63,
        "PA_err": 28.16,
        "b/a": 0.89,
        "b/a_err": 0.07,
        "dec": 65.71481316068828,
        "dec_err": 0.20592000000000002,
        "n": 0.96,
        "n_err": 0.2,
        "ra": 29.50108602641175,
        "ra_err": 0.22968,
        "reff_ang": 5.14008,
        "reff_ang_err": 0.5148,
        "reff_kpc": 3.5672036608443327,
        "reff_kpc_err": 0.35727001225713656
    },
    "neb_lines": {
        "Halpha": 5.409858187781779e-15,
        "Halpha_err": 3.293673173687537e-17
    },
    "photom": {
        "SDSS_g": 17.075671999999997,
        "SDSS_g_err": 0.08271651,
        "SDSS_i": 15.933784000000001,
        "SDSS_i_err": 0.02263959,
        "SDSS_r": 16.170141,
        "SDSS_r_err": 0.03178847,
        "SDSS_u": 20.314096,
        "SDSS_u_err": 1.781266,
        "SDSS_z": 15.851336,
        "SDSS_z_err": 0.06344854,
        "WISE_W1": 14.35081633341832,
        "WISE_W1_err": 0.03,
        "WISE_W2": 14.404242431440176,
        "WISE_W2_err": 0.051,
        "WISE_W3": 10.555941144926935,
        "WISE_W3_err": 0.079,
        "WISE_W4": 9.077292209411521,
        "WISE_W4_err": 0.522
    },
    "ra": 29.501166666666666,
    "redshift": {
        "z": 0.0337,
        "z_FRB": 0.0337,
        "z_spec": 0.0337
    }
}
