{
    "FRB": "180916",
    "cosmo": "Planck15",
    "dec": 65.71472222222222,
    "derived": {
        "EBV_photom": 0.12000000000000004,
        "EBV_photom_err": 1.6009952560921822e-09,
        "Lnu_r": 2.5572462548922327e+21,
        "Lnu_r_err": 1.2786231274461164e+20,
        "M_r": -19.419431378133233,
        "M_r_err": 0.05428681023790647,
        "Mstar": 2153965746.36522,
        "Mstar_err": 262367861.6278541,
        "SFR_nebular": 0.05610366390113818,
        "SFR_photom": 0.0014465199345365018,
        "SFR_photom_err": 0.005963722986893672,
        "Z_photom": 0.0003970395666346201,
        "Z_photom_err": 2.9731865324043625e-05,
        "age_mass": 154.8514878172389,
        "f_AGN": 0.0021095700618007545,
        "f_AGN_err": 0.010222890367455311,
        "u-r": 1.5138839210352693,
        "u-r_err": 0.05949026155918015
    },
    "morphology": {
        "PA": 52.63,
        "PA_err": 28.16,
        "b/a": 0.89,
        "b/a_err": 0.07,
        "dec": 65.71481316068828,
        "dec_err": 0.20592000000000002,
        "n": 0.96,
        "n_err": 0.2,
        "ra": 29.50108602641175,
        "ra_err": 0.22968,
        "reff_ang": 5.14008,
        "reff_ang_err": 0.5148,
        "reff_kpc": 3.5672036608443327,
        "reff_kpc_err": 0.35727001225713656
    },
    "neb_lines": {
        "Halpha": 4.026875885927211e-15,
        "Halpha_err": 2.45167481639404e-17,
        "[NII] 6584": 1.5243034753395692e-15,
        "[NII] 6584_err": 2.4291688850032977e-17,
        "[OIII] 4959": 5.908030232542076e-16,
        "[OIII] 4959_err": 6.218979192149554e-17,
        "[OIII] 5007": 7.161580805676158e-15,
        "[OIII] 5007_err": 6.0181351308203e-17
    },
    "photom": {
        "EBV": 0.8702,
        "SDSS_g": 17.075671999999997,
        "SDSS_g_err": 0.08271651,
        "SDSS_i": 15.933784000000001,
        "SDSS_i_err": 0.02263959,
        "SDSS_r": 16.170141,
        "SDSS_r_err": 0.03178847,
        "SDSS_u": 20.314096,
        "SDSS_u_err": 1.781266,
        "SDSS_z": 15.851336,
        "SDSS_z_err": 0.06344854,
        "WISE_W1": 14.367767338885313,
        "WISE_W1_err": 0.03,
        "WISE_W2": 14.41414748838363,
        "WISE_W2_err": 0.051,
        "WISE_W3": 10.558888586015737,
        "WISE_W3_err": 0.079,
        "WISE_W4": 9.078791625036564,
        "WISE_W4_err": 0.522
    },
    "ra": 29.501166666666666,
    "redshift": {
        "z": 0.0337,
        "z_FRB": 0.0337,
        "z_spec": 0.0337
    }
}