{
    "FRB": "FRB20240310A",
    "cosmo": "Planck18",
    "dec": -44.43931525,
    "dec_FRB": -44.439422607,
    "offsets": {
        "ang_avg": 0.7924266540930323,
        "ang_avg_err": 0.40959318379032206,
        "ang_best": 0.3868695754069788,
        "ang_best_err": 0.5764053437294437,
        "physical": 0.9081532427705283,
        "physical_err": 1.3530771488232995
    },
    "photom": {
        "DECaL_g": 20.472313912144497,
        "DECaL_g_err": 0.0050900339558256485,
        "DECaL_g_flux": 20.472313912144497,
        "DECaL_g_flux_err": 0.0002047347089483529,
        "DECaL_r": 20.02724360358317,
        "DECaL_r_err": 0.0037505464286616405,
        "DECaL_r_flux": 20.02724360358317,
        "DECaL_r_flux_err": 0.00016683637826982878,
        "DECaL_z": 19.719601962468683,
        "DECaL_z_err": 0.011908025469924663,
        "DECaL_z_flux": 19.719601962468683,
        "DECaL_z_flux_err": 0.000530292054731634,
        "DELVE_g": 20.52068838240647,
        "DELVE_g_err": 0.015452,
        "DELVE_g_flux": 20.52068838240647,
        "DELVE_g_flux_err": 0.007864042243658649,
        "DELVE_i": 19.797662196093253,
        "DELVE_i_err": 0.016711,
        "DELVE_i_flux": 19.797662196093253,
        "DELVE_i_flux_err": 0.0003572556949825845,
        "DELVE_r": 20.050558904593764,
        "DELVE_r_err": 0.013405,
        "DELVE_r_flux": 20.050558904593764,
        "DELVE_r_flux_err": 0.03280528606863996,
        "DELVE_z": 19.708113667170817,
        "DELVE_z_err": 0.030815,
        "DELVE_z_flux": 19.708113667170817,
        "DELVE_z_flux_err": 0.001001364715956103,
        "DES_Y": 19.689000772478497,
        "DES_Y_err": 0.05852484,
        "DES_Y_flux": 0.04835035702366171,
        "DES_Y_flux_err": 0.0035266571667835777,
        "DES_g": 20.48574738240647,
        "DES_g_err": 0.0072607407,
        "DES_g_flux": 0.023211384261780817,
        "DES_g_flux_err": 0.00047122472904245126,
        "DES_i": 19.799512196093254,
        "DES_i_err": 0.008370716,
        "DES_i_flux": 0.04367119901458258,
        "DES_i_flux_err": 0.0005034595332719897,
        "DES_r": 20.031113904593763,
        "DES_r_err": 0.0061511397,
        "DES_r_flux": 0.03528210047966515,
        "DES_r_flux_err": 0.0004018633388373281,
        "DES_z": 19.69019866717082,
        "DES_z_err": 0.017165828,
        "DES_z_flux": 0.04829704140548778,
        "DES_z_flux_err": 0.0007917975250757263,
        "EBV": 0.0093,
        "VISTA_H": 19.27288219153174,
        "VISTA_H_err": 0.181515,
        "VISTA_H_flux": 0.07093280231315034,
        "VISTA_H_flux_err": 0.005431512057298504,
        "VISTA_J": 19.280071320452766,
        "VISTA_J_err": 0.125177,
        "VISTA_J_flux": 0.0704646770953725,
        "VISTA_J_flux_err": 33440724.220933873,
        "VISTA_Ks": 19.362684282442718,
        "VISTA_Ks_err": 0.175433,
        "VISTA_Ks_flux": 0.06530196973640358,
        "VISTA_Ks_flux_err": 33440724.220933873,
        "VLT_FORS2_I": null,
        "VLT_FORS2_I_flux": null,
        "VLT_FORS2_R": 20.120668615904545,
        "VLT_FORS2_R_flux": 0.03248871601349364,
        "VLT_FORS2_g": null,
        "VLT_FORS2_g_flux": null,
        "VLT_FORS2_u": null,
        "VLT_FORS2_u_flux": null,
        "VLT_FORS2_z": null,
        "VLT_FORS2_z_flux": null,
        "VLT_HAWKI_J": null,
        "VLT_HAWKI_J_flux": null,
        "VLT_HAWKI_Ks": null,
        "VLT_HAWKI_Ks_flux": null,
        "WISE_W1": 19.650815963745117,
        "WISE_W1_err": 0.15800000727176666,
        "WISE_W1_flux": 0.05008108168840408,
        "WISE_W1_flux_err": 33440722.0,
        "WISE_W2": 19.360631942749023,
        "WISE_W2_err": 999.0,
        "WISE_W2_flux": 0.06542554497718811,
        "WISE_W2_flux_err": -99.0,
        "WISE_W3": 17.044036865234375,
        "WISE_W3_err": 999.0,
        "WISE_W3_flux": 0.5525676608085632,
        "WISE_W3_flux_err": -99.0,
        "WISE_W4": 15.338996887207031,
        "WISE_W4_err": 999.0,
        "WISE_W4_flux": 2.657059907913208,
        "WISE_W4_flux_err": -99.0
    },
    "ra": 17.621863333333334,
    "ra_FRB": 17.621870041,
    "redshift": {
        "z": 0.127,
        "z_FRB": 0.127,
        "z_spec": 0.127
    }
}