{
    "FRB": "FRB20181112",
    "cosmo": "Planck18",
    "dec": -52.970911111111114,
    "dec_FRB": -52.97094444444445,
    "derived": {
        "EBV_photom": 0.181902741037501,
        "EBV_photom_err": 0.0954984501210051,
        "EBV_spec": 0.6728969763283427,
        "Lnu_r": 6.294762416467151e+21,
        "Lnu_r_err": 4.280438708075833e+20,
        "M_r": -20.39744835788712,
        "M_r_err": 0.07383006649223706,
        "Mstar": 3982216438.446546,
        "Mstar_err": 2021451263.9640253,
        "Mstar_spec": 55476962114.8469,
        "SFR_nebular": 0.3706080318763178,
        "SFR_photom": 2.4613123078956023,
        "SFR_photom_err": 1.6024132094240373,
        "Z_photom": 0.009017426212488432,
        "Z_photom_err": 0.013984251008750457,
        "Z_spec": -0.26900567612975296,
        "age_mass": 572.3521574846477,
        "f_AGN": 0.0960607485364683,
        "f_AGN_err": 0.07417054682369012,
        "u-r": 1.1242764847682662,
        "u-r_err": 0.15262930416045986
    },
    "morphology": {
        "PA": 1.08,
        "PA_err": 28.06,
        "b/a": 0.93,
        "b/a_err": 0.06,
        "dec": -52.9709368638997,
        "dec_err": 0.0126,
        "n": 3.95,
        "n_err": 0.87,
        "ra": 327.3486510773426,
        "ra_err": 0.0126,
        "reff_ang": 1.17432,
        "reff_ang_err": 0.2772,
        "reff_kpc": 7.1903290258234716,
        "reff_kpc_err": 1.69728796746906
    },
    "neb_lines": {
        "Hbeta": 2.868286974001483e-17,
        "Hbeta_err": 2.0582592184492076e-18,
        "Hgamma": 7.177895062215415e-18,
        "Hgamma_err": 2.1268690019005353e-18,
        "[NII] 6584": 4.8940024039665055e-17,
        "[NII] 6584_err": 1.0359113352252274e-17,
        "[OIII] 5007": 5.40602020186808e-17,
        "[OIII] 5007_err": 3.2545695709644632e-18
    },
    "offsets": {
        "ang_avg": 4.933564136389279,
        "ang_avg_err": 3.307509959818085,
        "ang_best": 0.29637898283982334,
        "ang_best_err": 5.6958852062340055,
        "physical": 1.814720351315841,
        "physical_err": 34.87574828508659
    },
    "photom": {
        "DES_Y": 21.049557239394524,
        "DES_Y_err": 0.16852021,
        "DES_Y_flux": 0.013809472786274285,
        "DES_Y_flux_err": 0.002318700557433073,
        "DES_g": 22.63162081923826,
        "DES_g_err": 0.08586934,
        "DES_g_flux": 0.003216263829269919,
        "DES_g_flux_err": 0.00026469913475392305,
        "DES_i": 21.455498118302522,
        "DES_i_err": 0.061298743,
        "DES_i_flux": 0.0095016875901542,
        "DES_i_flux_err": 0.0005518809755117648,
        "DES_r": 21.675499081355152,
        "DES_r_err": 0.050682627,
        "DES_r_flux": 0.007758903702092991,
        "DES_r_flux_err": 0.00037077557340166106,
        "DES_z": 21.418734554306177,
        "DES_z_err": 0.10654039,
        "DES_z_flux": 0.009828928426307133,
        "DES_z_flux_err": 0.00101339426196446,
        "EBV": 0.0203
    },
    "ra": 327.3485833333333,
    "ra_FRB": 327.34845833333327,
    "redshift": {
        "z": 0.4755,
        "z_FRB": 0.4755,
        "z_spec": 0.4755
    }
}