{
    "FRB": "FRB20200430A",
    "cosmo": "Planck18",
    "dec": 12.376611111111112,
    "dec_FRB": 12.37675,
    "offsets": {
        "ang_avg": 1.0265057824180543,
        "ang_avg_err": 0.626182576035406,
        "ang_best": 0.5795981742868455,
        "ang_best_err": 0.7693055496588427,
        "physical": 1.6583454949757337,
        "physical_err": 2.2011359751198705
    },
    "photom": {
        "DECaL_g": 21.780813124178902,
        "DECaL_g_err": 0.026556475322156582,
        "DECaL_g_flux": 0.007041655020468262,
        "DECaL_g_flux_err": 0.0001743584416788555,
        "DECaL_r": 21.05008161832049,
        "DECaL_r_err": 0.02113710053911773,
        "DECaL_r_flux": 0.013802804823959031,
        "DECaL_r_flux_err": 0.0002713455592777629,
        "DECaL_z": 20.519811074466148,
        "DECaL_z_err": 0.030189109734844576,
        "DECaL_z_flux": 0.02249445961234598,
        "DECaL_z_flux_err": 0.0006342396118204103,
        "EBV": 0.0366,
        "Pan-STARRS_g": 22.230295643784277,
        "Pan-STARRS_g_err": 0.10269699990749359,
        "Pan-STARRS_g_flux": 0.004654593265103259,
        "Pan-STARRS_g_flux_err": 0.0004617601589009483,
        "Pan-STARRS_g_ref": "Bhandari2021",
        "Pan-STARRS_i": 20.982708732477395,
        "Pan-STARRS_i_err": 0.05153400078415871,
        "Pan-STARRS_i_flux": 0.014686438848326678,
        "Pan-STARRS_i_flux_err": 0.0007138937959642477,
        "Pan-STARRS_i_ref": "Bhandari2021",
        "Pan-STARRS_r": 21.263428038876693,
        "Pan-STARRS_r_err": 0.0739310011267662,
        "Pan-STARRS_r_flux": 0.011340410586624059,
        "Pan-STARRS_r_flux_err": 0.0007991000281303365,
        "Pan-STARRS_r_ref": "Bhandari2021",
        "Pan-STARRS_y": 20.680408242434755,
        "Pan-STARRS_y_err": 0.181085005402565,
        "Pan-STARRS_y_flux": 0.019401562061474593,
        "Pan-STARRS_y_flux_err": 0.0035213980921711525,
        "Pan-STARRS_y_ref": "Bhandari2021",
        "Pan-STARRS_z": 20.71567247089687,
        "Pan-STARRS_z_err": 0.09693799912929535,
        "Pan-STARRS_z_flux": 0.01878153162725466,
        "Pan-STARRS_z_flux_err": 0.0017540120653997955,
        "Pan-STARRS_z_ref": "Bhandari2021",
        "SDSS_g": 21.8745665,
        "SDSS_g_err": 0.08981956,
        "SDSS_g_flux": 0.006459120612565146,
        "SDSS_g_flux_err": 0.0005570674000814591,
        "SDSS_i": 20.76543929,
        "SDSS_i_err": 0.06242236,
        "SDSS_i_flux": 0.017940075990479892,
        "SDSS_i_flux_err": 0.0010616574872855512,
        "SDSS_r": 21.10641329,
        "SDSS_r_err": 0.05947337,
        "SDSS_r_flux": 0.013104929178931331,
        "SDSS_r_flux_err": 0.0007378734352249331,
        "SDSS_u": 22.8638954,
        "SDSS_u_err": 0.4741356,
        "SDSS_u_flux": 0.002596819922157016,
        "SDSS_u_flux_err": 0.0014219771232229757,
        "SDSS_z": 20.583988180000002,
        "SDSS_z_err": 0.2132584,
        "SDSS_z_flux": 0.02120336172056726,
        "SDSS_z_flux_err": 0.004601888959433623
    },
    "ra": 229.7063333333333,
    "ra_FRB": 229.7064167,
    "redshift": {
        "z": 0.1608,
        "z_FRB": 0.1608,
        "z_spec": 0.1608
    }
}