{
    "FRB": "FRB20200430A",
    "cosmo": "Planck18",
    "dec": 12.376611111111112,
    "dec_FRB": 12.37675,
    "derived": {
        "AV_nebular": 0.7004898024485874,
        "AV_old": 0.38,
        "AV_old_loerr": 0.15,
        "AV_old_ref": "Gordon2023",
        "AV_old_uperr": 0.14,
        "AV_young": 1.08,
        "AV_young_loerr": 0.33,
        "AV_young_ref": "Gordon2023",
        "AV_young_uperr": 0.32,
        "EBV_photom": 0.2843850580158977,
        "EBV_photom_err": 0.17592176371975377,
        "EBV_spec": 0.0,
        "Lnu_r": 8.691124044896793e+20,
        "Lnu_r_err": 4.345562022448397e+19,
        "M_r": -18.247689871192676,
        "M_r_err": 0.05428681023790647,
        "Mstar": 1995262315.0,
        "Mstar_loerr": 410369122.5,
        "Mstar_ref": "Gordon2023",
        "Mstar_spec": 464817886.04140633,
        "Mstar_uperr": 348966500.4,
        "Mtotal": 3235936569.0,
        "Mtotal_loerr": 665540786.5,
        "Mtotal_ref": "Gordon2023",
        "Mtotal_uperr": 565957393.9,
        "SFR_SED": 0.11,
        "SFR_SED_loerr": 0.04,
        "SFR_SED_ref": "Gordon2023",
        "SFR_SED_uperr": 0.06,
        "SFR_nebular": 0.26436066639179284,
        "SFR_photom": 0.1454827011695294,
        "SFR_photom_err": 0.39654930050180465,
        "Z_gas": 0.758577575,
        "Z_gas_loerr": 0.09788412702,
        "Z_gas_ref": "Gordon2023",
        "Z_gas_uperr": 0.1123860149,
        "Z_photom": 0.008659723515018161,
        "Z_photom_err": 0.013057326261510755,
        "Z_spec": 0.21831361273017735,
        "Z_stellar": 0.1023292992,
        "Z_stellar_loerr": 0.05662048027,
        "Z_stellar_ref": "Gordon2023",
        "Z_stellar_uperr": 0.1114669097,
        "age_mass": 5.99,
        "age_mass_loerr": 1.31,
        "age_mass_ref": "Gordon2023",
        "age_mass_uperr": 0.96,
        "agn_tau": 28.32,
        "agn_tau_loerr": 17.59,
        "agn_tau_ref": "Gordon2023",
        "agn_tau_uperr": 46.83,
        "f_AGN": 0.0007244359601,
        "f_AGN_loerr": 0.0006655515945,
        "f_AGN_ref": "Gordon2023",
        "f_AGN_uperr": 0.01049574858,
        "lg_sSFR": -10.15,
        "lg_sSFR_loerr": 0.3,
        "lg_sSFR_ref": "Gordon2023",
        "lg_sSFR_uperr": 0.3,
        "u-r": 2.0785905938131997,
        "u-r_err": 0.2970234035400081,
        "z_SED": 0.1607,
        "z_SED_loerr": 0.0,
        "z_SED_ref": "Gordon2023",
        "z_SED_uperr": 0.0
    },
    "morphology": {
        "PA": 87.47,
        "PA_err": 61.14,
        "b/a": 0.71,
        "b/a_err": 0.5,
        "dec": 12.376575520221536,
        "dec_err": 0.1188,
        "n": 0.06,
        "n_err": 4.0,
        "ra": 229.70639290258913,
        "ra_err": 0.13068000000000002,
        "reff_ang": 0.5742,
        "reff_ang_err": 0.18612,
        "reff_kpc": 1.6429002461691813,
        "reff_kpc_err": 0.5325262866893208
    },
    "neb_lines": {
        "Halpha": 4.2694603103948097e-16,
        "Halpha_err": 1.5289793435172125e-17,
        "Hbeta": 1.1451929072221e-16,
        "Hbeta_err": 2.0738361350339645e-17,
        "[NII] 6584": 2.0208531169286558e-16,
        "[NII] 6584_err": 1.9508300542265818e-17,
        "[OIII] 5007": 1.1676568325778105e-16,
        "[OIII] 5007_err": 2.47353750723511e-17
    },
    "offsets": {
        "ang_avg": 1.0265057824180543,
        "ang_avg_err": 0.626182576035406,
        "ang_best": 0.5795981742868455,
        "ang_best_err": 0.7693055496588427,
        "physical": 1.6583454949757337,
        "physical_err": 2.2011359751198705
    },
    "photom": {
        "DECaL_g": 21.780813124178902,
        "DECaL_g_err": 0.02655647532,
        "DECaL_g_flux": 0.007041655020468262,
        "DECaL_g_flux_err": 0.00017435844166452234,
        "DECaL_g_ref": "Gordon2023",
        "DECaL_r": 21.05008161832049,
        "DECaL_r_err": 0.02113710054,
        "DECaL_r_flux": 0.013802804823959031,
        "DECaL_r_flux_err": 0.0002713455592892009,
        "DECaL_r_ref": "Gordon2023",
        "DECaL_z": 20.519811074466148,
        "DECaL_z_err": 0.03018910973,
        "DECaL_z_flux": 0.02249445961234598,
        "DECaL_z_flux_err": 0.0006342396117172082,
        "DECaL_z_ref": "Gordon2023",
        "DELVE_g": 21.81091928683843,
        "DELVE_g_err": 0.059268,
        "DELVE_g_flux": 0.006849080640060761,
        "DELVE_g_flux_err": 0.0003842693558194356,
        "DELVE_i": 98,
        "DELVE_i_err": 99,
        "DELVE_i_flux": 0,
        "DELVE_i_flux_err": 0,
        "DELVE_r": 21.08987222813814,
        "DELVE_r_err": 0.055105,
        "DELVE_r_flux": 0.013306109805575908,
        "DELVE_r_flux_err": 0.0006927641444708179,
        "DELVE_z": 20.658311539306524,
        "DELVE_z_err": 0.060324,
        "DELVE_z_flux": 0.019800464502578365,
        "DELVE_z_flux_err": 0.0011312584831036454,
        "EBV": 0.0366,
        "Pan-STARRS_g": 22.230295643784277,
        "Pan-STARRS_g_err": 0.10269699990749359,
        "Pan-STARRS_g_flux": 0.004654593265103259,
        "Pan-STARRS_g_flux_err": 0.0004617601589009483,
        "Pan-STARRS_g_ref": "Gordon2023",
        "Pan-STARRS_i": 20.982708736701028,
        "Pan-STARRS_i_err": 0.05153400078,
        "Pan-STARRS_i_flux": 0.014686438791194797,
        "Pan-STARRS_i_flux_err": 0.0007138937931281356,
        "Pan-STARRS_i_ref": "Gordon2023",
        "Pan-STARRS_r": 21.263428038876693,
        "Pan-STARRS_r_err": 0.0739310011267662,
        "Pan-STARRS_r_flux": 0.011340410586624059,
        "Pan-STARRS_r_flux_err": 0.0007991000281303365,
        "Pan-STARRS_r_ref": "Gordon2023",
        "Pan-STARRS_y": 20.68040824417792,
        "Pan-STARRS_y_err": 0.1810850054,
        "Pan-STARRS_y_flux": 0.019401562030325177,
        "Pan-STARRS_y_flux_err": 0.0035213980864633584,
        "Pan-STARRS_y_ref": "Gordon2023",
        "Pan-STARRS_z": 20.71567247089687,
        "Pan-STARRS_z_err": 0.09693799912929535,
        "Pan-STARRS_z_flux": 0.01878153162725466,
        "Pan-STARRS_z_flux_err": 0.0017540120653997955,
        "Pan-STARRS_z_ref": "Gordon2023",
        "SDSS_g": 21.8745665,
        "SDSS_g_err": 0.08981956,
        "SDSS_g_flux": 0.006459120612565146,
        "SDSS_g_flux_err": 0.0005570674000814591,
        "SDSS_g_ref": "Gordon2023",
        "SDSS_i": 20.76543929,
        "SDSS_i_err": 0.06242236,
        "SDSS_i_flux": 0.017940075990479892,
        "SDSS_i_flux_err": 0.0010616574872855512,
        "SDSS_i_ref": "Gordon2023",
        "SDSS_r": 21.10641329,
        "SDSS_r_err": 0.05947337,
        "SDSS_r_flux": 0.013104929178931331,
        "SDSS_r_flux_err": 0.0007378734352249331,
        "SDSS_r_ref": "Gordon2023",
        "SDSS_u": 22.8638954,
        "SDSS_u_err": 0.4741356,
        "SDSS_u_flux": 0.002596819922157016,
        "SDSS_u_flux_err": 0.0014219771232229757,
        "SDSS_u_ref": "Gordon2023",
        "SDSS_z": 20.583988180000002,
        "SDSS_z_err": 0.2132584,
        "SDSS_z_flux": 0.02120336172056726,
        "SDSS_z_flux_err": 0.004601888959433623,
        "SDSS_z_ref": "Gordon2023",
        "VISTA_J": 19.85157224781971,
        "VISTA_J_err": 0.05469122416,
        "VISTA_J_flux": 0.04162661489213659,
        "VISTA_J_flux_err": 0.0021505452197529227,
        "VISTA_J_ref": "Gordon2023",
        "VISTA_Ks": 21.26108607023749,
        "VISTA_Ks_err": 0.2533966456,
        "VISTA_Ks_flux": 0.011364898625831137,
        "VISTA_Ks_flux_err": 0.002987491288876479,
        "VISTA_Ks_ref": "Gordon2023"
    },
    "ra": 229.7063333333333,
    "ra_FRB": 229.7064167,
    "redshift": {
        "z": 0.1608,
        "z_FRB": 0.1608,
        "z_spec": 0.1608
    }
}