{
    "FRB": "FRB180301",
    "cosmo": "Planck15",
    "dec": 4.670476944444445,
    "dec_FRB": 4.671009805555556,
    "derived": {
        "AV_nebular": -0.7320378963820574,
        "EBV_photom": 0.4786484659075323,
        "EBV_photom_err": 0.2996976125295255,
        "EBV_spec": 0.9698040690863088,
        "Lnu_r": 5.067831108526368e+21,
        "Lnu_r_err": 2.5339155542631842e+20,
        "M_r": -20.162055332686535,
        "M_r_err": 0.05428681023790647,
        "Mstar": 4382127769.65541,
        "Mstar_err": 2939935702.3926096,
        "Mstar_spec": 92965026674.1868,
        "SFR_nebular": 1.927526476584528,
        "SFR_photom": 5.423099012966709,
        "SFR_photom_err": 2.8441292831044405,
        "Z_photom": 0.009926325130606106,
        "Z_photom_err": 0.0166203886334315,
        "Z_spec": 0.2113762757801206,
        "age_mass": 607.2427044007321,
        "f_AGN": 0.16364909878328537,
        "f_AGN_err": 0.0645279239916913,
        "u-r": 0.7849064746420977,
        "u-r_err": 0.14214256946703993
    },
    "neb_lines": {
        "Halpha": 1.6966844254164578e-15,
        "Halpha_err": 1.7532910003576657e-17,
        "Hbeta": 7.77048982264961e-16,
        "Hbeta_err": 6.072268912520871e-17,
        "Hgamma": 2.722240094399401e-16,
        "Hgamma_err": 7.022315864308002e-17,
        "[NII] 6584": 4.3214761416231567e-16,
        "[NII] 6584_err": 3.239333918843798e-17,
        "[OIII] 5007": 1.2747689345291548e-15,
        "[OIII] 5007_err": 6.461255110876571e-17
    },
    "offsets": {
        "ang_avg": 2.5550424659284467,
        "ang_avg_err": 1.1925817996076526,
        "ang_best": 1.9875995846782064,
        "ang_best_err": 1.3206978353268395,
        "physical": 9.74950054970188,
        "physical_err": 6.478238560104026
    },
    "photom": {
        "EBV": 0.46,
        "NOT_g": 21.40293355446113,
        "NOT_g_err": 0.09,
        "NOT_g_flux": 0.009973017302448893,
        "NOT_g_flux_err": 0.0008619242397079302,
        "NOT_i": 20.992619681418205,
        "NOT_i_err": 0.06,
        "NOT_i_flux": 0.01455298634089752,
        "NOT_i_flux_err": 0.0008268644355101907,
        "NOT_r": 21.041589219904807,
        "NOT_r_err": 0.06,
        "NOT_r_flux": 0.013911190770430952,
        "NOT_r_flux_err": 0.0007903992097719213,
        "NOT_u": 21.457713823811197,
        "NOT_u_err": 0.3,
        "NOT_u_flux": 0.009482316886426596,
        "NOT_u_flux_err": 0.0030178112462324724,
        "NOT_z": 20.585880944956735,
        "NOT_z_err": 0.11,
        "NOT_z_flux": 0.02116643008078041,
        "NOT_z_flux_err": 0.0022568448685115075
    },
    "ra": 93.22682999999999,
    "ra_FRB": 93.226975,
    "redshift": {
        "z": 0.3305,
        "z_FRB": 0.3305,
        "z_spec": 0.3305
    }
}
