{
    "FRB": "FRB180301",
    "cosmo": "Planck15",
    "dec": 4.670476944444445,
    "dec_FRB": 4.671009805555556,
    "derived": {
        "AV_nebular": 0.31928646645564185,
        "EBV_photom": 0.4786484659075323,
        "EBV_photom_err": 0.2996976125295255,
        "EBV_spec": 2.9427970059644974,
        "Lnu_r": 5.065680508387906e+21,
        "Lnu_r_err": 2.532840254193953e+20,
        "M_r": -20.161594488597025,
        "M_r_err": 0.05428681023790647,
        "Mstar": 4380268156.659956,
        "Mstar_err": 2938688102.385184,
        "Mstar_spec": 267046273766448.16,
        "SFR_nebular": 1.0742229649335813,
        "SFR_photom": 5.4207976502657,
        "SFR_photom_err": 2.8429223397989003,
        "Z_photom": 0.009926325130606106,
        "Z_photom_err": 0.0166203886334315,
        "Z_spec": -0.3221426488185165,
        "age_mass": 607.2427044007321,
        "f_AGN": 0.1636490987832854,
        "f_AGN_err": 0.0645279239916913,
        "u-r": 0.7849064746420976,
        "u-r_err": 0.14214256946703993
    },
    "neb_lines": {
        "Halpha": 4.484791971139228e-16,
        "Halpha_err": 4.529038945608544e-18,
        "Hbeta": 1.3869964108676097e-16,
        "Hbeta_err": 1.5329715879429964e-17,
        "Hgamma": 5.3753907344718916e-17,
        "Hgamma_err": 1.8111866950238536e-17,
        "[NII] 6584": 1.3064297156279873e-16,
        "[NII] 6584_err": 7.783782532109055e-18,
        "[OIII] 5007": 5.062899128131656e-16,
        "[OIII] 5007_err": 1.9355855344749684e-17
    },
    "offsets": {
        "ang_avg": 2.5550424659284467,
        "ang_avg_err": 1.1925817996076526,
        "ang_best": 1.9875995846782064,
        "ang_best_err": 1.3206978353268395,
        "physical": 9.74832558618098,
        "physical_err": 6.477457833547932
    },
    "photom": {
        "EBV": 0.46,
        "NOT_g": 21.40293355446113,
        "NOT_g_err": 0.09,
        "NOT_i": 20.992619681418205,
        "NOT_i_err": 0.06,
        "NOT_r": 21.041589219904807,
        "NOT_r_err": 0.06,
        "NOT_u": 21.457713823811197,
        "NOT_u_err": 0.3,
        "NOT_z": 20.585880944956735,
        "NOT_z_err": 0.11
    },
    "ra": 93.22682999999999,
    "ra_FRB": 93.226975,
    "redshift": {
        "z": 0.33044,
        "z_FRB": 0.33044,
        "z_spec": 0.33044
    }
}