{
    "FRB": "FRB20231206A",
    "cosmo": "Planck18",
    "dec": 56.25324444444445,
    "dec_FRB": 56.256274,
    "offsets": {
        "ang_avg": 24.17976924511676,
        "ang_avg_err": 17.498491314958702,
        "ang_best": 10.920764605013185,
        "ang_best_err": 21.954462014496578,
        "physical": 14.278166289637376,
        "physical_err": 28.70398463662617
    },
    "photom": {
        "DECaL_g": Infinity,
        "DECaL_g_err": -99.0,
        "DECaL_g_flux": 0.0,
        "DECaL_g_flux_err": -99.0,
        "DECaL_r": Infinity,
        "DECaL_r_err": -99.0,
        "DECaL_r_flux": 0.0,
        "DECaL_r_flux_err": -99.0,
        "DECaL_z": Infinity,
        "DECaL_z_err": -99.0,
        "DECaL_z_flux": 0.0,
        "DECaL_z_flux_err": -99.0,
        "EBV": 0.0682,
        "Pan-STARRS_g": 16.68404064106805,
        "Pan-STARRS_g_err": 0.0035230000503361225,
        "Pan-STARRS_g_flux": 0.769810335884107,
        "Pan-STARRS_g_flux_err": 0.0024978828560599953,
        "Pan-STARRS_i": 15.748912567578763,
        "Pan-STARRS_i_err": 0.0019320000428706408,
        "Pan-STARRS_i_flux": 1.8215242914075231,
        "Pan-STARRS_i_flux_err": 0.0032412891765668072,
        "Pan-STARRS_r": 16.170831568284214,
        "Pan-STARRS_r_err": 0.003232999937608838,
        "Pan-STARRS_r_flux": 1.2350011641653285,
        "Pan-STARRS_r_flux_err": 0.0036774666527610357,
        "Pan-STARRS_y": 15.34681126381044,
        "Pan-STARRS_y_err": 0.00583299994468689,
        "Pan-STARRS_y_flux": 2.638004237134349,
        "Pan-STARRS_y_flux_err": 0.014172391508963565,
        "Pan-STARRS_z": 15.650970438711498,
        "Pan-STARRS_z_err": 0.0037670000456273556,
        "Pan-STARRS_z_flux": 1.9934797059477345,
        "Pan-STARRS_z_flux_err": 0.006916448130174685,
        "WISE_W1": 15.515995979309082,
        "WISE_W1_err": 0.008999999612569809,
        "WISE_W1_flux": 2.2573635578155518,
        "WISE_W1_flux_err": 0.018711978569626808,
        "WISE_W2": 15.889984130859375,
        "WISE_W2_err": 0.014999999664723873,
        "WISE_W2_flux": 1.599581003189087,
        "WISE_W2_flux_err": 0.022099027410149574,
        "WISE_W3": 13.722404479980469,
        "WISE_W3_err": 0.020999999716877937,
        "WISE_W3_flux": 11.777098655700684,
        "WISE_W3_flux_err": 0.2277892827987671,
        "WISE_W4": 13.214042663574219,
        "WISE_W4_err": 0.12300000339746475,
        "WISE_W4_flux": 18.809755325317383,
        "WISE_W4_flux_err": 2.130904197692871
    },
    "ra": 112.443125,
    "ra_FRB": 112.442845,
    "redshift": {
        "z": 0.0659,
        "z_FRB": 0.0659,
        "z_spec": 0.0659
    }
}