{
    "FRB": "FRB20230628A",
    "cosmo": "Planck18",
    "dec": 72.28139277777778,
    "dec_FRB": 72.281844,
    "derived": {
        "AV_old": 0.201,
        "AV_old_loerr": -0.0706,
        "AV_old_ref": "Sharma2024",
        "AV_old_uperr": 0.0679,
        "Mtotal": 3127519311.407986,
        "Mtotal_loerr": -256244177.2096696,
        "Mtotal_ref": "Sharma2024",
        "Mtotal_uperr": 307269187.2498164,
        "SFR_SED": 0.1358,
        "SFR_SED_loerr": -0.0323,
        "SFR_SED_ref": "Sharma2024",
        "SFR_SED_uperr": 0.0377
    },
    "offsets": {
        "ang_avg": 2.2038396835348686,
        "ang_avg_err": 0.9495874831748313,
        "ang_best": 1.672922359082955,
        "ang_best_err": 1.0879290388648941,
        "physical": 3.9270854103899673,
        "physical_err": 2.5538484992261683
    },
    "photom": {
        "DECaL_g": 19.93639121686784,
        "DECaL_g_err": 0.007036637483007039,
        "DECaL_g_flux": 0.038498473311556515,
        "DECaL_g_flux_err": 0.0002495079367856148,
        "DECaL_r": 19.398381353656323,
        "DECaL_r_err": 0.006385353529341433,
        "DECaL_r_flux": 0.06318986868137545,
        "DECaL_r_flux_err": 0.00037162770223097446,
        "DECaL_z": 19.03632040949896,
        "DECaL_z_err": 0.010530045911927462,
        "DECaL_z_flux": 0.08820065909673148,
        "DECaL_z_flux_err": 0.0008554167998457281,
        "DECam_g": 20.34658371887417,
        "DECam_g_err": 0.2,
        "DECam_g_flux": 0.0263855715911345,
        "DECam_g_flux_err": 0.0048604019052698785,
        "DECam_g_ref": "Sharma2024",
        "DECam_r": 19.86109355956726,
        "DECam_r_err": 0.2,
        "DECam_r_flux": 0.04126316822593167,
        "DECam_r_flux_err": 0.007600956483738868,
        "DECam_r_ref": "Sharma2024",
        "DECam_z": 19.485150450489098,
        "DECam_z_err": 0.19,
        "DECam_z_flux": 0.058336425421026177,
        "DECam_z_flux_err": 0.01020866835002905,
        "DECam_z_ref": "Sharma2024",
        "EBV": 0.0313,
        "Pan-STARRS_g": 20.58764590930873,
        "Pan-STARRS_g_err": 0.04,
        "Pan-STARRS_g_flux": 0.02113205004776531,
        "Pan-STARRS_g_flux_err": 0.0007785334947902163,
        "Pan-STARRS_g_ref": "Sharma2024",
        "Pan-STARRS_i": 19.8178977139039,
        "Pan-STARRS_i_err": 0.03,
        "Pan-STARRS_i_flux": 0.042937910729045015,
        "Pan-STARRS_i_flux_err": 0.0011864183180280976,
        "Pan-STARRS_i_ref": "Sharma2024",
        "Pan-STARRS_r": 20.067377978433253,
        "Pan-STARRS_r_err": 0.04,
        "Pan-STARRS_r_flux": 0.03412312546057768,
        "Pan-STARRS_r_flux_err": 0.0012571424001902678,
        "Pan-STARRS_r_ref": "Sharma2024",
        "Pan-STARRS_y": 19.449109524161628,
        "Pan-STARRS_y_err": 0.08,
        "Pan-STARRS_y_flux": 0.060305397526604895,
        "Pan-STARRS_y_flux_err": 0.004443465899898894,
        "Pan-STARRS_y_ref": "Sharma2024",
        "Pan-STARRS_z": 19.740553329353283,
        "Pan-STARRS_z_err": 0.02,
        "Pan-STARRS_z_flux": 0.046108252474138724,
        "Pan-STARRS_z_flux_err": 0.0008493453984876612,
        "Pan-STARRS_z_ref": "Sharma2024",
        "WISE_W1": 20.135313043651614,
        "WISE_W1_err": 0.03,
        "WISE_W1_flux": 0.03205344971708336,
        "WISE_W1_flux_err": 0.0008856695459710844,
        "WISE_W1_ref": "Sharma2024",
        "WISE_W2": 20.346998892819744,
        "WISE_W2_err": 0.05,
        "WISE_W2_flux": 0.02637548395877851,
        "WISE_W2_flux_err": 0.0012146359236797396,
        "WISE_W2_ref": "Sharma2024",
        "WISE_W3": 17.058185577392578,
        "WISE_W3_err": 999.0,
        "WISE_W3_flux": 0.5454134941101074,
        "WISE_W3_flux_err": -99.0,
        "WISE_W4": 15.065400123596191,
        "WISE_W4_err": 999.0,
        "WISE_W4_flux": 3.418532609939575,
        "WISE_W4_flux_err": -99.0
    },
    "ra": 166.78634291666665,
    "ra_FRB": 166.786708,
    "redshift": {
        "z": 0.127,
        "z_FRB": 0.127,
        "z_spec": 0.127
    }
}