{
    "FRB": "FRB20230703A",
    "cosmo": "Planck18",
    "dec": 48.725033333333336,
    "dec_FRB": 48.729933,
    "offsets": {
        "ang_avg": 22.34880402569219,
        "ang_avg_err": 15.38045473059425,
        "ang_best": 18.07254463484215,
        "ang_best_err": 15.96385862182739,
        "physical": 39.94111281233838,
        "physical_err": 35.28082464410511
    },
    "photom": {
        "DECaL_g": 18.749549789483346,
        "DECaL_g_err": 0.0037579010769985925,
        "DECaL_g_flux": 0.11486297976013035,
        "DECaL_g_flux_err": 0.00039755855377782037,
        "DECaL_r": 18.05199630934057,
        "DECaL_r_err": 0.0029329009118856785,
        "DECaL_r_flux": 0.21837427219281408,
        "DECaL_r_flux_err": 0.0005898947637924204,
        "DECaL_z": 17.4620983429258,
        "DECaL_z_err": 0.0026406464253872393,
        "DECaL_z_flux": 0.37597646229769904,
        "DECaL_z_flux_err": 0.000914421842842876,
        "EBV": 0.0118,
        "Pan-STARRS_g": 18.757529091118407,
        "Pan-STARRS_g_err": 0.0073079997673630714,
        "Pan-STARRS_g_flux": 0.114021922123987,
        "Pan-STARRS_g_flux_err": 0.0007674720403581053,
        "Pan-STARRS_i": 17.805984184848846,
        "Pan-STARRS_i_err": 0.0047690002247691154,
        "Pan-STARRS_i_flux": 0.27390901133985934,
        "Pan-STARRS_i_flux_err": 0.0012031210996938937,
        "Pan-STARRS_r": 18.17934714980812,
        "Pan-STARRS_r_err": 0.006649999879300594,
        "Pan-STARRS_r_flux": 0.19420532523570008,
        "Pan-STARRS_r_flux_err": 0.0011894835814788356,
        "Pan-STARRS_y": 17.498484415364864,
        "Pan-STARRS_y_err": 0.012656000442802906,
        "Pan-STARRS_y_flux": 0.36358522638084784,
        "Pan-STARRS_y_flux_err": 0.0042381701613217315,
        "Pan-STARRS_z": 17.621658590596105,
        "Pan-STARRS_z_err": 0.007296000141650438,
        "Pan-STARRS_z_flux": 0.32459106290792633,
        "Pan-STARRS_z_flux_err": 0.0021812079495702793,
        "SDSS_g": 18.758701480000003,
        "SDSS_g_err": 0.01009955,
        "SDSS_g_flux": 0.11389886655514962,
        "SDSS_g_flux_err": 0.0010594905951149716,
        "SDSS_i": 17.71542859,
        "SDSS_i_err": 0.008929812,
        "SDSS_i_flux": 0.29773408649643246,
        "SDSS_i_flux_err": 0.0024487618693687795,
        "SDSS_r": 18.10603919,
        "SDSS_r_err": 0.008534008,
        "SDSS_r_flux": 0.2077707073343139,
        "SDSS_r_flux_err": 0.0016331009970803106,
        "SDSS_u": 19.864934979999997,
        "SDSS_u_err": 0.05832288,
        "SDSS_u_flux": 0.04111743384011474,
        "SDSS_u_flux_err": 0.0022087198983100826,
        "SDSS_z": 17.47577257,
        "SDSS_z_err": 0.02332811,
        "SDSS_z_flux": 0.3712709474343157,
        "SDSS_z_flux_err": 0.007977121388782798,
        "WISE_W1": 17.365442276000977,
        "WISE_W1_err": 0.03200000151991844,
        "WISE_W1_flux": 0.4109821617603302,
        "WISE_W1_flux_err": 0.012112915515899658,
        "WISE_W2": 17.90639305114746,
        "WISE_W2_err": 0.10700000077486038,
        "WISE_W2_flux": 0.2497139722108841,
        "WISE_W2_flux_err": 0.02460947260260582,
        "WISE_W3": 15.978713035583496,
        "WISE_W3_err": 0.11299999803304672,
        "WISE_W3_flux": 1.474058747291565,
        "WISE_W3_flux_err": 0.15341538190841675,
        "WISE_W4": 15.271700859069824,
        "WISE_W4_err": 999.0,
        "WISE_W4_flux": 2.826960563659668,
        "WISE_W4_flux_err": -99.0
    },
    "ra": 184.62279166666667,
    "ra_FRB": 184.624449,
    "redshift": {
        "z": "0.1184",
        "z_FRB": "0.1184",
        "z_spec": "0.1184"
    }
}