{
    "FRB": "181112",
    "cosmo": "Planck15",
    "dec": -52.970911111111114,
    "dec_FRB": -52.97094166666667,
    "derived": {
        "AV_nebular": 0.0,
        "EBV_photom": 0.153821087317966,
        "EBV_photom_err": 0.08210368780206626,
        "EBV_spec": 0.6728969763283427,
        "Lnu_r": 5.950847388124152e+21,
        "Lnu_r_err": 3.894508369898693e+20,
        "M_r": -20.33644703187715,
        "M_r_err": 0.07105557345279981,
        "Mstar": 2609194095.6801996,
        "Mstar_err": 1107505410.1392717,
        "Mstar_spec": 55476962114.8469,
        "SFR_nebular": 0.5733783330543467,
        "SFR_photom": 0.4009018565156828,
        "SFR_photom_err": 0.5667222115045049,
        "Z_photom": 0.006074170958730715,
        "Z_photom_err": 0.01189473050873001,
        "Z_spec": -0.26900567612975296,
        "f_AGN": 0.02751849589666505,
        "f_AGN_err": 0.024872820073696535,
        "u-r": 1.1526518377513286,
        "u-r_err": 0.15634427608374452
    },
    "neb_lines": {
        "Halpha": 6.445076261911804e-17,
        "Halpha_err": 7.851771549771335e-18,
        "Hbeta": 2.868286974001483e-17,
        "Hbeta_err": 2.0582592184492076e-18,
        "Hgamma": 7.177895062215415e-18,
        "Hgamma_err": 2.1268690019005353e-18,
        "[NII] 6584": 4.8940024039665055e-17,
        "[NII] 6584_err": 1.0359113352252274e-17,
        "[OIII] 5007": 5.40602020186808e-17,
        "[OIII] 5007_err": 3.2545695709644632e-18
    },
    "photom": {
        "DES_Y": 21.0728,
        "DES_Y_err": 0.16852,
        "DES_g": 22.7064,
        "DES_g_err": 0.0858693,
        "DES_i": 21.4916,
        "DES_i_err": 0.0612987,
        "DES_r": 21.726,
        "DES_r_err": 0.050682599999999994,
        "DES_z": 21.4456,
        "DES_z_err": 0.10654000000000001,
        "VLT_I": 21.41,
        "VLT_I_err": 0.04,
        "VLT_g": 22.45,
        "VLT_g_err": 0.06,
        "WISE_W1": "-999.0 | -99",
        "WISE_W1_err": ".0 | -999.0 |",
        "WISE_W2": "-999.0 | -999",
        "WISE_W2_err": "0 | -999.0 |",
        "WISE_W3": "999.0 | -999.",
        "WISE_W3_err": "|",
        "WISE_W4": -999,
        "WISE_W4_err": -999
    },
    "ra": 327.3485833333333,
    "ra_FRB": 327.34845833333327,
    "redshift": {
        "z": 0.4755,
        "z_FRB": 0.4755,
        "z_FRB_err": 7e-05,
        "z_err": 7e-05,
        "z_spec": 0.4755,
        "z_spec_err": 7e-05
    }
}