{
    "FRB": "181112",
    "cosmo": "Planck15",
    "dec": -52.970911111111114,
    "dec_FRB": -52.97094166666667,
    "derived": {
        "AV_nebular": 0.0,
        "EBV_photom": 0.181902741037501,
        "EBV_photom_err": 0.0954984501210051,
        "EBV_spec": 0.6728969763283427,
        "Lnu_r": 6.294762416467151e+21,
        "Lnu_r_err": 4.280438708075833e+20,
        "M_r": -20.39744835788712,
        "M_r_err": 0.07383006649223706,
        "Mstar": 3982216438.446546,
        "Mstar_err": 2021451263.9640253,
        "Mstar_spec": 55476962114.8469,
        "SFR_nebular": 0.37025904588429387,
        "SFR_photom": 2.4613123078956023,
        "SFR_photom_err": 1.6024132094240373,
        "Z_photom": 0.009017426212488432,
        "Z_photom_err": 0.013984251008750457,
        "Z_spec": -0.26900567612975296,
        "age_mass": 572.3521574846477,
        "f_AGN": 0.0960607485364683,
        "f_AGN_err": 0.07417054682369012,
        "u-r": 1.1242764847682662,
        "u-r_err": 0.15262930416045986
    },
    "morphology": {
        "PA": 1.08,
        "PA_err": 28.06,
        "b/a": 0.93,
        "b/a_err": 0.06,
        "dec": -52.9709368638997,
        "dec_err": 0.0126,
        "n": 3.95,
        "n_err": 0.87,
        "ra": 327.3486510773426,
        "ra_err": 0.0126,
        "reff_ang": 1.17432,
        "reff_ang_err": 0.2772,
        "reff_kpc": 7.186942813356425,
        "reff_kpc_err": 1.696488646929628
    },
    "neb_lines": {
        "Halpha": 6.445076261911804e-17,
        "Halpha_err": 7.851771549771335e-18,
        "Hbeta": 2.868286974001483e-17,
        "Hbeta_err": 2.0582592184492076e-18,
        "Hgamma": 7.177895062215415e-18,
        "Hgamma_err": 2.1268690019005353e-18,
        "[NII] 6584": 4.8940024039665055e-17,
        "[NII] 6584_err": 1.0359113352252274e-17,
        "[OIII] 5007": 5.40602020186808e-17,
        "[OIII] 5007_err": 3.2545695709644632e-18
    },
    "photom": {
        "DES_Y": 21.052882046111552,
        "DES_Y_err": 0.168520212173462,
        "DES_g": 22.642306060681083,
        "DES_g_err": 0.0858693420886993,
        "DES_i": 21.4606481006925,
        "DES_i_err": 0.061298742890358,
        "DES_r": 21.682705130896572,
        "DES_r_err": 0.0506826266646385,
        "DES_z": 21.42257566035809,
        "DES_z_err": 0.106540389358997,
        "EBV": 0.0174,
        "VLT_FORS2_I": 21.48015425867903,
        "VLT_FORS2_I_err": 0.04,
        "VLT_FORS2_g": 22.503765407625558,
        "VLT_FORS2_g_err": 0.04
    },
    "ra": 327.3485833333333,
    "ra_FRB": 327.34845833333327,
    "redshift": {
        "z": 0.4755,
        "z_FRB": 0.4755,
        "z_FRB_err": 7e-05,
        "z_err": 7e-05,
        "z_spec": 0.4755,
        "z_spec_err": 7e-05
    }
}