{
    "FRB": "181112",
    "cosmo": "Planck15",
    "dec": -52.96956388888889,
    "dec_FRB": -52.970925,
    "derived": {
        "AV_nebular": 0.3069974061760228,
        "EBV_photom": 0.42701304189141803,
        "EBV_photom_err": 0.1887595379550144,
        "EBV_spec": 0.07161311131728877,
        "Lnu_r": 2.714578159459023e+22,
        "Lnu_r_err": 1.3572890797295115e+21,
        "M_r": -21.98425587647592,
        "M_r_err": 0.05428681023790647,
        "Mstar": 48625580336.23453,
        "Mstar_err": 31761232142.752293,
        "Mstar_spec": 37274253739.32703,
        "SFR_nebular": 0.2706892260945006,
        "SFR_nebular_err": -999.0,
        "SFR_photom": 32.26055521817566,
        "SFR_photom_err": 36.8665043421349,
        "Z_photom": 0.01739105275461353,
        "Z_photom_err": 0.01606591559899191,
        "Z_spec": 0.2147619526066883,
        "f_AGN": 0.1366732092641889,
        "f_AGN_err": 0.2264457828372441,
        "u-r": 2.29887036782725,
        "u-r_err": 0.1132538751501561
    },
    "neb_lines": {
        "Halpha": 5.5364989015362205e-17,
        "Halpha_err": 2.6846105838794755e-18,
        "Hbeta": 1.7928968010781702e-17,
        "Hbeta_err": 2.1495383787332407e-18,
        "[NII] 6584": 1.0468157658809236e-16,
        "[NII] 6584_err": 5.332037614150855e-18,
        "[OIII] 5007": 2.2971636407736724e-16,
        "[OIII] 5007_err": 3.281481372196428e-18
    },
    "photom": {
        "DES_Y": 18.8641,
        "DES_Y_err": 0.024993099999999997,
        "DES_g": 21.4157,
        "DES_g_err": 0.0287154,
        "DES_i": 19.3382,
        "DES_i_err": 0.0093098,
        "DES_r": 19.8958,
        "DES_r_err": 0.0104099,
        "DES_z": 19.0319,
        "DES_z_err": 0.0126389,
        "VLT_I": 19.2,
        "VLT_I_err": 0.02,
        "VLT_g": 21.2,
        "VLT_g_err": 0.04,
        "WISE_W1": 15.529000000000002,
        "WISE_W1_err": 0.04,
        "WISE_W2": 14.886,
        "WISE_W2_err": 0.063,
        "WISE_W3": 12.284,
        "WISE_W3_err": -999.0,
        "WISE_W4": 8.589,
        "WISE_W4_err": -999.0
    },
    "ra": 327.3495416666666,
    "ra_FRB": 327.34845833333327,
    "redshift": {
        "z": 0.36738,
        "z_err": 7e-05,
        "z_spec": 0.36738,
        "z_spec_err": 7e-05
    }
}