{
    "FRB": "FRB20221012A",
    "cosmo": "Planck18",
    "dec": 70.52418333333333,
    "dec_FRB": 70.524208,
    "offsets": {
        "ang_avg": 3.3464349529865327,
        "ang_avg_err": 1.086790671065405,
        "ang_best": 3.252347971476218,
        "ang_best_err": 1.090855775437118,
        "physical": 14.416338192349054,
        "physical_err": 4.835320794607559
    },
    "photom": {
        "2MASS_H": 17.80468907066663,
        "2MASS_H_err": 0.07,
        "2MASS_H_flux": 0.2742359370743582,
        "2MASS_H_flux_err": 0.01768064425877877,
        "2MASS_H_ref": "Sharma2024",
        "2MASS_J": 17.748937781014796,
        "2MASS_J_err": 0.11,
        "2MASS_J_flux": 0.28868544087934633,
        "2MASS_J_flux_err": 0.029247802880260656,
        "2MASS_J_ref": "Sharma2024",
        "2MASS_K": 17.884066414927513,
        "2MASS_K_err": 0.09,
        "2MASS_K_flux": 0.25490210875870617,
        "2MASS_K_flux_err": 0.02112961664881958,
        "2MASS_K_ref": "Sharma2024",
        "DECaL_g": 20.348319172895085,
        "DECaL_g_err": 0.012006681398604693,
        "DECaL_g_flux": 0.0263434302595678,
        "DECaL_g_flux_err": 0.0002913204631906463,
        "DECaL_r": 18.799739967293533,
        "DECaL_r_err": 0.005085509812837388,
        "DECaL_r_flux": 0.10967408185860071,
        "DECaL_r_flux_err": 0.0005137054627648666,
        "DECaL_z": 17.949764722466764,
        "DECaL_z_err": 0.0033870768986465592,
        "DECaL_z_flux": 0.23993527675978116,
        "DECaL_z_flux_err": 0.0007485052349934897,
        "DECam_g": 20.95286370129256,
        "DECam_g_err": 0.2,
        "DECam_g_flux": 0.015095743704793023,
        "DECam_g_flux_err": 0.0027807387537852105,
        "DECam_g_ref": "Sharma2024",
        "DECam_r": 19.516745683534722,
        "DECam_r_err": 0.19,
        "DECam_r_flux": 0.05666328136726587,
        "DECam_r_flux_err": 0.00991587405172592,
        "DECam_r_ref": "Sharma2024",
        "DECam_z": 18.67993754387029,
        "DECam_z_err": 0.19,
        "DECam_z_flux": 0.12246866302946117,
        "DECam_z_flux_err": 0.02143158335664167,
        "DECam_z_ref": "Sharma2024",
        "EBV": 0.0489,
        "Pan-STARRS_g": 20.634520843974304,
        "Pan-STARRS_g_err": 0.02,
        "Pan-STARRS_g_flux": 0.020239121459400114,
        "Pan-STARRS_g_flux_err": 0.00037281839494168485,
        "Pan-STARRS_g_ref": "Sharma2024",
        "Pan-STARRS_i": 18.942987153892705,
        "Pan-STARRS_i_err": 0.02,
        "Pan-STARRS_i_flux": 0.09611809012269093,
        "Pan-STARRS_i_flux_err": 0.001770560651868531,
        "Pan-STARRS_i_ref": "Sharma2024",
        "Pan-STARRS_r": 19.540939517744853,
        "Pan-STARRS_r_err": 0.03,
        "Pan-STARRS_r_flux": 0.055414598020742556,
        "Pan-STARRS_r_flux_err": 0.0015311619280418299,
        "Pan-STARRS_r_ref": "Sharma2024",
        "Pan-STARRS_y": 18.4761196509193,
        "Pan-STARRS_y_err": 0.02,
        "Pan-STARRS_y_flux": 0.14775838442488343,
        "Pan-STARRS_y_flux_err": 0.0027218100267329616,
        "Pan-STARRS_y_ref": "Sharma2024",
        "Pan-STARRS_z": 18.762752904000596,
        "Pan-STARRS_z_err": 0.03,
        "Pan-STARRS_z_flux": 0.11347464498602822,
        "Pan-STARRS_z_flux_err": 0.003135420311731441,
        "Pan-STARRS_z_ref": "Sharma2024",
        "WISE_W1": 17.822677748360995,
        "WISE_W1_err": 0.05,
        "WISE_W1_flux": 0.2697297780056257,
        "WISE_W1_flux_err": 0.01242151531944694,
        "WISE_W1_ref": "Sharma2024",
        "WISE_W2": 18.23531138800139,
        "WISE_W2_err": 0.05,
        "WISE_W2_flux": 0.1844486322337699,
        "WISE_W2_flux_err": 0.008494173420092392,
        "WISE_W2_ref": "Sharma2024",
        "WISE_W3": 17.724905014038086,
        "WISE_W3_err": 999.0,
        "WISE_W3_flux": 0.2951467037200928,
        "WISE_W3_flux_err": -99.0,
        "WISE_W4": 15.262320518493652,
        "WISE_W4_err": 999.0,
        "WISE_W4_flux": 2.8514909744262695,
        "WISE_W4_flux_err": -99.0
    },
    "ra": 280.80141666666657,
    "ra_FRB": 280.798708,
    "redshift": {
        "z": 0.2847,
        "z_FRB": 0.2847,
        "z_spec": 0.2847
    }
}