{
    "FRB": "121102",
    "cosmo": "Planck15",
    "dec": 33.14799784235409,
    "derived": {
        "EBV_photom": 0.7442900527464402,
        "EBV_photom_err": 0.12600336433884088,
        "Lnu_r": 3.5492313039069168e+19,
        "Lnu_r_err": 2.409067525781427e+18,
        "M_r": -14.775335758257008,
        "M_r_err": 0.0736951640646462,
        "Mstar": 269039852.55289197,
        "Mstar_err": 164581710.45393708,
        "SFR_photom": 0.020277998909716533,
        "SFR_photom_err": 0.03562796331059066,
        "Z_photom": 0.00718288718633488,
        "Z_photom_err": 0.013955490841454947,
        "Z_spec": -0.16,
        "Z_spec_err": -999.0,
        "age_mass": 1067.0569732250124,
        "f_AGN": 0.16433496464942685,
        "f_AGN_err": 0.056618475336570474,
        "u-r": 1.277053012420616,
        "u-r_err": 0.29076046240305864
    },
    "morphology": {
        "b/a": 0.25,
        "b/a_err": 0.13,
        "n": 2.2,
        "n_err": 1.5,
        "reff_ang": 0.2,
        "reff_ang_err": 0.01
    },
    "neb_lines": {
        "Halpha": 2.6082162461507154e-16,
        "Halpha_err": 3.600298499287797e-18,
        "Hbeta": 9.611031647379592e-17,
        "Hbeta_err": 8.959436281455551e-18,
        "[NII] 6584": 1.192101555659964e-17,
        "[NII] 6584_err": -999.0,
        "[OIII] 5007": 4.3804209229532963e-16,
        "[OIII] 5007_err": 8.379935678693262e-18
    },
    "photom": {
        "GMOS_N_g": 25.85,
        "GMOS_N_g_err": 0.12,
        "GMOS_N_i": 24.75,
        "GMOS_N_i_err": 0.09,
        "GMOS_N_r": 25.46,
        "GMOS_N_r_err": 0.14,
        "GMOS_N_z": 24.3,
        "GMOS_N_z_err": 0.13,
        "Spitzer_3.6": 16.36790693823707,
        "Spitzer_3.6_err": 0.20028143582916952,
        "Spitzer_4.5": 17.266968715561642,
        "Spitzer_4.5_err": -999.0,
        "WFC3_F110W": 23.675,
        "WFC3_F110W_err": 0.012,
        "WFC3_F160W": 23.31,
        "WFC3_F160W_err": 0.03
    },
    "ra": 82.99450790537921,
    "redshift": {
        "z": 0.19273,
        "z_FRB": 0.19273,
        "z_FRB_err": 8e-05,
        "z_err": 8e-05,
        "z_spec": 0.19273,
        "z_spec_err": 8e-05
    }
}
