{
    "FRB": "121102",
    "cosmo": "Planck15",
    "dec": 33.14799784235409,
    "derived": {
        "M_r": -17.0,
        "Mstar": 55000000.0,
        "Mstar_err": 15000000.0,
        "SFR_nebular": 0.23
    },
    "morphology": {
        "b/a": 0.25,
        "b/a_err": 0.13,
        "n": 2.2,
        "n_err": 1.5,
        "reff_ang": 0.41,
        "reff_ang_err": 0.06
    },
    "neb_lines": {
        "Ha": 2.6082162461507154e-16,
        "Ha_err": 3.600298499287797e-18,
        "Hb": 9.611031647379592e-17,
        "Hb_err": 8.959436281455551e-18,
        "[NII] 6583": 1.192101555659964e-17,
        "[NII] 6583_err": -999.0,
        "[OIII] 5007": 4.3804209229532963e-16,
        "[OIII] 5007_err": 8.379935678693262e-18
    },
    "ra": 82.99450790537921,
    "redshift": {
        "z": 0.19273,
        "z_FRB": 0.19273,
        "z_FRB_err": 8e-05,
        "z_err": 8e-05,
        "z_spec": 0.19273,
        "z_spec_err": 8e-05
    }
}