{
    "FRB": "121102",
    "cosmo": "Planck15",
    "dec": 33.14799784235409,
    "derived": {
        "EBV_photom": 0.12009896101285714,
        "EBV_photom_err": 0.003585413640853556,
        "Lnu_r": 1.332189623276903e+20,
        "Lnu_r_err": 9.562368322036924e+18,
        "M_r": -16.211415116292763,
        "M_r_err": 0.07793342110659673,
        "Mstar": 137023787.60566437,
        "Mstar_err": 57321568.4242128,
        "SFR_photom": 0.0020721092773944116,
        "SFR_photom_err": 0.005904133301670699,
        "Z_photom": 0.0002708722690788112,
        "Z_photom_err": 0.0003845279050696698,
        "Z_spec": -0.16,
        "Z_spec_err": -999.0,
        "age_mass": 20.002323600762526,
        "f_AGN": 0.01470435085483266,
        "f_AGN_err": 0.028091023513259372,
        "u-r": 1.4332905705895447,
        "u-r_err": 0.17515491911872255
    },
    "morphology": {
        "b/a": 0.25,
        "b/a_err": 0.13,
        "n": 2.2,
        "n_err": 1.5,
        "reff_ang": 0.2,
        "reff_ang_err": 0.01
    },
    "neb_lines": {
        "Halpha": 2.6082162461507154e-16,
        "Halpha_err": 3.600298499287797e-18,
        "Hbeta": 9.611031647379592e-17,
        "Hbeta_err": 8.959436281455551e-18,
        "[NII] 6584": 1.192101555659964e-17,
        "[NII] 6584_err": -999.0,
        "[OIII] 5007": 4.3804209229532963e-16,
        "[OIII] 5007_err": 8.379935678693262e-18
    },
    "photom": {
        "EBV": 0.6798,
        "GMOS_N_g": 23.329214463965435,
        "GMOS_N_g_err": 0.12,
        "GMOS_N_i": 23.538006459003054,
        "GMOS_N_i_err": 0.09,
        "GMOS_N_r": 23.730606922036774,
        "GMOS_N_r_err": 0.14,
        "GMOS_N_z": 23.4892120964504,
        "GMOS_N_z_err": 0.13,
        "Spitzer_3.6": 23.79419590236575,
        "Spitzer_3.6_err": 0.20028143582916946,
        "Spitzer_4.5": 24.717447113669405,
        "Spitzer_4.5_err": 999.0,
        "WFC3_F110W": 23.081347094514243,
        "WFC3_F110W_err": 0.012,
        "WFC3_F160W": 22.962270841633313,
        "WFC3_F160W_err": 0.03
    },
    "ra": 82.99450790537921,
    "redshift": {
        "z": 0.19273,
        "z_FRB": 0.19273,
        "z_FRB_err": 8e-05,
        "z_err": 8e-05,
        "z_spec": 0.19273,
        "z_spec_err": 8e-05
    }
}