{
    "FRB": "FRB121102",
    "cosmo": "Planck15",
    "dec": 33.14799784235409,
    "dec_FRB": 33.14791666666667,
    "derived": {
        "EBV_photom": 0.1205337807165915,
        "EBV_photom_err": 0.00831389430862965,
        "Lnu_r": 1.3202994029515342e+20,
        "Lnu_r_err": 9.700207316025213e+18,
        "M_r": -16.201681067229252,
        "M_r_err": 0.07976877254601669,
        "Mstar": 142662264.26922143,
        "Mstar_err": 65820313.95556688,
        "SFR_photom": 0.002035787096368971,
        "SFR_photom_err": 0.005813702135185201,
        "Z_photom": 0.00028672733812657824,
        "Z_photom_err": 0.0005283815844767457,
        "Z_spec": -0.16,
        "Z_spec_err": -999.0,
        "age_mass": 257.7176167257162,
        "f_AGN": 0.0191380525991548,
        "f_AGN_err": 0.032568918550385906,
        "u-r": 1.485556844263311,
        "u-r_err": 0.18252823696270992
    },
    "morphology": {
        "b/a": 0.25,
        "b/a_err": 0.13,
        "n": 2.2,
        "n_err": 1.5,
        "reff_ang": 0.2,
        "reff_ang_err": 0.01
    },
    "neb_lines": {
        "Halpha": 2.6082162461507154e-16,
        "Halpha_err": 3.600298499287797e-18,
        "Hbeta": 9.611031647379592e-17,
        "Hbeta_err": 8.959436281455551e-18,
        "[NII] 6584": 1.192101555659964e-17,
        "[NII] 6584_err": -999.0,
        "[OIII] 5007": 4.3804209229532963e-16,
        "[OIII] 5007_err": 8.379935678693262e-18
    },
    "offsets": {
        "angular": 0.3702540435784787,
        "physical": 1.2246404519273622
    },
    "photom": {
        "EBV": 0.6798,
        "GMOS_N_g": 23.329214463965435,
        "GMOS_N_g_err": 0.12,
        "GMOS_N_i": 23.538006459003054,
        "GMOS_N_i_err": 0.09,
        "GMOS_N_r": 23.730606922036774,
        "GMOS_N_r_err": 0.14,
        "GMOS_N_z": 23.4892120964504,
        "GMOS_N_z_err": 0.13,
        "Spitzer_3.6": 23.79419590236575,
        "Spitzer_3.6_err": 0.20028143582916946,
        "Spitzer_4.5": 24.717447113669405,
        "Spitzer_4.5_err": 999.0,
        "WFC3_F110W": 23.081347094514243,
        "WFC3_F110W_err": 0.012,
        "WFC3_F160W": 22.962270841633313,
        "WFC3_F160W_err": 0.03
    },
    "ra": 82.99450790537921,
    "ra_FRB": 82.99458333333332,
    "redshift": {
        "z": 0.19273,
        "z_FRB": 0.19273,
        "z_FRB_err": 8e-05,
        "z_err": 8e-05,
        "z_spec": 0.19273,
        "z_spec_err": 8e-05
    }
}