{
    "FRB": "121102",
    "cosmo": "Planck15",
    "dec": 33.14799784235409,
    "derived": {
        "EBV_photom": 0.12328295392140556,
        "EBV_photom_err": 0.020430265845575696,
        "Lnu_r": 1.5689976501912424e+20,
        "Lnu_r_err": 9.951033065039569e+18,
        "M_r": -17.0,
        "M_r_err": 0.2,
        "Mstar": 55000000.0,
        "Mstar_err": 15000000.0,
        "SFR_nebular": 0.23,
        "SFR_photom": 0.047670205385780894,
        "SFR_photom_err": 0.03391338351884979,
        "Z_photom": 0.005867776958239153,
        "Z_photom_err": 0.006930786654732574,
        "Z_spec": -0.16,
        "Z_spec_err": -999.0,
        "f_AGN": 0.04500660156626244,
        "f_AGN_err": 0.056370052921652515,
        "u-r": 1.1216321531546312,
        "u-r_err": 0.2381647310605214
    },
    "morphology": {
        "b/a": 0.25,
        "b/a_err": 0.13,
        "n": 2.2,
        "n_err": 1.5,
        "reff_ang": 0.2,
        "reff_ang_err": 0.01
    },
    "neb_lines": {
        "Halpha": 2.6082162461507154e-16,
        "Halpha_err": 3.600298499287797e-18,
        "Hbeta": 9.611031647379592e-17,
        "Hbeta_err": 8.959436281455551e-18,
        "[NII] 6584": 1.192101555659964e-17,
        "[NII] 6584_err": -999.0,
        "[OIII] 5007": 4.3804209229532963e-16,
        "[OIII] 5007_err": 8.379935678693262e-18
    },
    "photom": {
        "GMOS_N_g": 25.85,
        "GMOS_N_g_err": 0.12,
        "GMOS_N_i": 24.75,
        "GMOS_N_i_err": 0.09,
        "GMOS_N_r": 25.46,
        "GMOS_N_r_err": 0.14,
        "GMOS_N_z": 24.3,
        "GMOS_N_z_err": 0.13,
        "Spitzer_3.6": 23.86790693823707,
        "Spitzer_3.6_err": 0.20028143582916946,
        "Spitzer_4.5": 24.76696871556164,
        "Spitzer_4.5_err": -999.0,
        "WFC3_F110W": 23.675,
        "WFC3_F110W_err": 0.012,
        "WFC3_F160W": 23.31,
        "WFC3_F160W_err": 0.03
    },
    "ra": 82.99450790537921,
    "redshift": {
        "z": 0.19273,
        "z_FRB": 0.19273,
        "z_FRB_err": 8e-05,
        "z_err": 8e-05,
        "z_spec": 0.19273,
        "z_spec_err": 8e-05
    }
}