{
    "FRB": "FRB121102",
    "cosmo": "Planck15",
    "dec": 33.14789805555556,
    "dec_FRB": 33.14793155555555,
    "derived": {
        "AV_nebular": 0.0,
        "EBV_photom": 0.1205337807165915,
        "EBV_photom_err": 0.00831389430862965,
        "Lnu_r": 1.3202994029515342e+20,
        "Lnu_r_err": 9.700207316025213e+18,
        "M_r": -16.201681067229252,
        "M_r_err": 0.07976877254601669,
        "Mstar": 142662264.26922143,
        "Mstar_err": 65820313.95556688,
        "SFR_nebular": 0.1463048119521332,
        "SFR_photom": 0.002035787096368971,
        "SFR_photom_err": 0.005813702135185201,
        "Z_photom": 0.00028672733812657824,
        "Z_photom_err": 0.0005283815844767457,
        "Z_spec": -0.16,
        "Z_spec_err": -999.0,
        "age_mass": 257.7176167257162,
        "f_AGN": 0.0191380525991548,
        "f_AGN_err": 0.032568918550385906,
        "u-r": 1.485556844263311,
        "u-r_err": 0.18252823696270992
    },
    "morphology": {
        "PA": 76.24,
        "PA_err": 2.57,
        "b/a": 0.33,
        "b/a_err": 0.03,
        "dec": 33.14787315532582,
        "dec_err": 0.018620881346514125,
        "n": 0.28,
        "n_err": 0.09,
        "ra": 82.99448180897183,
        "ra_err": 0.043020656904015395,
        "reff_ang": 0.6202679786459533,
        "reff_ang_err": 0.033389166552370154,
        "reff_kpc": 2.0515785603406758,
        "reff_kpc_err": 0.1104369411363511
    },
    "neb_lines": {
        "Halpha": 2.6082162461507154e-16,
        "Halpha_err": 3.600298499287797e-18,
        "Hbeta": 9.611031647379592e-17,
        "Hbeta_err": 8.959436281455551e-18,
        "[NII] 6584": 1.192101555659964e-17,
        "[NII] 6584_err": -999.0,
        "[OIII] 5007": 4.3804209229532963e-16,
        "[OIII] 5007_err": 8.379935678693262e-18
    },
    "offsets": {
        "ang_avg": 0.22738211697817798,
        "ang_avg_err": 0.015495714927742417,
        "ang_best": 0.2268624805850244,
        "ang_best_err": 0.015504425274835199,
        "physical": 0.7503630968181939,
        "physical_err": 0.05128194196594532
    },
    "photom": {
        "EBV": 0.6798,
        "GMOS_N_g": 23.329214463965435,
        "GMOS_N_g_err": 0.12,
        "GMOS_N_g_flux": 1.6916643951493312e-06,
        "GMOS_N_g_flux_err": 1.9769339537188934e-07,
        "GMOS_N_i": 23.538006459003054,
        "GMOS_N_i_err": 0.09,
        "GMOS_N_i_flux": 1.3957171362773683e-06,
        "GMOS_N_i_flux_err": 1.2062572389579638e-07,
        "GMOS_N_r": 23.730606922036774,
        "GMOS_N_r_err": 0.14,
        "GMOS_N_r_flux": 1.1688458130394571e-06,
        "GMOS_N_r_flux_err": 1.608650767947018e-07,
        "GMOS_N_z": 23.4892120964504,
        "GMOS_N_z_err": 0.13,
        "GMOS_N_z_flux": 1.4598732663756549e-06,
        "GMOS_N_z_flux_err": 1.856921658216167e-07,
        "Spitzer_3.6": 23.79419590236575,
        "Spitzer_3.6_err": 0.20028143582916946,
        "Spitzer_3.6_flux": 1.1023553986591553e-06,
        "Spitzer_3.6_flux_err": 2.2331087550180273e-07,
        "Spitzer_4.5": 24.717447113669405,
        "Spitzer_4.5_err": 999.0,
        "Spitzer_4.5_flux": 5.2333362458374565e-08,
        "Spitzer_4.5_flux_err": 1.570000873751237e-07,
        "WFC3_F110W": 23.081347094514243,
        "WFC3_F110W_err": 0.012,
        "WFC3_F110W_flux": 2.125500230932293e-06,
        "WFC3_F110W_flux_err": 2.3622197326669725e-08,
        "WFC3_F160W": 22.962270841633313,
        "WFC3_F160W_err": 0.03,
        "WFC3_F160W_flux": 2.371874235754924e-06,
        "WFC3_F160W_flux_err": 6.645113570741156e-08
    },
    "positional_error": {
        "dec_astrometric": 0.0148,
        "dec_source": 0.0026100000000000003,
        "ra_astrometric": 0.0139,
        "ra_source": 0.00571
    },
    "ra": 82.994525,
    "ra_FRB": 82.99458874999999,
    "redshift": {
        "z": 0.19273,
        "z_FRB": 0.19273,
        "z_FRB_err": 8e-05,
        "z_err": 8e-05,
        "z_spec": 0.19273,
        "z_spec_err": 8e-05
    }
}