{
    "FRB": "FRB20230626A",
    "cosmo": "Planck18",
    "dec": 71.1336625,
    "dec_FRB": 71.133547,
    "derived": {
        "AV_old": 0.2879,
        "AV_old_loerr": -0.06,
        "AV_old_ref": "Sharma2024",
        "AV_old_uperr": 0.0759,
        "Mtotal": 44493851397.45816,
        "Mtotal_loerr": -4382637468.700111,
        "Mtotal_ref": "Sharma2024",
        "Mtotal_uperr": 4574334279.337135,
        "SFR_SED": 0.9835,
        "SFR_SED_loerr": -0.242,
        "SFR_SED_ref": "Sharma2024",
        "SFR_SED_uperr": 0.3298
    },
    "offsets": {
        "ang_avg": 2.126916135388508,
        "ang_avg_err": 1.1309111373152003,
        "ang_best": 0.7764075169054901,
        "ang_best_err": 1.761486170567477,
        "physical": 3.7840770194940214,
        "physical_err": 8.585181355234482
    },
    "photom": {
        "DECaL_g": 21.22179285654858,
        "DECaL_g_err": 0.012385196210470491,
        "DECaL_g_flux": 0.01178373186386102,
        "DECaL_g_flux_err": 0.00013441923607770262,
        "DECaL_r": 20.050139541158526,
        "DECaL_r_err": 0.007538492934945743,
        "DECaL_r_flux": 0.03466922853934832,
        "DECaL_r_flux_err": 0.00024071568513469498,
        "DECaL_z": 19.21545350730904,
        "DECaL_z_err": 0.008320073229952459,
        "DECaL_z_flux": 0.07478570487841017,
        "DECaL_z_flux_err": 0.0005730881391033639,
        "DECam_g": 21.38679074983815,
        "DECam_g_err": 0.2,
        "DECam_g_flux": 0.010122404645859775,
        "DECam_g_flux_err": 0.0018646158434248313,
        "DECam_g_ref": "Sharma2024",
        "DECam_r": 19.91907081996257,
        "DECam_r_err": 0.19,
        "DECam_r_flux": 0.039117551797693044,
        "DECam_r_flux_err": 0.0068454333649280745,
        "DECam_r_ref": "Sharma2024",
        "DECam_z": 19.481053996901533,
        "DECam_z_err": 0.18,
        "DECam_z_flux": 0.05855694293163609,
        "DECam_z_flux_err": 0.009707928759769557,
        "DECam_z_ref": "Sharma2024",
        "EBV": 0.0202,
        "Pan-STARRS_g": 21.10747685728173,
        "Pan-STARRS_g_err": 0.11,
        "Pan-STARRS_g_flux": 0.013092098116119078,
        "Pan-STARRS_g_flux_err": 0.0013264094781604136,
        "Pan-STARRS_g_ref": "Sharma2024",
        "Pan-STARRS_i": 19.889918713297217,
        "Pan-STARRS_i_err": 0.02,
        "Pan-STARRS_i_flux": 0.04018208878980407,
        "Pan-STARRS_i_flux_err": 0.000740181429222128,
        "Pan-STARRS_i_ref": "Sharma2024",
        "Pan-STARRS_r": 20.246673246993225,
        "Pan-STARRS_r_err": 0.03,
        "Pan-STARRS_r_flux": 0.028928818418721483,
        "Pan-STARRS_r_flux_err": 0.000799332792586556,
        "Pan-STARRS_r_ref": "Sharma2024",
        "Pan-STARRS_y": 19.173609876103182,
        "Pan-STARRS_y_err": 0.08,
        "Pan-STARRS_y_flux": 0.07772416120416625,
        "Pan-STARRS_y_flux_err": 0.0057269278385337396,
        "Pan-STARRS_y_ref": "Sharma2024",
        "Pan-STARRS_z": 19.498087830438863,
        "Pan-STARRS_z_err": 0.05,
        "Pan-STARRS_z_flux": 0.05764542721429009,
        "Pan-STARRS_z_flux_err": 0.0026546700276579532,
        "Pan-STARRS_z_ref": "Sharma2024",
        "WISE_W1": 19.016975143749622,
        "WISE_W1_err": 0.07,
        "WISE_W1_flux": 0.0897862714056151,
        "WISE_W1_flux_err": 0.005788734842634434,
        "WISE_W1_ref": "Sharma2024",
        "WISE_W2": 19.69806317835148,
        "WISE_W2_err": 0.2,
        "WISE_W2_flux": 0.04794846660389124,
        "WISE_W2_flux_err": 0.008832433954723424,
        "WISE_W2_ref": "Sharma2024",
        "WISE_W3": 17.753623962402344,
        "WISE_W3_err": 999.0,
        "WISE_W3_flux": 0.2874421775341034,
        "WISE_W3_flux_err": -99.0,
        "WISE_W4": 15.41270923614502,
        "WISE_W4_err": 999.0,
        "WISE_W4_flux": 2.4826533794403076,
        "WISE_W4_flux_err": -99.0
    },
    "ra": 235.63014624999997,
    "ra_FRB": 235.629583,
    "redshift": {
        "z": 0.327,
        "z_FRB": 0.327,
        "z_spec": 0.327
    }
}