{
    "FRB": "FRB20180916B",
    "cosmo": "Planck18",
    "dec": 65.71474666666667,
    "dec_FRB": 65.71675422,
    "derived": {
        "AV_old": 0.35,
        "AV_old_loerr": 0.01,
        "AV_old_ref": "Gordon2023",
        "AV_old_uperr": 0.07,
        "AV_young": 0.94,
        "AV_young_loerr": 0.25,
        "AV_young_ref": "Gordon2023",
        "AV_young_uperr": 0.27,
        "EBV_photom": 0.12000000000047942,
        "EBV_photom_err": 2.4965527214465155e-07,
        "IR_SB": 0.0310013257720379,
        "IR_SB_err": 0.0001005163567604,
        "IR_SB_ref": "Mannings2021",
        "IR_global": 16.178,
        "IR_global_err": 0.005,
        "IR_global_ref": "Mannings2021",
        "IRfe": 0.9003502629255091,
        "IRfe_err": 0.0900350262925509,
        "IRfe_ref": "Mannings2021",
        "IRff": 0.3223934687951955,
        "IRff_err": 0.0735574532808444,
        "IRff_ref": "Mannings2021",
        "Lnu_r": 2.6549127112243004e+21,
        "Lnu_r_err": 1.3274563556121503e+20,
        "M_r": -19.460125617068393,
        "M_r_err": 0.05428681023790647,
        "Mstar": 8128305162.0,
        "Mstar_loerr": 883945560.9,
        "Mstar_ref": "Gordon2023",
        "Mstar_uperr": 581330737.9,
        "Mtotal": 13489628826.0,
        "Mtotal_loerr": 1466984480.0,
        "Mtotal_ref": "Gordon2023",
        "Mtotal_uperr": 1301455056.0,
        "SFR_SED": 0.04,
        "SFR_SED_loerr": 0.02,
        "SFR_SED_ref": "Gordon2023",
        "SFR_SED_uperr": 0.03,
        "SFR_nebular": 0.056232006236752514,
        "SFR_photom": 0.0025570380687979905,
        "SFR_photom_err": 0.00971244278020802,
        "SMStar": 11499197.31297988,
        "SMStar_err": 2092.062982092385,
        "SMStar_ref": "Mannings2021",
        "SSFR": NaN,
        "SSFR_err": NaN,
        "SSFR_ref": "Mannings2021",
        "UV_SB": NaN,
        "UV_SB_err": NaN,
        "UV_SB_ref": "Mannings2021",
        "UV_global": NaN,
        "UV_global_err": NaN,
        "UV_global_ref": "Mannings2021",
        "UVff": 0.324129134418158,
        "UVff_err": 0.2489851752462947,
        "UVff_ref": "Mannings2021",
        "Z_gas": 1.513561248,
        "Z_gas_loerr": 0.5135612484,
        "Z_gas_ref": "Gordon2023",
        "Z_gas_uperr": 0.7773064043,
        "Z_photom": 0.00039352129597312934,
        "Z_photom_err": 4.379418888252133e-05,
        "Z_stellar": 0.01584893192,
        "Z_stellar_loerr": 0.003546244216,
        "Z_stellar_ref": "Gordon2023",
        "Z_stellar_uperr": 0.005044029384,
        "age_mass": 7.73,
        "age_mass_loerr": 1.22,
        "age_mass_ref": "Gordon2023",
        "age_mass_uperr": 0.86,
        "agn_tau": -999.0,
        "agn_tau_loerr": -999.0,
        "agn_tau_ref": "Gordon2023",
        "agn_tau_uperr": -999.0,
        "f_AGN": -999.0,
        "f_AGN_loerr": -999.0,
        "f_AGN_ref": "Gordon2023",
        "f_AGN_uperr": -999.0,
        "lg_sSFR": -11.16,
        "lg_sSFR_loerr": 0.39,
        "lg_sSFR_ref": "Gordon2023",
        "lg_sSFR_uperr": 0.31,
        "reff_iso": 3.6330165097953135,
        "reff_iso_err": 0.2090469643108194,
        "reff_iso_ref": "Mannings2021",
        "u-r": 1.5283007538257023,
        "u-r_err": 0.06187590927411147,
        "z_SED": 0.033,
        "z_SED_loerr": 0.0,
        "z_SED_ref": "Gordon2023",
        "z_SED_uperr": 0.0
    },
    "morphology": {
        "PA": 63.76,
        "PA_err": 0.08,
        "b/a": 0.7,
        "b/a_err": 0.0,
        "dec": 65.71482219472851,
        "dec_err": 0.005135184298127717,
        "n": 0.64,
        "n_err": 0.0,
        "ra": 29.501123751074392,
        "ra_err": 0.007702776447191576,
        "reff_ang": 8.648934154121608,
        "reff_ang_err": 0.017973145043447013,
        "reff_kpc": 6.009109277517017,
        "reff_kpc_err": 0.012487387544194484
    },
    "neb_lines": {
        "Halpha": 4.027e-15,
        "Halpha_err": 2.45e-17,
        "Halpha_ref": "Marcote2020",
        "[NII] 6584": 1.524e-15,
        "[NII] 6584_err": 2.429e-17,
        "[NII] 6584_ref": "Marcote2020",
        "[OIII] 4959": 5.908e-16,
        "[OIII] 4959_err": 6.219e-17,
        "[OIII] 4959_ref": "Marcote2020",
        "[OIII] 5007": 7.162e-15,
        "[OIII] 5007_err": 6.018e-17,
        "[OIII] 5007_ref": "Marcote2020"
    },
    "offsets": {
        "ang_avg": 7.760241677656329,
        "ang_avg_err": 0.022589928504296957,
        "ang_best": 7.760221036562441,
        "ang_best_err": 0.022589937934487676,
        "physical": 5.391648889379949,
        "physical_err": 0.015695044406827247
    },
    "photom": {
        "EBV": 0.8702,
        "Pan-STARRS_g": 18.02098199784836,
        "Pan-STARRS_g_err": 0.089369997382164,
        "Pan-STARRS_g_flux": 0.22470213307598227,
        "Pan-STARRS_g_flux_err": 0.01927841024707468,
        "Pan-STARRS_i": 16.6516989941612,
        "Pan-STARRS_i_err": 0.014194999821484089,
        "Pan-STARRS_i_flux": 0.7930862065279539,
        "Pan-STARRS_i_flux_err": 0.010436948995853724,
        "Pan-STARRS_r": 17.0724693468231,
        "Pan-STARRS_r_err": 0.03329800069332123,
        "Pan-STARRS_r_flux": 0.5382849724246861,
        "Pan-STARRS_r_flux_err": 0.01676419537758469,
        "Pan-STARRS_y": 16.591469305844626,
        "Pan-STARRS_y_err": 0.019433999434113503,
        "Pan-STARRS_y_flux": 0.8383247188461413,
        "Pan-STARRS_y_flux_err": 0.015140587771817711,
        "Pan-STARRS_z": 16.24560990129362,
        "Pan-STARRS_z_err": 0.01170200016349554,
        "Pan-STARRS_z_flux": 1.152805483967665,
        "Pan-STARRS_z_flux_err": 0.012492067312779489,
        "SDSS_g": 17.075671999999997,
        "SDSS_g_err": 0.08271651,
        "SDSS_g_flux": 0.536699504454394,
        "SDSS_g_flux_err": 0.042486152379357434,
        "SDSS_g_ref": "Heintz2020",
        "SDSS_i": 15.933784000000001,
        "SDSS_i_err": 0.02263959,
        "SDSS_i_flux": 1.5363366617691698,
        "SDSS_i_flux_err": 0.03237176789245194,
        "SDSS_i_ref": "Heintz2020",
        "SDSS_r": 16.170141,
        "SDSS_r_err": 0.03178847,
        "SDSS_r_flux": 1.2357869203292875,
        "SDSS_r_flux_err": 0.036716570189002574,
        "SDSS_r_ref": "Heintz2020",
        "SDSS_u": 20.314096,
        "SDSS_u_err": 1.781266,
        "SDSS_u_flux": 0.02718701922420491,
        "SDSS_u_flux_err": 0.11305171857589894,
        "SDSS_u_ref": "Heintz2020",
        "SDSS_z": 15.851336,
        "SDSS_z_err": 0.06344854,
        "SDSS_z_flux": 1.6575460174286705,
        "SDSS_z_flux_err": 0.09975034598134898,
        "SDSS_z_ref": "Heintz2020",
        "WFC3_F110W": 15.421191273417758,
        "WFC3_F110W_err": 0.005,
        "WFC3_F110W_flux": 2.4633350420456646,
        "WFC3_F110W_flux_err": 0.01137023793950462,
        "WFC3_F110W_ref": "Tendulkar2021",
        "WISE_W1": 16.777767338885315,
        "WISE_W1_err": 0.056,
        "WISE_W1_flux": 0.706143651086268,
        "WISE_W1_flux_err": 0.03737703989369064,
        "WISE_W1_ref": "Gordon2023",
        "WISE_W2": 17.51914748838363,
        "WISE_W2_err": 0.084,
        "WISE_W2_flux": 0.3567311213044076,
        "WISE_W2_flux_err": 0.02869487077189039,
        "WISE_W2_ref": "Gordon2023",
        "WISE_W3": 16.330888586015735,
        "WISE_W3_err": 0.198,
        "WISE_W3_flux": 1.0657235429111809,
        "WISE_W3_flux_err": 0.21319993459392023,
        "WISE_W3_ref": "Gordon2023",
        "WISE_W4": 15.779791625036564,
        "WISE_W4_err": 0.48,
        "WISE_W4_flux": 1.77044868773825,
        "WISE_W4_flux_err": 0.9843086229027714,
        "WISE_W4_ref": "Gordon2023"
    },
    "positional_error": {
        "dec_astrometric": 0.0232,
        "dec_source": 0.00108,
        "ra_astrometric": 0.0167,
        "ra_source": 0.0014
    },
    "ra": 29.501216666666668,
    "ra_FRB": 29.50312571,
    "redshift": {
        "z": 0.0337,
        "z_FRB": 0.0337,
        "z_spec": 0.0337
    }
}