{
    "FRB": "FRB20180916B",
    "cosmo": "Planck18",
    "dec": 65.71474666666667,
    "dec_FRB": 65.71675422,
    "derived": {
        "EBV_photom": 0.12000000000047942,
        "EBV_photom_err": 2.4965527214465155e-07,
        "IR_SB": 0.0310013257720379,
        "IR_SB_err": 0.0001005163567604,
        "IR_SB_ref": "Mannings2021",
        "IR_global": 16.178,
        "IR_global_err": 0.005,
        "IR_global_ref": "Mannings2021",
        "IRfe": 0.9003502629255091,
        "IRfe_err": 0.0900350262925509,
        "IRfe_ref": "Mannings2021",
        "IRff": 0.3223934687951955,
        "IRff_err": 0.0735574532808444,
        "IRff_ref": "Mannings2021",
        "Lnu_r": 2.6549127112243004e+21,
        "Lnu_r_err": 1.3274563556121503e+20,
        "M_r": -19.460125617068393,
        "M_r_err": 0.05428681023790647,
        "Mstar": 2150807243.957849,
        "Mstar_err": 330647885.4821547,
        "SFR_nebular": 0.056232006236752514,
        "SFR_photom": 0.0025570380687979905,
        "SFR_photom_err": 0.00971244278020802,
        "SMStar": 11499197.31297988,
        "SMStar_err": 2092.062982092385,
        "SMStar_ref": "Mannings2021",
        "SSFR": NaN,
        "SSFR_err": NaN,
        "SSFR_ref": "Mannings2021",
        "UV_SB": NaN,
        "UV_SB_err": NaN,
        "UV_SB_ref": "Mannings2021",
        "UV_global": NaN,
        "UV_global_err": NaN,
        "UV_global_ref": "Mannings2021",
        "UVff": 0.324129134418158,
        "UVff_err": 0.2489851752462947,
        "UVff_ref": "Mannings2021",
        "Z_photom": 0.00039352129597312934,
        "Z_photom_err": 4.379418888252133e-05,
        "age_mass": 154.85148781723885,
        "f_AGN": 0.004327549308433153,
        "f_AGN_err": 0.014600948419969667,
        "reff_iso": 3.6330165097953135,
        "reff_iso_err": 0.2090469643108194,
        "reff_iso_ref": "Mannings2021",
        "u-r": 1.5283007538257023,
        "u-r_err": 0.06187590927411147
    },
    "morphology": {
        "PA": 63.76,
        "PA_err": 0.08,
        "b/a": 0.7,
        "b/a_err": 0.0,
        "dec": 65.71482219472851,
        "dec_err": 0.005135184298127717,
        "n": 0.64,
        "n_err": 0.0,
        "ra": 29.501123751074392,
        "ra_err": 0.007702776447191576,
        "reff_ang": 8.648934154121608,
        "reff_ang_err": 0.017973145043447013,
        "reff_kpc": 6.009109277517017,
        "reff_kpc_err": 0.012487387544194484
    },
    "neb_lines": {
        "Halpha": 4.027e-15,
        "Halpha_err": 2.45e-17,
        "Halpha_ref": "Marcote2020",
        "[NII] 6584": 1.524e-15,
        "[NII] 6584_err": 2.429e-17,
        "[NII] 6584_ref": "Marcote2020",
        "[OIII] 4959": 5.908e-16,
        "[OIII] 4959_err": 6.219e-17,
        "[OIII] 4959_ref": "Marcote2020",
        "[OIII] 5007": 7.162e-15,
        "[OIII] 5007_err": 6.018e-17,
        "[OIII] 5007_ref": "Marcote2020"
    },
    "offsets": {
        "ang_avg": 7.760241677656329,
        "ang_avg_err": 0.022589928504296957,
        "ang_best": 7.760221036562441,
        "ang_best_err": 0.022589937934487676,
        "physical": 5.391648889379949,
        "physical_err": 0.015695044406827247
    },
    "photom": {
        "EBV": 0.8702,
        "Pan-STARRS_g": 18.02098199784836,
        "Pan-STARRS_g_err": 0.089369997382164,
        "Pan-STARRS_g_flux": 0.22470213307598227,
        "Pan-STARRS_g_flux_err": 0.01927841024707468,
        "Pan-STARRS_i": 16.6516989941612,
        "Pan-STARRS_i_err": 0.014194999821484089,
        "Pan-STARRS_i_flux": 0.7930862065279539,
        "Pan-STARRS_i_flux_err": 0.010436948995853724,
        "Pan-STARRS_r": 17.0724693468231,
        "Pan-STARRS_r_err": 0.03329800069332123,
        "Pan-STARRS_r_flux": 0.5382849724246861,
        "Pan-STARRS_r_flux_err": 0.01676419537758469,
        "Pan-STARRS_y": 16.591469305844626,
        "Pan-STARRS_y_err": 0.019433999434113503,
        "Pan-STARRS_y_flux": 0.8383247188461413,
        "Pan-STARRS_y_flux_err": 0.015140587771817711,
        "Pan-STARRS_z": 16.24560990129362,
        "Pan-STARRS_z_err": 0.01170200016349554,
        "Pan-STARRS_z_flux": 1.152805483967665,
        "Pan-STARRS_z_flux_err": 0.012492067312779489,
        "SDSS_g": 17.075671999999997,
        "SDSS_g_err": 0.08271651,
        "SDSS_g_flux": 0.536699504454394,
        "SDSS_g_flux_err": 0.042486152379357434,
        "SDSS_g_ref": "Heintz2020",
        "SDSS_i": 15.933784000000001,
        "SDSS_i_err": 0.02263959,
        "SDSS_i_flux": 1.5363366617691698,
        "SDSS_i_flux_err": 0.03237176789245194,
        "SDSS_i_ref": "Heintz2020",
        "SDSS_r": 16.170141,
        "SDSS_r_err": 0.03178847,
        "SDSS_r_flux": 1.2357869203292875,
        "SDSS_r_flux_err": 0.036716570189002574,
        "SDSS_r_ref": "Heintz2020",
        "SDSS_u": 20.314096,
        "SDSS_u_err": 1.781266,
        "SDSS_u_flux": 0.02718701922420491,
        "SDSS_u_flux_err": 0.11305171857589894,
        "SDSS_u_ref": "Heintz2020",
        "SDSS_z": 15.851336,
        "SDSS_z_err": 0.06344854,
        "SDSS_z_flux": 1.6575460174286705,
        "SDSS_z_flux_err": 0.09975034598134898,
        "SDSS_z_ref": "Heintz2020",
        "WISE_W1": 17.040767338885313,
        "WISE_W1_err": 0.03,
        "WISE_W1_flux": 0.5542338650805932,
        "WISE_W1_flux_err": 0.015527581195885617,
        "WISE_W1_ref": "Heintz2020",
        "WISE_W2": 17.727147488383633,
        "WISE_W2_err": 0.051,
        "WISE_W2_flux": 0.29453777309854806,
        "WISE_W2_flux_err": 0.01416533276336412,
        "WISE_W2_ref": "Heintz2020",
        "WISE_W3": 15.706888586015737,
        "WISE_W3_err": 0.079,
        "WISE_W3_flux": 1.8934095351846516,
        "WISE_W3_flux_err": 0.14290358692959704,
        "WISE_W3_ref": "Heintz2020",
        "WISE_W4": 15.672791625036565,
        "WISE_W4_err": 0.522,
        "WISE_W4_flux": 1.9538145716937088,
        "WISE_W4_flux_err": 1.2061582276390976,
        "WISE_W4_ref": "Heintz2020"
    },
    "positional_error": {
        "dec_astrometric": 0.0232,
        "dec_source": 0.00108,
        "ra_astrometric": 0.0167,
        "ra_source": 0.0014
    },
    "ra": 29.501216666666668,
    "ra_FRB": 29.50312571,
    "redshift": {
        "z": 0.0337,
        "z_FRB": 0.0337,
        "z_spec": 0.0337
    }
}
