{
    "FRB": "FRB20171020A",
    "cosmo": "Planck18",
    "dec": -19.586,
    "dec_FRB": -19.66978611,
    "derived": {
        "M_r": -17.9,
        "M_r_err": 0.1,
        "M_r_ref": "Mahony2018",
        "Mstar": 900000000.0,
        "Mstar_err": 500000000.0,
        "Mstar_ref": "Mahony2018",
        "SFR_nebular": 0.13,
        "SFR_nebular_err": 0.05,
        "SFR_nebular_ref": "Mahony2018"
    },
    "offsets": {
        "ang_avg": 802.3113933098031,
        "ang_avg_err": 417.4755334899458,
        "ang_best": 313.04946774943465,
        "ang_best_err": 643.1664270356115,
        "physical": 57.685328062314476,
        "physical_err": 118.51566657801129
    },
    "path": {
        "P_Ox": 0.0
    },
    "ra": 333.8519999999999,
    "ra_FRB": 333.8272917,
    "redshift": {
        "z": 0.00867,
        "z_FRB": 0.00867,
        "z_spec": 0.00867
    }
}