{
    "FRB": "FRB20231128A",
    "cosmo": "Planck18",
    "dec": 42.99971388888889,
    "dec_FRB": 42.992708,
    "offsets": {
        "ang_avg": 32.331343977117996,
        "ang_avg_err": 22.6695881596116,
        "ang_best": 25.724946777903792,
        "ang_best_err": 23.61259645359203,
        "physical": 52.438956796353864,
        "physical_err": 48.133041283615356
    },
    "photom": {
        "DECaL_g": 18.079710824796045,
        "DECaL_g_err": 0.003352165582590826,
        "DECaL_g_flux": 0.21287059024955526,
        "DECaL_g_flux_err": 0.0006572291345293379,
        "DECaL_r": 17.26344693378535,
        "DECaL_r_err": 0.0028424705435667933,
        "DECaL_r_flux": 0.45146202035959093,
        "DECaL_r_flux_err": 0.0011819330411821016,
        "DECaL_z": 16.62107886534809,
        "DECaL_z_err": 0.0014193694356671419,
        "DECaL_z_flux": 0.8157713488485261,
        "DECaL_z_flux_err": 0.0010664477374653799,
        "EBV": 0.0169,
        "Pan-STARRS_g": 18.03442174753416,
        "Pan-STARRS_g_err": 0.0050050001591444016,
        "Pan-STARRS_g_flux": 0.22193780949780884,
        "Pan-STARRS_g_flux_err": 0.0010230834773573261,
        "Pan-STARRS_i": 16.94146640710445,
        "Pan-STARRS_i_err": 0.002618999918922782,
        "Pan-STARRS_i_flux": 0.6073141939804716,
        "Pan-STARRS_i_flux_err": 0.0014649560526995963,
        "Pan-STARRS_r": 17.33688399572112,
        "Pan-STARRS_r_err": 0.0035180000122636557,
        "Pan-STARRS_r_flux": 0.42193581988080997,
        "Pan-STARRS_r_flux_err": 0.0013671554959759674,
        "Pan-STARRS_y": 16.627321660181007,
        "Pan-STARRS_y_err": 0.006792999804019928,
        "Pan-STARRS_y_flux": 0.8110942642040816,
        "Pan-STARRS_y_flux_err": 0.005074679423633505,
        "Pan-STARRS_z": 16.76090054449515,
        "Pan-STARRS_z_err": 0.003961999900639057,
        "Pan-STARRS_z_flux": 0.717199167037248,
        "Pan-STARRS_z_flux_err": 0.002617157847446935,
        "SDSS_g": 18.10719863,
        "SDSS_g_err": 0.007569966,
        "SDSS_g_flux": 0.20754895080792926,
        "SDSS_g_flux_err": 0.001447072036528156,
        "SDSS_i": 16.904097890000003,
        "SDSS_i_err": 0.005353448,
        "SDSS_i_flux": 0.6285804047760959,
        "SDSS_i_flux_err": 0.003099346320073596,
        "SDSS_r": 17.37930987,
        "SDSS_r_err": 0.005656161,
        "SDSS_r_flux": 0.4057663667496905,
        "SDSS_r_flux_err": 0.0021138467048103762,
        "SDSS_u": 19.423649909999998,
        "SDSS_u_err": 0.03946905,
        "SDSS_u_flux": 0.06173621934897623,
        "SDSS_u_flux_err": 0.0022442559413762293,
        "SDSS_z": 16.64325124,
        "SDSS_z_err": 0.01247367,
        "SDSS_z_flux": 0.7992810165160752,
        "SDSS_z_flux_err": 0.00918267954369919,
        "WISE_W1": 16.502676010131836,
        "WISE_W1_err": 0.019999999552965164,
        "WISE_W1_flux": 0.9097657799720764,
        "WISE_W1_flux_err": 0.016758503392338753,
        "WISE_W2": 16.74590301513672,
        "WISE_W2_err": 0.03099999949336052,
        "WISE_W2_flux": 0.7271744012832642,
        "WISE_W2_flux_err": 0.020762324333190918,
        "WISE_W3": 14.605051040649414,
        "WISE_W3_err": 0.035999998450279236,
        "WISE_W3_flux": 5.223714828491211,
        "WISE_W3_flux_err": 0.17320388555526733,
        "WISE_W4": 14.091099739074707,
        "WISE_W4_err": 0.17900000512599945,
        "WISE_W4_flux": 8.386102676391602,
        "WISE_W4_flux_err": 1.3825756311416626
    },
    "ra": 199.58012499999998,
    "ra_FRB": 199.578201,
    "redshift": {
        "z": 0.1079,
        "z_FRB": 0.1079,
        "z_spec": 0.1079
    }
}