{
    "FRB": "FRB20180916",
    "cosmo": "Planck18",
    "dec": 65.71474666666667,
    "dec_FRB": 65.71675422222222,
    "derived": {
        "SFR_nebular": 0.056232006236752514
    },
    "neb_lines": {
        "Halpha": 4.027e-15,
        "Halpha_err": 2.45e-17,
        "Halpha_ref": "Marcote2020",
        "[NII] 6584": 1.524e-15,
        "[NII] 6584_err": 2.429e-17,
        "[NII] 6584_ref": "Marcote2020",
        "[OIII] 4959": 5.908e-16,
        "[OIII] 4959_err": 6.219e-17,
        "[OIII] 4959_ref": "Marcote2020",
        "[OIII] 5007": 7.162e-15,
        "[OIII] 5007_err": 6.018e-17,
        "[OIII] 5007_ref": "Marcote2020"
    },
    "offsets": {
        "ang_avg": 7.760248229369667,
        "ang_avg_err": 0.0225899311120113,
        "ang_best": 7.760227588300796,
        "ang_best_err": 0.02258994054217806,
        "physical": 5.391653441398849,
        "physical_err": 0.015695046218599216
    },
    "photom": {
        "EBV": 0.8687,
        "Pan-STARRS_y": 18.509873104885937,
        "Pan-STARRS_y_err": 0.0731860026717186,
        "Pan-STARRS_y_flux": 0.1432355276795919,
        "Pan-STARRS_y_flux_err": 0.009987892917687743,
        "SDSS_g": 17.075671999999997,
        "SDSS_g_err": 0.08271651,
        "SDSS_g_flux": 0.536699504454394,
        "SDSS_g_flux_err": 0.042486152379357434,
        "SDSS_g_ref": "Heintz2020",
        "SDSS_i": 15.933784000000001,
        "SDSS_i_err": 0.02263959,
        "SDSS_i_flux": 1.5363366617691698,
        "SDSS_i_flux_err": 0.03237176789245194,
        "SDSS_i_ref": "Heintz2020",
        "SDSS_r": 16.170141,
        "SDSS_r_err": 0.03178847,
        "SDSS_r_flux": 1.2357869203292875,
        "SDSS_r_flux_err": 0.036716570189002574,
        "SDSS_r_ref": "Heintz2020",
        "SDSS_u": 20.314096,
        "SDSS_u_err": 1.781266,
        "SDSS_u_flux": 0.02718701922420491,
        "SDSS_u_flux_err": 0.11305171857589894,
        "SDSS_u_ref": "Heintz2020",
        "SDSS_z": 15.851336,
        "SDSS_z_err": 0.06344854,
        "SDSS_z_flux": 1.6575460174286705,
        "SDSS_z_flux_err": 0.09975034598134898,
        "SDSS_z_ref": "Heintz2020",
        "WISE_W1": 17.040946810486073,
        "WISE_W1_err": 0.03,
        "WISE_W1_flux": 0.5541422580973571,
        "WISE_W1_flux_err": 0.015525014707332805,
        "WISE_W1_ref": "Heintz2020",
        "WISE_W2": 17.727252346671193,
        "WISE_W2_err": 0.051,
        "WISE_W2_flux": 0.2945093285877832,
        "WISE_W2_flux_err": 0.01416396476918111,
        "WISE_W2_ref": "Heintz2020",
        "WISE_W3": 15.706919789494636,
        "WISE_W3_err": 0.079,
        "WISE_W3_flux": 1.8933551203873475,
        "WISE_W3_flux_err": 0.14289948001581412,
        "WISE_W3_ref": "Heintz2020",
        "WISE_W4": 15.672807497528014,
        "WISE_W4_err": 0.522,
        "WISE_W4_flux": 1.9537860088823495,
        "WISE_W4_flux_err": 1.2061405948143533,
        "WISE_W4_ref": "Heintz2020"
    },
    "positional_error": {
        "dec_astrometric": 0.0232,
        "dec_source": 0.00108,
        "ra_astrometric": 0.0167,
        "ra_source": 0.0014
    },
    "ra": 29.501216666666668,
    "ra_FRB": 29.503125708333332,
    "redshift": {
        "z": 0.0337,
        "z_FRB": 0.0337,
        "z_spec": 0.0337
    }
}