{
    "FRB": "FRB20180916",
    "cosmo": "Planck18",
    "dec": 65.71474666666667,
    "dec_FRB": 65.71675422222222,
    "derived": {
        "EBV_photom": 0.12000000000047942,
        "EBV_photom_err": 2.4965527214465155e-07,
        "Lnu_r": 2.6549127112243004e+21,
        "Lnu_r_err": 1.3274563556121503e+20,
        "M_r": -19.460125617068393,
        "M_r_err": 0.05428681023790647,
        "Mstar": 2150807243.957849,
        "Mstar_err": 330647885.4821547,
        "SFR_nebular": 0.056232006236752514,
        "SFR_photom": 0.0025570380687979905,
        "SFR_photom_err": 0.00971244278020802,
        "Z_photom": 0.00039352129597312934,
        "Z_photom_err": 4.379418888252133e-05,
        "age_mass": 154.85148781723885,
        "f_AGN": 0.004327549308433153,
        "f_AGN_err": 0.014600948419969667,
        "u-r": 1.5283007538257023,
        "u-r_err": 0.06187590927411147
    },
    "morphology": {
        "PA": 63.76,
        "PA_err": 0.08,
        "b/a": 0.7,
        "b/a_err": 0.0,
        "dec": 65.71482219472851,
        "dec_err": 0.005135184298127717,
        "n": 0.64,
        "n_err": 0.0,
        "ra": 29.501123751074392,
        "ra_err": 0.007702776447191576,
        "reff_ang": 8.648934154121608,
        "reff_ang_err": 0.017973145043447013,
        "reff_kpc": 6.009109277517017,
        "reff_kpc_err": 0.012487387544194484
    },
    "neb_lines": {
        "Halpha": 4.027e-15,
        "Halpha_err": 2.45e-17,
        "Halpha_ref": "Marcote2020",
        "[NII] 6584": 1.5240000000000001e-15,
        "[NII] 6584_err": 2.429e-17,
        "[NII] 6584_ref": "Marcote2020",
        "[OIII] 4959": 5.908e-16,
        "[OIII] 4959_err": 6.219e-17,
        "[OIII] 4959_ref": "Marcote2020",
        "[OIII] 5007": 7.162000000000001e-15,
        "[OIII] 5007_err": 6.018e-17,
        "[OIII] 5007_ref": "Marcote2020"
    },
    "offsets": {
        "ang_avg": 7.760248229369667,
        "ang_avg_err": 0.0225899311120113,
        "ang_best": 7.760227588300796,
        "ang_best_err": 0.02258994054217806,
        "physical": 5.391653441398849,
        "physical_err": 0.015695046218599216
    },
    "photom": {
        "EBV": 0.8687,
        "Pan-STARRS_y": 18.509873104885937,
        "Pan-STARRS_y_err": 0.0731860026717186,
        "Pan-STARRS_y_flux": 0.1432355276795919,
        "Pan-STARRS_y_flux_err": 0.009987892917687743
    },
    "positional_error": {
        "dec_astrometric": 0.0232,
        "dec_source": 0.00108,
        "ra_astrometric": 0.0167,
        "ra_source": 0.0014
    },
    "ra": 29.501216666666668,
    "ra_FRB": 29.503125708333332,
    "redshift": {
        "z": 0.0337,
        "z_FRB": 0.0337,
        "z_spec": 0.0337
    }
}