{
    "FRB": "FRB20180916",
    "cosmo": "Planck18",
    "dec": 65.71474666666667,
    "dec_FRB": 65.71675422222222,
    "morphology": {
        "PA": 63.76,
        "PA_err": 0.08,
        "b/a": 0.7,
        "b/a_err": 0.0,
        "dec": 65.71482219472851,
        "dec_err": 0.005135184298127717,
        "n": 0.64,
        "n_err": 0.0,
        "ra": 29.501123751074392,
        "ra_err": 0.007702776447191576,
        "reff_ang": 8.648934154121608,
        "reff_ang_err": 0.017973145043447013,
        "reff_kpc": 6.009109277517017,
        "reff_kpc_err": 0.012487387544194484
    },
    "offsets": {
        "ang_avg": 7.760248229369667,
        "ang_avg_err": 0.0225899311120113,
        "ang_best": 7.760227588300796,
        "ang_best_err": 0.02258994054217806,
        "physical": 5.391653441398849,
        "physical_err": 0.015695046218599216
    },
    "photom": {
        "EBV": 1.0101,
        "Pan-STARRS_y": 18.33981864480666,
        "Pan-STARRS_y_err": 0.0731860026717186,
        "Pan-STARRS_y_flux": 0.16752226503052878,
        "Pan-STARRS_y_flux_err": 0.011681420605342057,
        "SDSS_g": 17.075671999999997,
        "SDSS_g_err": 0.08271651,
        "SDSS_g_flux": 0.536699504454394,
        "SDSS_g_flux_err": 0.042486152379357434,
        "SDSS_g_ref": "Marcote2020",
        "SDSS_i": 15.933784000000001,
        "SDSS_i_err": 0.02263959,
        "SDSS_i_flux": 1.5363366617691698,
        "SDSS_i_flux_err": 0.03237176789245194,
        "SDSS_i_ref": "Marcote2020",
        "SDSS_r": 16.170141,
        "SDSS_r_err": 0.03178847,
        "SDSS_r_flux": 1.2357869203292875,
        "SDSS_r_flux_err": 0.036716570189002574,
        "SDSS_r_ref": "Marcote2020",
        "SDSS_u": 20.314096,
        "SDSS_u_err": 1.781266,
        "SDSS_u_flux": 0.02718701922420491,
        "SDSS_u_flux_err": 0.11305171857589894,
        "SDSS_u_ref": "Marcote2020",
        "SDSS_z": 15.851336,
        "SDSS_z_err": 0.06344854,
        "SDSS_z_flux": 1.6575460174286705,
        "SDSS_z_flux_err": 0.09975034598134898,
        "SDSS_z_ref": "Marcote2020",
        "WISE_W1": 14.351031622054943,
        "WISE_W1_err": 0.03,
        "WISE_W1_flux": 0.5627352616861421,
        "WISE_W1_flux_err": 0.015765758857678065,
        "WISE_W1_ref": "Marcote2020",
        "WISE_W2": 14.404368247424092,
        "WISE_W2_err": 0.051,
        "WISE_W2_flux": 0.297332920382298,
        "WISE_W2_flux_err": 0.014299760992994565,
        "WISE_W2_ref": "Marcote2020",
        "WISE_W3": 10.555978582885471,
        "WISE_W3_err": 0.079,
        "WISE_W3_flux": 1.8980667407321443,
        "WISE_W3_flux_err": 0.14325508583431776,
        "WISE_W3_ref": "Marcote2020",
        "WISE_W4": 9.077311256257266,
        "WISE_W4_err": 0.522,
        "WISE_W4_flux": 1.9563096368482753,
        "WISE_W4_flux_err": 1.207698518825516,
        "WISE_W4_ref": "Marcote2020"
    },
    "positional_error": {
        "dec_astrometric": 0.0232,
        "dec_source": 0.00108,
        "ra_astrometric": 0.0167,
        "ra_source": 0.0014
    },
    "ra": 29.501216666666668,
    "ra_FRB": 29.503125708333332,
    "redshift": {
        "z": 0.0337,
        "z_FRB": 0.0337,
        "z_spec": 0.0337
    }
}