{
    "FRB": "FRB200906",
    "cosmo": "Planck15",
    "dec": -14.083159,
    "dec_FRB": -14.083183333333332,
    "derived": {
        "AV_nebular": -1.6906383119498987,
        "EBV_photom": 0.3434609102359559,
        "EBV_photom_err": 0.0793363834112312,
        "EBV_spec": 0.0,
        "Lnu_r": 8.642610165440982e+21,
        "Lnu_r_err": 4.321305082720491e+20,
        "M_r": -20.74161231026367,
        "M_r_err": 0.05428681023790647,
        "Mstar": 6921110790.604528,
        "Mstar_err": 1719672666.7433152,
        "Mstar_spec": 9278989857.022484,
        "SFR_nebular": 0.4822678694728451,
        "SFR_photom": 6.5484626823797525,
        "SFR_photom_err": 2.1665855360319335,
        "Z_photom": 0.02555339984889447,
        "Z_photom_err": 0.01943566690111873,
        "Z_spec": -1.2072544579987683,
        "age_mass": 1150.658689514573,
        "f_AGN": 0.1330071640782517,
        "f_AGN_err": 0.06708013407765798,
        "u-r": 1.2451020255863505,
        "u-r_err": 0.13112039287254387
    },
    "neb_lines": {
        "Halpha": 6.492647742208974e-16,
        "Halpha_err": 6.906362377457612e-18,
        "Hbeta": 4.2534815743928664e-16,
        "Hbeta_err": 1.4041374064245365e-17,
        "Hgamma": 9.815070364543318e-17,
        "Hgamma_err": 1.5120686765062233e-17,
        "[NII] 6584": 1.8022237508348238e-16,
        "[NII] 6584_err": 5.9954508106607905e-18,
        "[OIII] 5007": 5.3765512243969e-16,
        "[OIII] 5007_err": 1.663308801585378e-17,
        "[OII] 3726": 5.235685084522747e-16,
        "[OII] 3726_err": 2.3576530059598905e-17,
        "[OII] 3729": 8.822722099864922e-16,
        "[OII] 3729_err": 2.48361367519724e-17
    },
    "offsets": {
        "ang_avg": 1.25421851644361,
        "ang_avg_err": 0.36017170444040486,
        "ang_best": 1.123472392127858,
        "ang_best_err": 0.38316863872594886,
        "physical": 5.916613929787253,
        "physical_err": 2.0179053096709856
    },
    "photom": {
        "EBV": 0.0478,
        "Pan-STARRS_g": 20.928241582316993,
        "Pan-STARRS_g_err": 0.05480099841952324,
        "Pan-STARRS_g_flux": 0.015441993359787215,
        "Pan-STARRS_g_flux_err": 0.000799417794468231,
        "Pan-STARRS_i": 19.889711638140323,
        "Pan-STARRS_i_err": 0.022971000522375107,
        "Pan-STARRS_i_flux": 0.04018975317994886,
        "Pan-STARRS_i_flux_err": 0.0008593562320414446,
        "Pan-STARRS_r": 20.152177781752926,
        "Pan-STARRS_r_err": 0.027069000527262688,
        "Pan-STARRS_r_flux": 0.03155941044120757,
        "Pan-STARRS_r_flux_err": 0.0007967128650225769,
        "Pan-STARRS_y": 19.649987384237253,
        "Pan-STARRS_y_err": 0.08157800137996674,
        "Pan-STARRS_y_flux": 0.0501193050645021,
        "Pan-STARRS_y_flux_err": 0.003910853384127236,
        "Pan-STARRS_z": 19.61556373216261,
        "Pan-STARRS_z_err": 0.031019000336527824,
        "Pan-STARRS_z_flux": 0.051733814489880924,
        "Pan-STARRS_z_flux_err": 0.001499327645693549,
        "VLT_FORS2_I": 19.508030798293422,
        "VLT_FORS2_I_err": 0.02,
        "VLT_FORS2_I_flux": 0.057119931109102094,
        "VLT_FORS2_I_flux_err": 0.001061938804873739,
        "VLT_FORS2_g": 20.53815278574455,
        "VLT_FORS2_g_err": 0.05,
        "VLT_FORS2_g_flux": 0.022117644840769404,
        "VLT_FORS2_g_flux_err": 0.0010423724876509328,
        "WISE_W1": 16.652268497542963,
        "WISE_W1_err": 0.071,
        "WISE_W1_flux": 0.06757862938148108,
        "WISE_W1_flux_err": 0.004566892484870171,
        "WISE_W2": 16.081656299366546,
        "WISE_W2_err": 0.145,
        "WISE_W2_flux": 0.06343482932491831,
        "WISE_W2_flux_err": 0.00906346278161771,
        "WISE_W3": 12.415004660973583,
        "WISE_W3_err": 0.493,
        "WISE_W3_flux": 0.3425319192704299,
        "WISE_W3_flux_err": 0.19685579222792637,
        "WISE_W4": 9.013494173766588,
        "WISE_W4_err": -999.0,
        "WISE_W4_flux": 2.0747435698693546,
        "WISE_W4_flux_err": -99.0
    },
    "ra": 53.4958459,
    "ra_FRB": 53.49616666666666,
    "redshift": {
        "z": 0.3688,
        "z_FRB": 0.3688,
        "z_spec": 0.3688
    }
}
