{
    "FRB": "FRB200906",
    "cosmo": "Planck15",
    "dec": -14.08313553,
    "dec_FRB": -14.083194444444445,
    "derived": {
        "AV_nebular": -1.6906383119498993,
        "EBV_photom": 0.311807619904016,
        "EBV_photom_err": 0.07065611200474024,
        "EBV_spec": 0.0,
        "Lnu_r": 9.117759155194414e+21,
        "Lnu_r_err": 4.558879577597207e+20,
        "M_r": -20.799720290417348,
        "M_r_err": 0.05428681023790647,
        "Mstar": 6426504647.417761,
        "Mstar_err": 1532319241.6086142,
        "Mstar_spec": 9278989857.022484,
        "SFR_nebular": 0.48226786947284506,
        "SFR_photom": 6.517812793890694,
        "SFR_photom_err": 1.5094495694122938,
        "Z_photom": 0.029311698369955893,
        "Z_photom_err": 0.02034126004489063,
        "Z_spec": -1.2072544579987683,
        "age_mass": 493.64304952960146,
        "f_AGN": 0.15459373292515005,
        "f_AGN_err": 0.06373275152770976,
        "u-r": 1.1360652571069922,
        "u-r_err": 0.1057625735361275
    },
    "neb_lines": {
        "Halpha": 6.492647742208974e-16,
        "Halpha_err": 6.906362377457612e-18,
        "Hbeta": 4.2534815743928664e-16,
        "Hbeta_err": 1.4041374064245365e-17,
        "Hgamma": 9.815070364543318e-17,
        "Hgamma_err": 1.5120686765062233e-17,
        "[NII] 6584": 1.8022237508348238e-16,
        "[NII] 6584_err": 5.9954508106607905e-18,
        "[OIII] 5007": 5.3765512243969e-16,
        "[OIII] 5007_err": 1.663308801585378e-17,
        "[OII] 3726": 5.235685084522747e-16,
        "[OII] 3726_err": 2.3576530059598905e-17,
        "[OII] 3729": 8.822722099864922e-16,
        "[OII] 3729_err": 2.48361367519724e-17
    },
    "offsets": {
        "ang_avg": 1.3777673722068835,
        "ang_avg_err": 0.35564321388685627,
        "ang_best": 1.2668836541617023,
        "ang_best_err": 0.37252824659520206,
        "physical": 6.6718697567958145,
        "physical_err": 1.9618691375849604
    },
    "photom": {
        "EBV": 0.0478,
        "Pan-STARRS_g": 21.639541478557227,
        "Pan-STARRS_g_err": 0.05603000149130821,
        "Pan-STARRS_g_flux": 0.008020166841040082,
        "Pan-STARRS_g_flux_err": 0.0004247505081680391,
        "Pan-STARRS_i": 20.71921183650458,
        "Pan-STARRS_i_err": 0.020235000178217888,
        "Pan-STARRS_i_flux": 0.018720405844773795,
        "Pan-STARRS_i_flux_err": 0.0003521660106472216,
        "Pan-STARRS_r": 20.675376863173824,
        "Pan-STARRS_r_err": 0.025085000321269035,
        "Pan-STARRS_r_flux": 0.01949167893105679,
        "Pan-STARRS_r_flux_err": 0.00045558110061747636,
        "Pan-STARRS_y": 20.39028660909077,
        "Pan-STARRS_y_err": 0.08383599668741226,
        "Pan-STARRS_y_flux": 0.02534459470560264,
        "Pan-STARRS_y_flux_err": 0.0020345419434749327,
        "Pan-STARRS_z": 20.360562664047375,
        "Pan-STARRS_z_err": 0.02930700033903122,
        "Pan-STARRS_z_flux": 0.026048032715848726,
        "Pan-STARRS_z_flux_err": 0.0007126832677747531,
        "VLT_FORS2_I": 19.528030798293422,
        "VLT_FORS2_I_err": 0.02,
        "VLT_FORS2_I_flux": 0.05607737487180431,
        "VLT_FORS2_I_flux_err": 0.0010425562372978958,
        "VLT_FORS2_g": 20.49815278574455,
        "VLT_FORS2_g_err": 0.06,
        "VLT_FORS2_g_flux": 0.022947685013268916,
        "VLT_FORS2_g_flux_err": 0.001303830304673539,
        "WISE_W1": 16.652268497542963,
        "WISE_W1_err": 0.071,
        "WISE_W1_flux": 0.06757862938148108,
        "WISE_W1_flux_err": 0.004566892484870171,
        "WISE_W2": 16.081656299366546,
        "WISE_W2_err": 0.145,
        "WISE_W2_flux": 0.06343482932491831,
        "WISE_W2_flux_err": 0.00906346278161771,
        "WISE_W3": 12.415004660973583,
        "WISE_W3_err": 0.493,
        "WISE_W3_flux": 0.3425319192704299,
        "WISE_W3_flux_err": 0.19685579222792637,
        "WISE_W4": 9.013494173766588,
        "WISE_W4_err": -999.0,
        "WISE_W4_flux": 2.0747435698693546,
        "WISE_W4_flux_err": -99.0
    },
    "ra": 53.49580897,
    "ra_FRB": 53.49616666666666,
    "redshift": {
        "z": 0.3688,
        "z_FRB": 0.3688,
        "z_spec": 0.3688
    }
}