{
    "FRB": "FRB200906",
    "cosmo": "Planck15",
    "dec": -14.08313553,
    "dec_FRB": -14.08313553,
    "derived": {
        "EBV_photom": 0.3434609102359559,
        "EBV_photom_err": 0.0793363834112312,
        "Lnu_r": 8.642610165440982e+21,
        "Lnu_r_err": 4.321305082720491e+20,
        "M_r": -20.74161231026367,
        "M_r_err": 0.05428681023790647,
        "Mstar": 6921110790.604528,
        "Mstar_err": 1719672666.7433152,
        "SFR_photom": 6.5484626823797525,
        "SFR_photom_err": 2.1665855360319335,
        "Z_photom": 0.02555339984889447,
        "Z_photom_err": 0.01943566690111873,
        "age_mass": 1150.658689514573,
        "f_AGN": 0.1330071640782517,
        "f_AGN_err": 0.06708013407765798,
        "u-r": 1.2451020255863505,
        "u-r_err": 0.13112039287254387
    },
    "offsets": {
        "ang_avg": 1.7724474030097421,
        "ang_avg_err": 0.9264833759999018,
        "ang_best": 0.0,
        "ang_best_err": 1.9999853105560947,
        "physical": 0.0,
        "physical_err": 10.532469073359183
    },
    "photom": {
        "EBV": 0.0478,
        "Pan-STARRS_g": 21.639541478557227,
        "Pan-STARRS_g_err": 0.05603000149130821,
        "Pan-STARRS_i": 20.71921183650458,
        "Pan-STARRS_i_err": 0.020235000178217888,
        "Pan-STARRS_r": 20.675376863173824,
        "Pan-STARRS_r_err": 0.025085000321269035,
        "Pan-STARRS_y": 20.39028660909077,
        "Pan-STARRS_y_err": 0.08383599668741226,
        "Pan-STARRS_z": 20.360562664047375,
        "Pan-STARRS_z_err": 0.02930700033903122,
        "WISE_W1": 16.652268497542963,
        "WISE_W1_err": 0.071,
        "WISE_W2": 16.081656299366546,
        "WISE_W2_err": 0.145,
        "WISE_W3": 12.415004660973583,
        "WISE_W3_err": 0.493,
        "WISE_W4": 9.013494173766588,
        "WISE_W4_err": -999.0
    },
    "ra": 53.49580897,
    "ra_FRB": 53.49580897,
    "redshift": {
        "z": 0.36879,
        "z_FRB": 0.36879,
        "z_spec": 0.36879
    }
}