{
    "FRB": "FRB20201124",
    "cosmo": "Planck18",
    "dec": 26.060536111111112,
    "dec_FRB": 26.060695555555558,
    "offsets": {
        "ang_avg": 0.7075477745911452,
        "ang_avg_err": 0.003999938665983752,
        "ang_best": 0.7075364678292382,
        "ang_best_err": 0.003999954646554974,
        "physical": 1.3237946605484718,
        "physical_err": 0.007483880823544328
    },
    "photom": {
        "2MASS_H": 16.741115635903952,
        "2MASS_H_err": 0.123,
        "2MASS_H_flux": 0.7303881860768265,
        "2MASS_H_flux_err": 0.08761263562822436,
        "2MASS_H_ref": "Fong2021",
        "2MASS_J": 16.886321704519645,
        "2MASS_J_err": 0.119,
        "2MASS_J_flux": 0.638956529398826,
        "2MASS_J_flux_err": 0.07401356299309869,
        "2MASS_J_ref": "Fong2021",
        "2MASS_K": 16.678941291270963,
        "2MASS_K_err": 0.115,
        "2MASS_K_flux": 0.7734343884723512,
        "2MASS_K_flux_err": 0.08641716016299701,
        "2MASS_K_ref": "Fong2021",
        "EBV": 0.7315,
        "Pan-STARRS_g": 17.979498092179877,
        "Pan-STARRS_g_err": 0.028522999957203865,
        "Pan-STARRS_g_flux": 0.2334536978401382,
        "Pan-STARRS_g_flux_err": 0.006214250089979062,
        "Pan-STARRS_i": 17.331062618460653,
        "Pan-STARRS_i_err": 0.013850999996066093,
        "Pan-STARRS_i_flux": 0.4242041832048734,
        "Pan-STARRS_i_flux_err": 0.005446341899049938,
        "Pan-STARRS_r": 17.614833731417562,
        "Pan-STARRS_r_err": 0.01395499985665083,
        "Pan-STARRS_r_flux": 0.32663784505246135,
        "Pan-STARRS_r_flux_err": 0.004225382287855864,
        "Pan-STARRS_y": 17.21327655385607,
        "Pan-STARRS_y_err": 0.0250410009175539,
        "Pan-STARRS_y_flux": 0.4728129605693817,
        "Pan-STARRS_y_flux_err": 0.011031499830573702,
        "Pan-STARRS_z": 17.16905221619984,
        "Pan-STARRS_z_err": 0.015918999910354614,
        "Pan-STARRS_z_flux": 0.4924692382926244,
        "Pan-STARRS_z_flux_err": 0.007273748123634368,
        "SDSS_g": 17.971173999999998,
        "SDSS_g_err": 0.03443199,
        "SDSS_g_flux": 0.23525041286852755,
        "SDSS_g_flux_err": 0.007580062643036347,
        "SDSS_i": 17.347075999999998,
        "SDSS_i_err": 0.01437587,
        "SDSS_i_flux": 0.4179935634792576,
        "SDSS_i_flux_err": 0.005571315559055956,
        "SDSS_r": 17.832598,
        "SDSS_r_err": 0.02020506,
        "SDSS_r_flux": 0.26727651153083265,
        "SDSS_r_flux_err": 0.005020464465622288,
        "SDSS_u": 19.278593,
        "SDSS_u_err": 0.4561244,
        "SDSS_u_flux": 0.07056068598108156,
        "SDSS_u_flux_err": 0.036841359914640014,
        "SDSS_z": 17.2341743,
        "SDSS_z_err": 0.0330281,
        "SDSS_z_flux": 0.463799498060726,
        "SDSS_z_flux_err": 0.014325569972572455,
        "WISE_W1": 14.293364524841309,
        "WISE_W1_err": 0.02500000037252903,
        "WISE_W1_flux": 0.5934321880340576,
        "WISE_W1_flux_err": 0.013822825625538826,
        "WISE_W2": 14.10284423828125,
        "WISE_W2_err": 0.10499999672174454,
        "WISE_W2_flux": 0.392511785030365,
        "WISE_W2_flux_err": 0.03985535353422165,
        "WISE_W3": 9.762773513793945,
        "WISE_W3_err": 0.08500000089406967,
        "WISE_W3_flux": 3.940882682800293,
        "WISE_W3_flux_err": 0.3209218978881836,
        "WISE_W4": 7.866259574890137,
        "WISE_W4_err": 0.328000009059906,
        "WISE_W4_flux": 5.968403339385986,
        "WISE_W4_flux_err": 2.1050281524658203
    },
    "ra": 77.0144875,
    "ra_FRB": 77.01461541666666,
    "redshift": {
        "z": 0.0979,
        "z_FRB": 0.0979,
        "z_spec": 0.0979
    }
}