{
    "FRB": "FRB20201124",
    "cosmo": "Planck18",
    "dec": 26.060536111111112,
    "dec_FRB": 26.060695555555558,
    "offsets": {
        "ang_avg": 0.7075477745911452,
        "ang_avg_err": 0.003999938665983752,
        "ang_best": 0.7075364678292382,
        "ang_best_err": 0.003999954646554974,
        "physical": 1.3237946605484718,
        "physical_err": 0.007483880823544328
    },
    "photom": {
        "2MASS_H": 16.787248430757263,
        "2MASS_H_err": 0.123,
        "2MASS_H_flux": 0.700004161667756,
        "2MASS_H_flux_err": 0.08396796487612794,
        "2MASS_H_ref": "Fong2021",
        "2MASS_J": 16.964220283354937,
        "2MASS_J_err": 0.119,
        "2MASS_J_flux": 0.5947190923676133,
        "2MASS_J_flux_err": 0.06888931716147151,
        "2MASS_J_ref": "Fong2021",
        "2MASS_K": 16.706793871061087,
        "2MASS_K_err": 0.115,
        "2MASS_K_flux": 0.7538456721357367,
        "2MASS_K_flux_err": 0.08422847905147796,
        "2MASS_K_ref": "Fong2021",
        "EBV": 0.6291,
        "Pan-STARRS_g": 18.34599075448032,
        "Pan-STARRS_g_err": 0.028522999957203865,
        "Pan-STARRS_g_flux": 0.16657264905155555,
        "Pan-STARRS_g_flux_err": 0.004433958891777762,
        "Pan-STARRS_i": 17.523159840510743,
        "Pan-STARRS_i_err": 0.013850999996066093,
        "Pan-STARRS_i_flux": 0.3554152497592112,
        "Pan-STARRS_i_flux_err": 0.0045631633137149415,
        "Pan-STARRS_r": 17.878931759070106,
        "Pan-STARRS_r_err": 0.01395499985665083,
        "Pan-STARRS_r_flux": 0.25611044495507895,
        "Pan-STARRS_r_flux_err": 0.0033130408929628727,
        "Pan-STARRS_y": 17.336567004070787,
        "Pan-STARRS_y_err": 0.0250410009175539,
        "Pan-STARRS_y_flux": 0.42205902628955244,
        "Pan-STARRS_y_flux_err": 0.009847327516991945,
        "Pan-STARRS_z": 17.31853908094357,
        "Pan-STARRS_z_err": 0.015918999910354614,
        "Pan-STARRS_z_flux": 0.42912553899038675,
        "Pan-STARRS_z_flux_err": 0.006338164582333183,
        "SDSS_g": 17.971173999999998,
        "SDSS_g_err": 0.03443199,
        "SDSS_g_flux": 0.23525041286852755,
        "SDSS_g_flux_err": 0.007580062643036347,
        "SDSS_i": 17.347075999999998,
        "SDSS_i_err": 0.01437587,
        "SDSS_i_flux": 0.4179935634792576,
        "SDSS_i_flux_err": 0.005571315559055956,
        "SDSS_r": 17.832598,
        "SDSS_r_err": 0.02020506,
        "SDSS_r_flux": 0.26727651153083265,
        "SDSS_r_flux_err": 0.005020464465622288,
        "SDSS_u": 19.278593,
        "SDSS_u_err": 0.4561244,
        "SDSS_u_flux": 0.07056068598108156,
        "SDSS_u_flux_err": 0.036841359914640014,
        "SDSS_z": 17.2341743,
        "SDSS_z_err": 0.0330281,
        "SDSS_z_flux": 0.463799498060726,
        "SDSS_z_flux_err": 0.014325569972572455,
        "WISE_W1": 14.305623054504395,
        "WISE_W1_err": 0.02500000037252903,
        "WISE_W1_flux": 0.5867698192596436,
        "WISE_W1_flux_err": 0.013667641207575798,
        "WISE_W2": 14.110003471374512,
        "WISE_W2_err": 0.10499999672174454,
        "WISE_W2_flux": 0.38993194699287415,
        "WISE_W2_flux_err": 0.039593398571014404,
        "WISE_W3": 9.764904975891113,
        "WISE_W3_err": 0.08500000089406967,
        "WISE_W3_flux": 3.9331536293029785,
        "WISE_W3_flux_err": 0.32029247283935547,
        "WISE_W4": 7.867342948913574,
        "WISE_W4_err": 0.328000009059906,
        "WISE_W4_flux": 5.9624528884887695,
        "WISE_W4_flux_err": 2.1029293537139893
    },
    "ra": 77.0144875,
    "ra_FRB": 77.01461541666666,
    "redshift": {
        "z": 0.0979,
        "z_FRB": 0.0979,
        "z_spec": 0.0979
    }
}