{
    "FRB": "FRB20190102C",
    "cosmo": "Planck18",
    "dec": -79.4757,
    "dec_FRB": -79.47569444,
    "derived": {
        "AV_nebular": 0.09427130033655942,
        "AV_old": 0.2,
        "AV_old_loerr": 0.13,
        "AV_old_ref": "Gordon2023",
        "AV_old_uperr": 0.18,
        "AV_young": 1.09,
        "AV_young_loerr": 0.29,
        "AV_young_ref": "Gordon2023",
        "AV_young_uperr": 0.29,
        "EBV_photom": 0.2749057999180598,
        "EBV_photom_err": 0.17043260786874093,
        "EBV_spec": 0.6094787256151387,
        "IR_SB": 0.0111033416908065,
        "IR_SB_err": 0.000106535390105,
        "IR_SB_ref": "Mannings2021",
        "IR_global": 20.55,
        "IR_global_err": 0.006,
        "IR_global_ref": "Mannings2021",
        "IRfe": 0.2485859734984625,
        "IRfe_err": 0.1642900716547143,
        "IRfe_ref": "Mannings2021",
        "IRff": 0.385282126801475,
        "IRff_err": 0.2467168762602379,
        "IRff_ref": "Mannings2021",
        "Lnu_r": 3.8810223905041374e+21,
        "Lnu_r_err": 2.159552516330269e+20,
        "M_r": -19.872365370728126,
        "M_r_err": 0.06041460515129164,
        "Mstar": 4897788194.0,
        "Mstar_loerr": 1095894230.0,
        "Mstar_ref": "Gordon2023",
        "Mstar_spec": 5104978902.866098,
        "Mstar_uperr": 1127807667.0,
        "Mtotal": 7943282347.0,
        "Mtotal_loerr": 1917686486.0,
        "Mtotal_ref": "Gordon2023",
        "Mtotal_uperr": 1829089862.0,
        "SFR_SED": 0.4,
        "SFR_SED_loerr": 0.11,
        "SFR_SED_ref": "Gordon2023",
        "SFR_SED_uperr": 0.31,
        "SFR_nebular": 0.8633825801593109,
        "SFR_photom": 1.4339039114168322,
        "SFR_photom_err": 1.806074997570883,
        "SMStar": 9301557.977717118,
        "SMStar_err": 210999.5126009526,
        "SMStar_ref": "Mannings2021",
        "SSFR": 0.0158064121566383,
        "SSFR_err": NaN,
        "SSFR_ref": "Mannings2021",
        "UV_SB": 0.0025759378211431,
        "UV_SB_err": NaN,
        "UV_SB_ref": "Mannings2021",
        "UV_global": 27.2,
        "UV_global_err": NaN,
        "UV_global_ref": "Mannings2021",
        "UVff": 0.357010874666116,
        "UVff_err": 0.2909736813462058,
        "UVff_ref": "Mannings2021",
        "Z_gas": 0.3090295433,
        "Z_gas_loerr": 0.2135302846,
        "Z_gas_ref": "Gordon2023",
        "Z_gas_uperr": 1.553057593,
        "Z_photom": 0.007529382331480944,
        "Z_photom_err": 0.013913477541271396,
        "Z_spec": -0.7091252559036231,
        "Z_stellar": 0.07079457844,
        "Z_stellar_loerr": 0.04195426341,
        "Z_stellar_ref": "Gordon2023",
        "Z_stellar_uperr": 0.09516411231,
        "age_mass": 4.76,
        "age_mass_loerr": 1.47,
        "age_mass_ref": "Gordon2023",
        "age_mass_uperr": 1.02,
        "agn_tau": -999.0,
        "agn_tau_loerr": -999.0,
        "agn_tau_ref": "Gordon2023",
        "agn_tau_uperr": -999.0,
        "f_AGN": -999.0,
        "f_AGN_loerr": -999.0,
        "f_AGN_ref": "Gordon2023",
        "f_AGN_uperr": -999.0,
        "lg_sSFR": -9.82,
        "lg_sSFR_loerr": 0.33,
        "lg_sSFR_ref": "Gordon2023",
        "lg_sSFR_uperr": 0.3,
        "reff_iso": 1.0824655536801049,
        "reff_iso_err": 0.0754470227621337,
        "reff_iso_ref": "Mannings2021",
        "u-r": 1.4414247783997614,
        "u-r_err": 0.15382267077152761,
        "z_SED": 0.2909,
        "z_SED_loerr": 0.0,
        "z_SED_ref": "Gordon2023",
        "z_SED_uperr": 0.0
    },
    "morphology": {
        "PA": 9.37,
        "PA_err": 1.72,
        "b/a": 0.62,
        "b/a_err": 0.02,
        "dec": -79.47570760821041,
        "dec_err": 0.023752956768158074,
        "n": 0.38,
        "n_err": 0.03,
        "ra": 322.41499479654254,
        "ra_err": 0.017333238722709945,
        "reff_ang": 1.1118951654716158,
        "reff_ang_err": 0.03402450564087508,
        "reff_kpc": 5.006754754301858,
        "reff_kpc_err": 0.15320900807043794
    },
    "neb_lines": {
        "Halpha": 5.655757627032969e-16,
        "Halpha_err": 1.6781747091141434e-17,
        "Hbeta": 1.9024753210906382e-16,
        "Hbeta_err": 1.7485149666906062e-17,
        "Hgamma": 1.0730660091756928e-16,
        "Hgamma_err": 2.017538231040787e-17,
        "[NII] 6584": 1.6863897601231456e-16,
        "[NII] 6584_err": 1.87477577034731e-17,
        "[OIII] 5007": 3.7954865779378286e-16,
        "[OIII] 5007_err": 2.6595122418963888e-17,
        "[OII] 3726": 3.2014276314441683e-16,
        "[OII] 3726_err": 2.805009113047901e-17,
        "[OII] 3729": 4.209401699199515e-16,
        "[OII] 3729_err": 2.971751917243715e-17
    },
    "offsets": {
        "ang_avg": 1.2014757249155366,
        "ang_avg_err": 0.6194409995264749,
        "ang_best": 0.5018025828202526,
        "ang_best_err": 0.9344782810016755,
        "physical": 2.259567758971777,
        "physical_err": 4.207863943911
    },
    "photom": {
        "DELVE_g": 22.09720818605935,
        "DELVE_g_err": 0.075492,
        "DELVE_g_flux": 0.005261586564403802,
        "DELVE_g_flux_err": 0.001725176959239419,
        "DELVE_i": 21.078369469235817,
        "DELVE_i_err": 0.045101,
        "DELVE_i_flux": 0.0134478298836814,
        "DELVE_i_flux_err": 0.0004263567044996031,
        "DELVE_r": 21.394350432825977,
        "DELVE_r_err": 0.049831,
        "DELVE_r_flux": 0.010052169918810278,
        "DELVE_r_flux_err": 0.0002471134131570837,
        "DELVE_z": 20.862162431654077,
        "DELVE_z_err": 0.106721,
        "DELVE_z_flux": 20.862162431654077,
        "DELVE_z_flux_err": 0.0013889825571555,
        "EBV": 0.1927,
        "VLT_FORS2_I": 20.76995024195376,
        "VLT_FORS2_I_err": 0.05,
        "VLT_FORS2_I_flux": 0.017865694259349023,
        "VLT_FORS2_I_flux_err": 0.0008419842303644117,
        "VLT_FORS2_I_ref": "Gordon2023",
        "VLT_FORS2_g": 21.86896533382052,
        "VLT_FORS2_g_err": 0.1,
        "VLT_FORS2_g_flux": 0.006492528441022668,
        "VLT_FORS2_g_flux_err": 0.0006263874323981926,
        "VLT_FORS2_g_ref": "Gordon2023",
        "VLT_FORS2_u": 22.774678443254338,
        "VLT_FORS2_u_err": 0.2,
        "VLT_FORS2_u_flux": 0.002819217723399951,
        "VLT_FORS2_u_flux_err": 0.0005702274788868812,
        "VLT_FORS2_u_ref": "Gordon2023",
        "VLT_FORS2_z": 20.544227323149684,
        "VLT_FORS2_z_err": 0.2,
        "VLT_FORS2_z_flux": 0.021994245332346236,
        "VLT_FORS2_z_flux_err": 0.004448653596983685,
        "VLT_FORS2_z_ref": "Gordon2023",
        "WFC3_F160W": 20.45132209076566,
        "WFC3_F160W_err": 0.006,
        "WFC3_F160W_flux": 0.023959136289941358,
        "WFC3_F160W_flux_err": 8.067550994492953e-07,
        "WFC3_F160W_ref": "Gordon2023",
        "WFC3_F300X": 25.992214395230807,
        "WFC3_F300X_flux": 0.00014558419728209656,
        "WFC3_F300X_ref": "Gordon2023"
    },
    "positional_error": {
        "dec_astrometric": 0.0656,
        "dec_source": 0.0039,
        "ra_astrometric": 0.0394,
        "ra_source": 0.0137
    },
    "ra": 322.41490416666664,
    "ra_FRB": 322.4156667,
    "redshift": {
        "z": 0.29117,
        "z_FRB": 0.29117,
        "z_spec": 0.29117
    }
}