{
    "FRB": "FRB20231230A",
    "cosmo": "Planck18",
    "dec": 2.368061111111111,
    "dec_FRB": 2.393975,
    "offsets": {
        "ang_avg": 119.00346108978782,
        "ang_avg_err": 78.18151699721317,
        "ang_best": 98.15646359731055,
        "ang_best_err": 80.91320599529406,
        "physical": 60.589506466603744,
        "physical_err": 49.94567895190386
    },
    "photom": {
        "DECaL_g": 20.72141856630327,
        "DECaL_g_err": 0.017026826625514514,
        "DECaL_g_flux": 0.018682395760886643,
        "DECaL_g_flux_err": 0.00029298268969553984,
        "DECaL_r": 19.88880926382602,
        "DECaL_r_err": 0.008888822322185215,
        "DECaL_r_flux": 0.04022316946994752,
        "DECaL_r_flux_err": 0.0003293033842720177,
        "DECaL_z": 19.2496380555858,
        "DECaL_z_err": 0.006505798970819795,
        "DECaL_z_flux": 0.0724677491047872,
        "DECaL_z_flux_err": 0.00043423126674547937,
        "DELVE_g": 15.102484153915244,
        "DELVE_g_err": 0.00288,
        "DELVE_g_flux": 3.303743584034578,
        "DELVE_g_flux_err": 0.008763437638278998,
        "DELVE_i": 14.344228194731812,
        "DELVE_i_err": 0.001309,
        "DELVE_i_flux": 6.6421505710025865,
        "DELVE_i_flux_err": 0.008007999603715238,
        "DELVE_r": 14.564852106758059,
        "DELVE_r_err": 0.001851,
        "DELVE_r_flux": 5.420747168023075,
        "DELVE_r_flux_err": 0.009241474092913713,
        "DELVE_z": 14.183228397906086,
        "DELVE_z_err": 0.002125,
        "DELVE_z_flux": 7.7038644923602755,
        "DELVE_z_flux_err": 0.015077983007771675,
        "EBV": 0.0544,
        "Pan-STARRS_g": 15.432601865375961,
        "Pan-STARRS_g_err": 0.0027000000700354576,
        "Pan-STARRS_g_flux": 2.4375820780577486,
        "Pan-STARRS_g_flux_err": 0.006061759525592367,
        "Pan-STARRS_i": 14.65467896204187,
        "Pan-STARRS_i_err": 0.0015259999781847,
        "Pan-STARRS_i_flux": 4.990320163157272,
        "Pan-STARRS_i_flux_err": 0.007013884612799772,
        "Pan-STARRS_r": 15.004930882223034,
        "Pan-STARRS_r_err": 0.002124000107869506,
        "Pan-STARRS_r_flux": 3.614328659121292,
        "Pan-STARRS_r_flux_err": 0.007070625837295025,
        "Pan-STARRS_y": 14.299236030216425,
        "Pan-STARRS_y_err": 0.005231000017374754,
        "Pan-STARRS_y_flux": 6.923179345789518,
        "Pan-STARRS_y_flux_err": 0.033355386989403366,
        "Pan-STARRS_z": 14.538566055532641,
        "Pan-STARRS_z_err": 0.003594999900087714,
        "Pan-STARRS_z_flux": 5.5535869023281474,
        "Pan-STARRS_z_flux_err": 0.018388577512201302,
        "WISE_W1": 15.64106273651123,
        "WISE_W1_err": 0.010999999940395355,
        "WISE_W1_flux": 2.0117549896240234,
        "WISE_W1_flux_err": 0.02038184367120266,
        "WISE_W2": 16.196308135986328,
        "WISE_W2_err": 0.02500000037252903,
        "WISE_W2_flux": 1.2063595056533813,
        "WISE_W2_flux_err": 0.027777453884482384,
        "WISE_W3": 14.781192779541016,
        "WISE_W3_err": 0.041999999433755875,
        "WISE_W3_flux": 4.441431522369385,
        "WISE_W3_flux_err": 0.17180980741977692,
        "WISE_W4": 14.058671951293945,
        "WISE_W4_err": 0.289000004529953,
        "WISE_W4_flux": 8.640345573425293,
        "WISE_W4_flux_err": 2.299877166748047
    },
    "ra": 72.789125,
    "ra_FRB": 72.797611,
    "redshift": {
        "z": 0.0298,
        "z_FRB": 0.0298,
        "z_spec": 0.0298
    }
}